step,reward,scaled_training_reward,agent_decisions,shield_interventions,shield_rate,expert_agreements,expert_agreement_rate,system_total_running,system_total_backlogged,system_total_stopped,system_total_arrived,system_total_departed,system_total_teleported,system_total_waiting_time,system_mean_waiting_time,system_mean_speed,1_stopped,1_accumulated_waiting_time,1_average_speed,2_stopped,2_accumulated_waiting_time,2_average_speed,5_stopped,5_accumulated_waiting_time,5_average_speed,6_stopped,6_accumulated_waiting_time,6_average_speed,agents_total_stopped,agents_total_accumulated_waiting_time
5.0,0.0,0.0,4,0,0.0,4,1.0,1,0,0,0,1,0,0.0,0.0,13.538983114235789,0,0.0,1.0,0,0.0,1.0,0,0.0,0.9919894218608825,0,0.0,1.0,0,0.0
10.0,0.0,0.0,8,0,0.0,8,1.0,3,0,0,0,3,0,0.0,0.0,13.791286959195126,0,0.0,1.0,0,0.0,0.982440867288052,0,0.0,0.9903929643524998,0,0.0,1.0,0,0.0
15.0,0.0,0.0,12,0,0.0,12,1.0,4,0,0,0,4,0,0.0,0.0,10.929301658180698,0,0.0,1.0,0,0.0,0.9250024774566181,0,0.0,0.5897775466251517,0,0.0,1.0,0,0.0
20.0,-0.25,-0.05,16,0,0.0,16,1.0,5,0,1,0,5,0,3.0,0.6,8.466962093062008,0,0.0,0.9998679523689622,0,0.0,0.9693061184620516,1,3.0,0.012974060594307057,0,0.0,0.9135188315652604,1,3.0
25.0,0.0,-0.05,20,0,0.0,20,1.0,7,0,0,0,7,0,0.0,0.0,11.008238188237902,0,0.0,0.9581630566694352,0,0.0,0.9157160435812483,0,3.0,0.26970363840956757,0,0.0,0.9221330352828279,0,3.0
30.0,0.0,-0.05,24,0,0.0,24,1.0,9,0,0,0,9,0,0.0,0.0,13.500783961669262,0,0.0,0.9656281378416374,0,0.0,0.9183025034489308,0,0.0,1.0,0,2.0,0.9482923064193525,0,2.0
35.0,0.0,-0.05,28,0,0.0,28,1.0,10,0,0,0,10,0,0.0,0.0,13.159647679376942,0,0.0,0.9260438904325752,0,0.0,1.0,0,0.0,0.9283029590664116,0,2.0,0.9456978475103065,0,2.0
40.0,-0.5,-0.15000000000000002,32,0,0.0,32,1.0,12,0,2,1,13,0,2.0,0.16666666666666666,9.311230195282564,1,1.0,0.618431293290341,0,0.0,0.9779260946818841,0,0.0,0.9246919616557988,1,3.0,0.35276233874384383,2,4.0
45.0,-0.25,-0.19999999999999998,36,0,0.0,36,1.0,12,0,1,2,14,0,2.0,0.16666666666666666,6.239944020236602,0,0.0,0.3900388365271865,0,0.0,0.9170203610600924,1,2.0,0.6080576311616432,0,3.0,0.2740168481363119,1,5.0
50.0,-0.75,-0.35,40,0,0.0,40,1.0,12,0,3,2,14,0,12.0,1.0,8.737612291153898,0,0.0,0.7055657015195209,0,2.0,0.9670527483652465,2,8.0,0.3040300644206317,1,4.0,0.4577813249734196,3,14.0
55.0,-0.5,-0.44999999999999996,44,0,0.0,44,1.0,13,0,2,2,15,0,5.0,0.38461538461538464,8.108798186086084,1,4.0,0.48443592491891474,0,2.0,0.8008122148741724,1,5.0,0.115694453221299,0,0.0,0.9828655976064137,2,11.0
60.0,-1.0,-0.65,48,0,0.0,48,1.0,13,0,4,4,17,0,19.0,1.4615384615384615,7.9280766210644,2,11.0,0.47812106492584305,1,4.0,0.49842466996773876,1,6.0,0.0,0,0.0,0.9246562679086255,4,21.0
65.0,-0.75,-0.8,52,0,0.0,52,1.0,15,0,3,4,19,0,23.0,1.5333333333333334,7.731091725308498,3,23.0,0.2475144834664819,0,0.0,0.5749119619160474,0,0.0,0.9631083856603344,0,0.0,1.0,3,23.0
70.0,-0.25,-0.8500000000000002,56,0,0.0,56,1.0,15,0,1,7,22,0,12.0,0.8,9.951466041249203,1,17.0,0.4729487137665774,0,0.0,0.8919684076232027,0,0.0,0.9824059612056324,0,2.0,0.9170678544286303,1,19.0
75.0,-0.75,-1.0000000000000002,60,0,0.0,60,1.0,16,0,3,8,24,0,23.0,1.4375,9.784953371837691,2,20.0,0.5818781738622031,1,5.0,0.62774554890539,0,0.0,1.0,0,2.0,0.9208363277892782,3,27.0
80.0,0.0,-1.0000000000000002,64,0,0.0,64,1.0,16,0,0,9,25,0,0.0,0.0,7.936260684406726,0,7.0,0.45959043666636273,0,5.0,0.6801969577313258,0,0.0,1.0,0,2.0,0.5041930301672224,0,14.0
85.0,-0.75,-1.1500000000000001,68,0,0.0,68,1.0,16,0,3,11,27,0,9.0,0.5625,7.823925734518043,2,4.0,0.47272949579998824,0,2.0,0.32932185348499826,0,2.0,0.9231709063095693,1,9.0,0.5767863038723319,3,17.0
90.0,-0.5,-1.2500000000000004,72,0,0.0,72,1.0,17,0,2,11,28,0,9.0,0.5294117647058824,8.1937295630723,0,4.0,0.5209103425338529,2,11.0,0.00018119251188178343,0,2.0,0.9372934439275316,0,4.0,0.7525947414344897,2,21.0
95.0,-0.5,-1.3500000000000005,76,0,0.0,76,1.0,18,0,2,11,29,0,4.0,0.2222222222222222,7.743359032780778,0,0.0,0.6184310351485522,0,9.0,0.7656493405626318,1,4.0,0.21354762899035507,1,4.0,0.4693254341364824,2,17.0
100.0,-0.75,-1.5000000000000004,80,0,0.0,80,1.0,21,0,3,11,32,0,11.0,0.5238095238095238,8.037938206830857,2,7.0,0.3334271859543039,0,2.0,0.957104700216248,1,5.0,0.35160837554617236,0,2.0,0.13933734953192925,3,16.0
105.0,-0.75,-1.6500000000000004,84,0,0.0,84,1.0,22,0,3,13,35,0,26.0,1.1818181818181819,10.692592649677023,2,17.0,0.4827374468339356,0,0.0,0.758049388310352,1,9.0,0.7098343966819533,0,0.0,0.6770338640208888,3,26.0
110.0,-0.75,-1.8000000000000003,88,0,0.0,88,1.0,22,0,3,15,37,0,19.0,0.8636363636363636,9.539966249161091,1,14.0,0.7059350073838332,2,5.0,0.0020312250564413757,0,0.0,0.6553298539598574,0,0.0,1.0,3,19.0
115.0,-0.25,-1.8500000000000003,92,0,0.0,92,1.0,18,0,1,20,38,0,19.0,1.0555555555555556,10.675707270901487,1,19.0,0.46042415486760074,0,4.0,0.5844193053584192,0,2.0,0.8751967313452329,0,2.0,0.8188811889636248,1,27.0
120.0,0.0,-1.8500000000000003,96,0,0.0,96,1.0,17,0,0,24,41,0,0.0,0.0,11.489305771485405,0,0.0,0.6210153657851156,0,0.0,0.9454128356440438,0,2.0,0.8275913124372121,0,4.0,0.8814997036825859,0,6.0
125.0,-0.5,-1.9500000000000004,100,0,0.0,100,1.0,19,0,2,25,44,0,4.0,0.21052631578947367,9.210652500646965,0,0.0,0.9527570609192835,0,2.0,0.9120900412937475,1,4.0,0.46438794441237663,1,6.0,0.5922923022068509,2,12.0
130.0,-0.25,-2.0000000000000004,104,0,0.0,104,1.0,21,0,1,25,46,0,2.0,0.09523809523809523,8.081783926362341,0,0.0,0.7890390720332288,0,2.0,0.9411872010098699,0,3.0,0.49054204867853735,1,6.0,0.31754849957572656,1,11.0
135.0,-0.75,-2.1500000000000004,108,0,0.0,108,1.0,24,0,3,25,49,0,9.0,0.375,7.815887719731772,1,4.0,0.6407605052708416,0,2.0,0.32505901186933744,1,1.0,0.013670587077914808,1,6.0,0.4087751776319715,3,13.0
140.0,-1.25,-2.400000000000001,112,0,0.0,112,1.0,25,0,5,26,51,0,13.0,0.52,7.528150902010792,1,4.0,0.3960829160602739,2,11.0,0.481476122952449,0,3.0,0.6540468462059553,2,6.0,0.24702954138440722,5,24.0
145.0,-1.25,-2.6500000000000012,116,0,0.0,116,1.0,22,0,5,30,52,0,38.0,1.7272727272727273,8.634285184532844,1,6.0,0.31939395734039205,2,21.0,0.5311453941090459,0,2.0,0.865454156311766,2,17.0,0.4532727786714823,5,46.0
150.0,-0.75,-2.800000000000001,120,0,0.0,120,1.0,22,0,3,32,54,0,15.0,0.6818181818181818,7.734044741144677,2,13.0,0.2526156851818401,1,14.0,0.3025248045518941,0,2.0,0.7850475348396254,0,11.0,0.6758178306111304,3,40.0
155.0,-1.75,-3.150000000000001,124,0,0.0,124,1.0,23,0,7,34,57,0,42.0,1.826086956521739,7.315481846510119,3,28.0,0.4496727166448728,2,11.0,0.3556800626724581,2,5.0,0.3331381541131153,0,0.0,0.6160224623608621,7,44.0
160.0,-0.5,-3.2500000000000013,128,0,0.0,128,1.0,23,0,2,35,58,0,28.0,1.2173913043478262,7.033003106618041,1,31.0,0.5267448372720493,0,9.0,0.43719224328051315,1,9.0,0.11204971122879112,0,0.0,1.0,2,49.0
165.0,-0.75,-3.4000000000000012,132,0,0.0,132,1.0,22,0,3,38,60,0,43.0,1.9545454545454546,9.742702950494236,1,26.0,0.675560276015798,0,0.0,0.6362505549937565,2,19.0,0.4704312392224127,0,2.0,0.9109668115715106,3,47.0
170.0,-0.25,-3.4500000000000006,136,0,0.0,136,1.0,21,0,1,41,62,0,3.0,0.14285714285714285,9.793279565573826,1,5.0,0.577464257005247,0,0.0,1.0,0,10.0,0.7649097688705478,0,2.0,0.8811982108949861,1,17.0
175.0,-0.5,-3.550000000000001,140,0,0.0,140,1.0,21,0,2,43,64,0,9.0,0.42857142857142855,8.084856869455686,1,8.0,0.5520995234298075,0,2.0,0.886403717420939,1,3.0,0.2710377776384665,0,4.0,0.5842339433845626,2,17.0
180.0,-1.0,-3.7500000000000018,144,0,0.0,144,1.0,19,0,4,45,64,0,10.0,0.5263157894736842,6.197127008325998,0,3.0,0.31671403515362184,0,2.0,0.9037022072697919,0,2.0,0.14928723842233682,4,14.0,0.31988081791119255,4,21.0
185.0,-0.75,-3.9000000000000017,148,0,0.0,148,1.0,20,0,3,45,65,0,8.0,0.4,7.199321084471793,0,0.0,0.6154316408589037,1,3.0,0.42912151945794663,0,2.0,0.871309014544405,2,21.0,0.14738392528277236,3,26.0
190.0,-1.5,-4.200000000000001,152,0,0.0,152,1.0,23,0,6,45,68,0,22.0,0.9565217391304348,8.106558272117832,0,0.0,0.4628444231122803,4,14.0,0.27995252321466363,0,2.0,0.8786275759471411,2,18.0,0.22592878014249174,6,34.0
195.0,-1.25,-4.450000000000001,156,0,0.0,156,1.0,22,0,5,47,69,0,19.0,0.8636363636363636,6.6454836232602625,2,6.0,0.32250584713642,2,23.0,0.3170844167774001,1,4.0,0.3992166199525255,0,7.0,0.29970790215535814,5,40.0
200.0,-1.0,-4.650000000000002,160,0,0.0,160,1.0,22,0,4,50,72,0,30.0,1.3636363636363635,6.848322222014102,2,16.0,0.38980740471950975,2,19.0,0.4125257256082849,0,5.0,0.2375486570235888,0,0.0,1.0,4,40.0
205.0,-0.75,-4.8000000000000025,164,0,0.0,164,1.0,21,0,3,52,73,0,5.0,0.23809523809523808,7.960881044772898,1,10.0,0.522840418357721,1,16.0,0.4346971578190265,1,2.0,0.230061306073377,0,0.0,1.0,3,28.0
210.0,-0.75,-4.950000000000003,168,1,0.005952380952380952,167,0.9940476190476191,19,0,3,54,73,0,16.0,0.8421052631578947,9.684145376624867,1,6.0,0.6131754686557914,1,12.0,0.5126071427314022,1,5.0,0.6081694259434375,0,2.0,0.8586497398314142,3,25.0
215.0,-0.75,-5.100000000000003,172,1,0.005813953488372093,171,0.9941860465116279,18,0,3,59,77,0,20.0,1.1111111111111112,9.415842352674536,1,11.0,0.5880186503176301,1,1.0,0.005435902744960837,1,10.0,0.7319207221189924,0,4.0,0.9227802626614947,3,26.0
220.0,-0.75,-5.2500000000000036,176,1,0.005681818181818182,175,0.9943181818181818,20,0,3,60,80,0,27.0,1.35,8.895583868076901,2,21.0,0.5339157324358086,1,6.0,0.0,0,2.0,0.6514457956431394,0,2.0,0.8877464947169263,3,31.0
225.0,-1.0,-5.450000000000004,180,1,0.005555555555555556,179,0.9944444444444445,24,0,4,60,84,0,27.0,1.125,9.061587001003632,2,26.0,0.5261636182244476,0,0.0,1.0,1,1.0,0.6665895277594006,1,4.0,0.0008516252925267413,4,31.0
230.0,-1.25,-5.700000000000004,184,1,0.005434782608695652,183,0.9945652173913043,26,0,5,61,87,0,47.0,1.8076923076923077,8.394851310682101,3,37.0,0.31372852244340094,0,0.0,0.896660908432618,2,12.0,0.5256305669546094,0,2.0,0.8921594938206825,5,51.0
235.0,-1.75,-6.050000000000003,188,2,0.010638297872340425,186,0.9893617021276596,23,0,7,65,88,0,37.0,1.608695652173913,5.632587207108294,3,28.0,0.16847999552797727,0,0.0,0.8484998794890071,4,29.0,0.22105942482843519,0,2.0,0.940982137277825,7,59.0
240.0,-1.0,-6.2500000000000036,192,2,0.010416666666666666,190,0.9895833333333334,21,0,4,68,89,0,25.0,1.1904761904761905,5.315335728171393,1,16.0,0.4275483121989457,0,2.0,0.5470342587776463,3,36.0,0.05008051010892108,0,2.0,0.0859266076642747,4,56.0
245.0,-2.0,-6.650000000000003,196,2,0.01020408163265306,194,0.9897959183673469,21,0,8,69,90,0,55.0,2.619047619047619,6.082987302410539,2,23.0,0.311795575031812,2,10.0,0.6113392281879942,3,37.0,0.1331311999800382,1,8.0,0.6258900372948913,8,78.0
250.0,-1.25,-6.900000000000003,200,2,0.01,198,0.99,24,0,5,69,93,0,30.0,1.25,6.60564716870437,4,40.0,0.14470857945298038,1,7.0,0.5749713747161045,0,21.0,0.42372844453573055,0,2.0,0.9052927371748742,5,70.0
255.0,-1.75,-7.2500000000000036,204,2,0.00980392156862745,202,0.9901960784313726,24,0,7,69,93,0,39.0,1.625,5.702099285907747,3,49.0,0.048355170998606554,3,9.0,0.3203645923894944,0,0.0,0.9610223640639325,1,5.0,0.4522913219797906,7,63.0
260.0,-0.75,-7.400000000000004,208,2,0.009615384615384616,206,0.9903846153846154,26,0,3,70,96,0,31.0,1.1923076923076923,7.9262021041323685,2,40.0,0.4800973333919633,0,12.0,0.6535208670274998,0,0.0,0.9972232836230034,1,8.0,0.42500660904691256,3,60.0
265.0,-1.0,-7.600000000000003,212,2,0.009433962264150943,210,0.9905660377358491,26,0,4,72,98,0,5.0,0.19230769230769232,8.647402373281682,1,14.0,0.6849441967413666,1,4.0,0.6554477858655469,1,1.0,0.007842403537706684,1,4.0,0.15900719173355862,4,23.0
270.0,-0.5,-7.700000000000003,216,2,0.009259259259259259,214,0.9907407407407407,28,0,2,74,102,0,9.0,0.32142857142857145,9.219915208217646,1,11.0,0.7710632019044473,0,3.0,0.5604929412609055,0,2.0,0.9079653237862902,1,6.0,0.13315610698753003,2,22.0
275.0,-0.75,-7.850000000000003,220,2,0.00909090909090909,218,0.990909090909091,25,0,3,78,103,0,15.0,0.6,8.892413497409928,0,0.0,0.5976545364431598,2,7.0,0.467742495633886,0,2.0,0.8379268210869705,1,13.0,0.6689031978265765,3,22.0
280.0,-0.75,-8.000000000000004,224,2,0.008928571428571428,222,0.9910714285714286,23,0,3,81,104,0,5.0,0.21739130434782608,7.579762205901527,1,2.0,0.38905808799074465,0,12.0,0.6538042751030504,2,5.0,0.1522848828186936,0,4.0,0.8313107117718855,3,23.0
285.0,-1.5,-8.300000000000004,228,2,0.008771929824561403,226,0.9912280701754386,22,0,6,83,105,0,22.0,1.0,6.692562980394097,1,1.0,0.00454973886411448,1,5.0,0.6107188367937662,4,20.0,0.0011097960168195233,0,2.0,0.4840737714251277,6,28.0
290.0,-1.5,-8.600000000000005,232,2,0.008620689655172414,230,0.9913793103448276,24,0,6,83,107,0,24.0,1.0,5.994181935922964,1,6.0,0.49987013932615354,2,9.0,0.38096207748452454,1,25.0,0.31246991194560436,2,7.0,0.004697745889480713,6,47.0
295.0,-1.25,-8.850000000000005,236,2,0.00847457627118644,234,0.9915254237288136,23,0,5,86,109,0,39.0,1.6956521739130435,7.809082841263631,1,11.0,0.5705774155480139,3,15.0,0.4136763762484149,1,18.0,0.46974151402870074,0,11.0,0.6300419588358986,5,55.0
300.0,-0.25,-8.900000000000007,240,2,0.008333333333333333,238,0.9916666666666667,23,0,1,88,111,0,16.0,0.6956521739130435,8.737303213757185,1,16.0,0.553192336825914,0,13.0,0.3107185696800368,0,2.0,0.6556471738158806,0,2.0,0.9201274820049679,1,33.0
305.0,-1.0,-9.100000000000009,244,2,0.00819672131147541,242,0.9918032786885246,24,0,4,90,114,0,16.0,0.6666666666666666,9.015143549750219,1,1.0,0.5155215385208411,2,10.0,0.14609512427912466,1,7.0,0.7268837579423015,0,2.0,0.9511778421313036,4,20.0
310.0,-0.5,-9.200000000000008,248,2,0.008064516129032258,246,0.9919354838709677,25,0,2,92,117,0,11.0,0.44,9.514799165996685,2,11.0,0.5654298299273057,0,13.0,0.5940405505276256,0,0.0,0.44420309906063893,0,2.0,0.9282910954650607,2,26.0
315.0,-0.5,-9.300000000000006,252,2,0.007936507936507936,250,0.9920634920634921,24,0,2,95,119,0,4.0,0.16666666666666666,9.40765892958413,0,8.0,0.45715966876462505,0,2.0,0.9422524566435825,1,2.0,0.3372348483205112,1,6.0,0.6355319396246831,2,18.0
320.0,-1.0,-9.500000000000005,256,2,0.0078125,254,0.9921875,22,0,4,100,122,0,16.0,0.7272727272727273,8.881224120950499,2,4.0,0.4887529330228927,0,2.0,0.6379621599846063,2,14.0,0.5982176431857938,0,2.0,0.766155039542529,4,22.0
325.0,-1.0,-9.700000000000006,260,2,0.007692307692307693,258,0.9923076923076923,21,0,4,102,123,0,28.0,1.3333333333333333,7.925778245563495,0,4.0,0.7372565733944758,1,7.0,0.0,2,24.0,0.5479130951951361,1,3.0,0.5076592391581256,4,38.0
330.0,-0.25,-9.750000000000009,264,3,0.011363636363636364,261,0.9886363636363636,24,0,1,102,126,0,3.0,0.125,7.418050323483193,0,0.0,0.4788948356562213,0,2.0,0.9524366868145321,1,21.0,0.3556138686135702,0,3.0,0.4270988927623412,1,26.0
335.0,-1.0,-9.950000000000008,268,3,0.011194029850746268,265,0.9888059701492538,24,0,4,104,128,0,14.0,0.5833333333333334,9.465394950912716,1,5.0,0.48117569064500393,0,2.0,0.9294057631864513,3,14.0,0.39342886607642297,0,2.0,0.6803154686943979,4,23.0
340.0,-0.5,-10.050000000000006,272,3,0.011029411764705883,269,0.9889705882352942,26,0,2,104,130,0,11.0,0.4230769230769231,9.47901844663371,1,10.0,0.01856242168774627,0,0.0,0.726890391819218,1,13.0,0.4197903662343286,0,2.0,0.8727988003629803,2,25.0
345.0,-1.75,-10.400000000000006,276,3,0.010869565217391304,273,0.9891304347826086,29,0,7,107,136,0,33.0,1.1379310344827587,7.505922789630269,2,18.0,0.5584124638715087,1,2.0,0.3250817387368888,3,11.0,0.2523059494558452,1,4.0,0.17535754524956954,7,35.0
350.0,-1.5,-10.700000000000006,280,4,0.014285714285714285,276,0.9857142857142858,26,0,6,111,137,0,25.0,0.9615384615384616,7.227042424415431,1,8.0,0.7543402140632852,2,11.0,0.4782585519894319,2,17.0,0.056097031311373835,1,3.0,0.09377215071111843,6,39.0
355.0,-0.75,-10.850000000000007,284,5,0.017605633802816902,280,0.9859154929577465,23,0,3,115,138,0,34.0,1.4782608695652173,8.316933350001078,1,13.0,0.36948349811517633,2,21.0,0.2586565761965425,0,8.0,0.6762396934824203,0,3.0,0.7948079296006855,3,45.0
360.0,-0.25,-10.90000000000001,288,5,0.017361111111111112,284,0.9861111111111112,21,0,1,117,138,0,2.0,0.09523809523809523,8.655040466253274,0,4.0,0.33749993189288163,1,16.0,0.09709568456408167,0,2.0,0.8899930017746227,0,2.0,0.859121325928194,1,24.0
365.0,-0.25,-10.950000000000012,292,5,0.017123287671232876,288,0.9863013698630136,21,0,1,119,140,0,1.0,0.047619047619047616,9.679454511149167,0,0.0,0.655804052531046,0,4.0,0.7250229029274944,1,3.0,0.14250123773741186,0,2.0,0.8509262187868999,1,9.0
370.0,-0.25,-11.000000000000014,296,5,0.016891891891891893,292,0.9864864864864865,21,0,1,121,142,0,5.0,0.23809523809523808,10.446877549690008,1,5.0,0.7230656476048071,0,2.0,0.8729702580301157,0,3.0,0.18606846722154238,0,2.0,0.8918230000633699,1,12.0
375.0,-1.0,-11.200000000000015,300,5,0.016666666666666666,296,0.9866666666666667,21,0,4,121,142,0,14.0,0.6666666666666666,6.710678637984044,2,11.0,0.23099300109710602,1,3.0,0.22988522712585463,0,0.0,1.0,1,4.0,0.3922275347467642,4,18.0
380.0,-1.25,-11.450000000000015,304,5,0.01644736842105263,300,0.9868421052631579,22,0,5,123,145,0,14.0,0.6363636363636364,5.813961010098347,2,9.0,0.26284527053696616,3,13.0,0.005753014056751502,0,0.0,0.936542379333374,0,2.0,0.09289220535132342,5,24.0
385.0,-1.0,-11.650000000000013,308,5,0.016233766233766232,304,0.987012987012987,21,0,4,127,148,0,31.0,1.4761904761904763,9.05901772589482,0,4.0,0.752861732701346,4,33.0,0.18149267592057802,0,2.0,0.9184411320394487,0,0.0,0.5018780623470724,4,39.0
390.0,-0.5,-11.75000000000001,312,5,0.016025641025641024,308,0.9871794871794872,20,0,2,129,149,0,11.0,0.55,8.697027249016598,1,3.0,0.7123523132427149,1,32.0,0.3080325889652208,0,2.0,0.7110186302743235,0,0.0,1.0,2,37.0
395.0,-1.0,-11.950000000000012,316,5,0.015822784810126583,312,0.9873417721518988,21,0,4,131,152,0,16.0,0.7619047619047619,9.073749595379457,1,8.0,0.5884087750053246,1,11.0,0.2826125887220788,2,9.0,0.6058839760028297,0,0.0,1.0,4,28.0
400.0,-0.5,-12.05000000000001,320,5,0.015625,316,0.9875,21,0,2,133,154,0,8.0,0.38095238095238093,7.683632034195595,1,5.0,0.39524542958575265,0,0.0,0.9033178535244565,1,10.0,0.35711097173266637,0,0.0,1.0,2,15.0
405.0,-1.0,-12.250000000000009,324,5,0.015432098765432098,320,0.9876543209876543,20,0,4,135,155,0,27.0,1.35,9.464202436811023,2,15.0,0.4202567720713942,0,0.0,0.9128111953886949,2,14.0,0.5680180727468653,0,4.0,0.9126081382430651,4,33.0
410.0,-1.0,-12.450000000000008,328,5,0.01524390243902439,324,0.9878048780487805,17,0,4,139,156,0,29.0,1.7058823529411764,7.549797899982351,3,28.0,0.30763622152284636,0,0.0,1.0,1,10.0,0.43733994650213665,0,4.0,0.906463458428415,4,42.0
415.0,-1.75,-12.800000000000008,332,5,0.015060240963855422,328,0.9879518072289156,19,0,7,139,158,0,57.0,3.0,6.328899741808932,4,45.0,0.18121695021745582,0,0.0,0.9305984408621095,2,10.0,0.290793238139356,1,4.0,0.3366714053819515,7,59.0
420.0,-1.0,-13.000000000000007,336,5,0.01488095238095238,332,0.9880952380952381,21,0,4,139,160,0,50.0,2.380952380952381,6.764979423459343,2,50.0,0.4041730426556524,0,0.0,0.9432053158261161,2,12.0,0.04103911103410998,0,3.0,0.4081278945069345,4,65.0
425.0,-1.0,-13.200000000000006,340,5,0.014705882352941176,336,0.9882352941176471,20,0,4,142,162,0,70.0,3.5,8.87608477935892,2,55.0,0.5829454602084256,0,0.0,1.0,2,17.0,0.5229131493102049,0,2.0,0.6985756402696017,4,74.0
430.0,-1.0,-13.400000000000006,344,5,0.014534883720930232,340,0.9883720930232558,20,0,4,143,163,0,70.0,3.5,8.758588178237506,3,66.0,0.20761397473730936,0,0.0,0.986583893370652,0,11.0,0.7586270795420351,1,6.0,0.7004040904182853,4,83.0
435.0,-1.0,-13.600000000000003,348,5,0.014367816091954023,344,0.9885057471264368,19,0,4,145,164,0,84.0,4.421052631578948,6.860268539954138,4,84.0,0.18691309005904064,0,0.0,0.9676318657618157,0,0.0,0.6685137600320743,0,2.0,0.24111112471008647,4,86.0
440.0,-1.0,-13.800000000000004,352,5,0.014204545454545454,348,0.9886363636363636,24,0,4,146,170,0,16.0,0.6666666666666666,7.922432481178844,1,56.0,0.33874078837098476,0,0.0,0.5521523598415642,1,3.0,0.7399111400348721,2,7.0,0.0013206387519653679,4,66.0
445.0,-0.75,-13.950000000000005,356,5,0.014044943820224719,352,0.9887640449438202,24,0,3,148,172,0,17.0,0.7083333333333334,9.098654872206373,1,13.0,0.6856364826273545,1,6.0,0.7421649189381737,1,8.0,0.6317521454997215,0,4.0,0.2061648607967859,3,31.0
450.0,-0.75,-14.100000000000005,360,5,0.013888888888888888,356,0.9888888888888889,24,0,3,152,176,0,17.0,0.7083333333333334,8.796600231968096,0,0.0,0.8866908652932144,0,2.0,0.7658035531482635,3,17.0,0.3718689547621333,0,0.0,1.0,3,19.0
455.0,-0.25,-14.150000000000007,364,5,0.013736263736263736,360,0.989010989010989,26,0,1,154,180,0,4.0,0.15384615384615385,9.02589853278484,0,0.0,0.9217830177802275,0,2.0,0.6350748170226972,1,17.0,0.5696285638316552,0,2.0,0.9052703663349686,1,21.0
460.0,-0.75,-14.300000000000008,368,5,0.01358695652173913,364,0.9891304347826086,25,0,3,155,180,0,7.0,0.28,8.861307808843952,0,0.0,0.6639025286476935,3,9.0,0.020968910703576184,0,7.0,0.7620953448659051,0,4.0,0.8758603491512407,3,20.0
465.0,-0.75,-14.450000000000008,372,5,0.013440860215053764,368,0.989247311827957,25,0,3,156,181,0,8.0,0.32,7.441584258094158,2,5.0,0.2530593023222951,1,13.0,0.12454628361733559,0,2.0,0.5784722742679601,0,4.0,0.7843556711408073,3,24.0
470.0,-2.25,-14.900000000000007,376,5,0.013297872340425532,372,0.9893617021276596,27,0,9,156,183,0,40.0,1.4814814814814814,6.867883746243256,3,20.0,0.3870032679660554,0,3.0,0.7992271133748565,3,13.0,0.06626532893686585,3,11.0,0.5557128099542291,9,47.0
475.0,-2.0,-15.300000000000006,380,5,0.013157894736842105,376,0.9894736842105263,28,0,8,156,184,0,53.0,1.8928571428571428,5.585533859614624,3,35.0,0.36433952353144416,1,7.0,0.44867858923714676,2,21.0,0.07827590681651517,2,17.0,0.321335782863981,8,80.0
480.0,-2.5,-15.800000000000006,384,5,0.013020833333333334,380,0.9895833333333334,27,0,10,159,186,0,80.0,2.962962962962963,5.522310344150595,4,54.0,0.19533658000663048,2,14.0,0.4715492379714894,0,9.0,0.4453121903989633,4,19.0,0.08041340578976112,10,96.0
485.0,-2.0,-16.200000000000006,388,5,0.01288659793814433,384,0.9896907216494846,26,0,8,161,187,0,58.0,2.230769230769231,5.352449691302943,2,51.0,0.21144790967459481,1,17.0,0.5585380971894462,2,12.0,0.003141398370128665,3,29.0,0.03041222284145677,8,109.0
490.0,-1.25,-16.450000000000006,392,5,0.012755102040816327,388,0.9897959183673469,25,0,5,163,188,0,67.0,2.68,7.955973494011732,2,35.0,0.39758902436523036,1,24.0,0.63572347017134,2,22.0,7.364409399533918e-06,0,21.0,0.5170888049704242,5,102.0
495.0,-1.0,-16.650000000000006,396,5,0.012626262626262626,392,0.98989898989899,23,0,4,168,191,0,49.0,2.130434782608696,9.558930922089306,4,49.0,0.40200836424127945,0,2.0,0.8859327755700513,0,13.0,0.21917487627277574,0,8.0,0.9109731055203639,4,72.0
500.0,-1.25,-16.900000000000006,400,6,0.015,395,0.9875,22,0,5,170,192,0,70.0,3.1818181818181817,9.24960318667622,5,70.0,0.21150783172584534,0,0.0,0.9127180001561102,0,0.0,1.0,0,0.0,0.9972934380210888,5,70.0
505.0,-1.0,-17.100000000000005,404,7,0.017326732673267328,398,0.9851485148514851,22,0,4,172,194,0,28.0,1.2727272727272727,8.048363939509217,4,55.0,0.04867358021080017,0,0.0,0.4551460297493919,0,0.0,0.9349265678511199,0,0.0,1.0,4,55.0
510.0,-1.0,-17.300000000000004,408,8,0.0196078431372549,402,0.9852941176470589,19,0,4,177,196,0,46.0,2.4210526315789473,8.912918022383552,3,43.0,0.1332838575351262,1,5.0,0.1593491076317601,0,2.0,0.9206369185638703,0,0.0,1.0,4,50.0
515.0,-0.5,-17.400000000000006,412,8,0.019417475728155338,405,0.9830097087378641,16,0,2,182,198,0,5.0,0.3125,7.629754637078705,1,36.0,0.08979518249821435,0,2.0,0.6127352215865816,1,3.0,0.7099049801588145,0,0.0,1.0,2,41.0
520.0,-1.0,-17.600000000000005,416,8,0.019230769230769232,409,0.9831730769230769,18,0,4,183,201,0,21.0,1.1666666666666667,9.175023215162515,1,11.0,0.457932973439932,0,2.0,0.8944469689211748,3,12.0,0.46434256059833173,0,2.0,0.9271482303658839,4,27.0
525.0,-0.25,-17.650000000000006,420,8,0.01904761904761905,413,0.9833333333333333,20,0,1,183,203,0,3.0,0.15,9.483610904830591,0,0.0,0.9082212748707872,0,2.0,0.8828090619827034,1,16.0,0.3619970397822297,0,2.0,0.9134379690398305,1,20.0
530.0,-0.25,-17.700000000000006,424,8,0.018867924528301886,417,0.9834905660377359,20,0,1,184,204,0,2.0,0.1,9.104558932514403,0,0.0,1.0,1,4.0,0.4457439257120104,0,6.0,0.5834822485777155,0,2.0,0.8677032300344286,1,12.0
535.0,-0.75,-17.85,428,9,0.02102803738317757,420,0.9813084112149533,21,0,3,186,207,0,14.0,0.6666666666666666,10.719767488376842,0,0.0,0.9229541628792237,3,16.0,0.46873736830329854,0,2.0,0.8541975751126134,0,2.0,0.9331054983896895,3,20.0
540.0,-0.75,-18.0,432,9,0.020833333333333332,424,0.9814814814814815,21,0,3,187,208,0,4.0,0.19047619047619047,7.382232774767125,0,0.0,0.9726017294454647,1,15.0,0.3033539903665934,1,3.0,0.32035370990393053,1,4.0,0.6157001173741032,3,22.0
545.0,-0.5,-18.100000000000005,436,10,0.022935779816513763,427,0.9793577981651376,23,0,2,187,210,0,9.0,0.391304347826087,6.28004094092889,0,0.0,0.7610972950254045,2,9.0,0.0020715106080033143,0,1.0,0.44549707709145353,0,3.0,0.31410852906318804,2,13.0
550.0,-0.5,-18.200000000000006,440,11,0.025,431,0.9795454545454545,24,0,2,189,213,0,7.0,0.2916666666666667,8.814453206783037,1,3.0,0.6151936006686275,0,10.0,0.5826159723585801,1,4.0,0.5942407613964499,0,0.0,0.27889045946177476,2,17.0
555.0,-0.5,-18.30000000000001,444,11,0.024774774774774775,434,0.9774774774774775,22,0,2,191,213,0,10.0,0.45454545454545453,9.954589023372622,2,10.0,0.1846871868212616,0,0.0,0.8764305002065533,0,0.0,0.601465415172858,0,2.0,0.7619876037826782,2,12.0
560.0,-0.75,-18.450000000000006,448,11,0.024553571428571428,438,0.9776785714285714,18,0,3,196,214,0,23.0,1.2777777777777777,9.95781445124456,3,23.0,0.23260237365051317,0,0.0,0.9401600524187652,0,0.0,0.9602308815784278,0,4.0,0.8433081031825559,3,27.0
565.0,0.0,-18.450000000000006,452,11,0.024336283185840708,442,0.9778761061946902,16,0,0,198,214,0,0.0,0.0,8.53914273617219,0,17.0,0.42066647997090917,0,0.0,1.0,0,0.0,1.0,0,4.0,0.6102585042841182,0,21.0
570.0,-0.75,-18.6,456,11,0.02412280701754386,446,0.9780701754385965,16,0,3,200,216,0,11.0,0.6875,8.963089914056395,0,0.0,0.7984372400367331,0,2.0,0.9667566594910374,0,0.0,0.9568819453794613,3,13.0,0.20942404437146478,3,15.0
575.0,-0.5,-18.700000000000006,460,11,0.02391304347826087,450,0.9782608695652174,17,0,2,203,220,0,9.0,0.5294117647058824,9.048469581395885,0,0.0,0.9400970614987282,0,2.0,0.9473085711689961,0,0.0,0.9226942192274229,2,22.0,0.1138800553170883,2,24.0
580.0,-0.25,-18.750000000000007,464,11,0.023706896551724137,454,0.978448275862069,16,0,1,204,220,0,4.0,0.25,8.367657741487545,0,0.0,0.9438704688694799,0,2.0,0.6162703820519791,0,0.0,1.0,1,14.0,0.4103773210084869,1,16.0
585.0,-1.5,-19.050000000000008,468,11,0.023504273504273504,458,0.9786324786324786,18,0,6,204,222,0,16.0,0.8888888888888888,4.791930912594047,0,0.0,0.4950583432219336,5,16.0,0.05866799131178792,0,0.0,1.0,1,12.0,0.3332344532240799,6,28.0
590.0,-2.0,-19.450000000000006,472,11,0.023305084745762712,462,0.9788135593220338,19,0,8,205,224,0,43.0,2.263157894736842,5.772320993135031,1,5.0,0.7139430184427742,5,37.0,0.04827628572636714,0,0.0,0.9490565978648186,2,22.0,0.00012235230679832665,8,64.0
595.0,-1.25,-19.700000000000006,476,11,0.023109243697478993,466,0.9789915966386554,20,0,5,207,227,0,51.0,2.55,7.35308644711359,1,10.0,0.46373551269801616,4,46.0,0.37496206451508723,0,0.0,0.9485069816937512,0,13.0,0.19033378160866804,5,69.0
600.0,-0.5,-19.800000000000008,480,11,0.022916666666666665,470,0.9791666666666666,21,0,2,208,229,0,14.0,0.6666666666666666,8.488571817307271,0,3.0,0.530940469921228,1,39.0,0.42915034260081775,1,2.0,0.6385586059982197,0,0.0,1.0,2,44.0
605.0,-0.25,-19.85000000000001,484,11,0.022727272727272728,474,0.9793388429752066,23,0,1,210,233,0,3.0,0.13043478260869565,10.581179763225462,1,3.0,0.7210641369997334,0,12.0,0.648121148583836,0,2.0,0.837843493606577,0,2.0,0.8676889122787506,1,19.0
610.0,0.0,-19.85000000000001,488,11,0.022540983606557378,478,0.9795081967213115,23,0,0,214,237,0,0.0,0.0,11.74839467150121,0,0.0,0.8251199231038088,0,0.0,0.8627187734129813,0,2.0,0.8877182527215998,0,4.0,0.9176960733584324,0,6.0
615.0,-0.5,-19.95000000000001,492,11,0.022357723577235773,482,0.9796747967479674,25,0,2,215,240,0,5.0,0.2,10.75696667928612,1,3.0,0.783684567092252,0,2.0,0.9172039252951931,1,4.0,0.29123224814207443,0,2.0,0.8587293620987425,2,11.0
620.0,-0.5,-20.05000000000001,496,11,0.02217741935483871,486,0.9798387096774194,28,0,2,215,243,0,2.0,0.07142857142857142,9.785892103164864,1,1.0,0.7440704456072303,0,2.0,0.9320033639048101,0,3.0,0.414602336733021,1,3.0,0.5962381730986844,2,9.0
625.0,-0.75,-20.20000000000001,500,11,0.022,490,0.98,28,0,3,216,244,0,8.0,0.2857142857142857,8.437715741585405,1,6.0,0.3352554905167606,1,3.0,0.4765566053132481,0,2.0,0.9636581075279544,1,2.0,0.35859867662891876,3,13.0
630.0,-2.5,-20.70000000000001,504,11,0.021825396825396824,494,0.9801587301587301,27,0,10,218,245,0,46.0,1.7037037037037037,6.601151325632418,2,16.0,0.009156748845970274,3,15.0,0.11568324912997931,0,2.0,0.9189498990592305,5,17.0,0.17055274708737134,10,50.0
635.0,-2.75,-21.25000000000001,508,11,0.021653543307086614,498,0.9803149606299213,30,0,11,220,250,0,79.0,2.6333333333333333,6.4205746416044205,3,31.0,0.370504404537241,4,33.0,0.29681970921054274,1,2.0,0.7042103312049343,3,30.0,0.09368322361649391,11,96.0
640.0,-1.0,-21.45000000000001,512,11,0.021484375,501,0.978515625,28,0,4,223,251,0,54.0,1.9285714285714286,7.364786200859447,3,46.0,0.3639708511123054,1,32.0,0.43264257039342374,0,1.0,0.577535607804926,0,21.0,0.29592523313778907,4,100.0
645.0,-0.5,-21.55000000000001,516,11,0.02131782945736434,505,0.9786821705426356,29,0,2,226,255,0,15.0,0.5172413793103449,9.479776162938725,1,34.0,0.5621422521834212,1,13.0,0.3035758227182108,0,0.0,0.7348262249417371,0,5.0,0.9132914074252532,2,52.0
650.0,-0.25,-21.600000000000012,520,11,0.021153846153846155,509,0.9788461538461538,29,0,1,229,258,0,5.0,0.1724137931034483,10.49291536200905,1,7.0,0.6983972001560662,0,3.0,0.6237708427255714,0,0.0,0.9432794858466647,0,2.0,0.8856067224914345,1,12.0
655.0,-0.25,-21.650000000000013,524,11,0.02099236641221374,513,0.9790076335877863,28,0,1,234,262,0,1.0,0.03571428571428571,9.791848139513428,0,0.0,0.3790254991807996,0,2.0,0.9179471946681607,0,0.0,0.9536725659669706,1,5.0,0.5927882458547177,1,7.0
660.0,-1.25,-21.900000000000016,528,11,0.020833333333333332,517,0.9791666666666666,25,0,5,238,263,0,10.0,0.4,6.774737063049575,3,8.0,0.24589693461482276,1,3.0,0.5061065234154637,0,2.0,0.6922902424816769,1,8.0,0.45985694341639,5,21.0
665.0,-1.0,-22.100000000000016,532,11,0.020676691729323307,521,0.9793233082706767,25,0,4,238,263,0,11.0,0.44,6.0485195349074266,0,10.0,0.20346410531397366,1,5.0,0.17947035619707558,2,10.0,0.5949700852461403,1,4.0,0.4676847710241023,4,29.0
670.0,-0.75,-22.250000000000014,536,11,0.020522388059701493,525,0.9794776119402985,27,0,3,238,265,0,10.0,0.37037037037037035,7.181801118557953,0,0.0,0.4579888869976571,2,11.0,0.4855560407060267,0,8.0,0.37807806772924574,1,3.0,0.20529853382160226,3,22.0
675.0,-1.25,-22.500000000000018,540,12,0.022222222222222223,528,0.9777777777777777,27,0,5,240,267,0,17.0,0.6296296296296297,9.020622906840456,1,3.0,0.6442328635754316,1,9.0,0.6348659523363772,2,8.0,0.24725327942480327,1,8.0,0.6346790744325592,5,28.0
680.0,-0.75,-22.650000000000016,544,12,0.022058823529411766,532,0.9779411764705882,25,0,3,244,269,0,17.0,0.68,8.63409418328283,1,8.0,0.6528950701738707,2,11.0,0.05647145890616277,0,10.0,0.5245842908786944,0,4.0,0.8406237531042982,3,33.0
685.0,-1.0,-22.850000000000016,548,12,0.021897810218978103,536,0.9781021897810219,25,0,4,247,272,0,19.0,0.76,8.639287808751053,2,15.0,0.42579132685116255,1,13.0,0.29958708029806697,1,1.0,0.5027354263738142,0,2.0,0.9039774371844562,4,31.0
690.0,-0.5,-22.950000000000017,552,12,0.021739130434782608,540,0.9782608695652174,25,0,2,249,274,0,6.0,0.24,8.667676334263382,1,9.0,0.5338339957951662,0,3.0,0.7078034062717158,0,0.0,0.5588857107045786,1,4.0,0.2403570509050743,2,16.0
695.0,-0.75,-23.100000000000016,556,12,0.02158273381294964,544,0.9784172661870504,24,0,3,252,276,0,17.0,0.7083333333333334,9.61936924339228,2,13.0,0.5853926476924679,1,9.0,0.7154087310316551,0,0.0,1.0,0,5.0,0.4783223764530566,3,27.0
700.0,-0.5,-23.20000000000002,560,12,0.02142857142857143,548,0.9785714285714285,20,0,2,257,277,0,12.0,0.6,9.644280633961316,0,7.0,0.5335115236466599,2,17.0,0.6004946828004774,0,0.0,1.0,0,2.0,0.907917462946899,2,26.0
705.0,-0.75,-23.35000000000002,564,12,0.02127659574468085,552,0.9787234042553191,18,0,3,259,277,0,19.0,1.0555555555555556,7.625762708974204,1,3.0,0.4861292401169292,2,21.0,0.23636651465655462,0,2.0,0.9626493250046885,0,2.0,0.3088135414081682,3,28.0
710.0,-1.75,-23.70000000000002,568,12,0.02112676056338028,556,0.9788732394366197,17,0,7,261,278,0,45.0,2.6470588235294117,5.853803548007545,1,8.0,0.014251175895212142,4,37.0,0.20038533332123737,0,2.0,0.8583069163413364,2,9.0,0.39533270278158994,7,56.0
715.0,-1.25,-23.95000000000002,572,12,0.02097902097902098,560,0.9790209790209791,20,0,5,262,282,0,29.0,1.45,6.240365615335585,2,18.0,0.3944558298057819,1,27.0,0.30459555661938215,2,6.0,0.5316295534791796,0,10.0,0.5512316384668121,5,61.0
720.0,-1.75,-24.300000000000022,576,12,0.020833333333333332,564,0.9791666666666666,23,0,7,262,285,0,46.0,2.0,7.636303803629846,2,28.0,0.3904810162167387,0,7.0,0.7649288238149275,4,19.0,0.45176312955519604,1,3.0,0.11967539943606491,7,57.0
725.0,-1.25,-24.550000000000022,580,12,0.020689655172413793,568,0.9793103448275862,24,0,5,262,286,0,49.0,2.0416666666666665,6.446866426680678,2,38.0,0.24829444098533981,2,12.0,0.3275130717769455,1,21.0,0.3528137676828003,0,1.0,0.2887814557178795,5,72.0
730.0,-2.0,-24.950000000000024,584,12,0.02054794520547945,572,0.9794520547945206,22,0,8,266,288,0,74.0,3.3636363636363638,6.0734843371017515,4,53.0,0.18440551333390037,2,22.0,0.34430017497420995,2,12.0,0.24702502007554497,0,0.0,1.0,8,87.0
735.0,-1.0,-25.150000000000023,588,12,0.02040816326530612,576,0.9795918367346939,22,0,4,268,290,0,52.0,2.3636363636363638,6.285615280543859,1,45.0,0.14736641037264786,1,21.0,0.5167755289192882,2,21.0,0.3118271297521109,0,0.0,1.0,4,87.0
740.0,-1.0,-25.350000000000023,592,12,0.02027027027027027,580,0.9797297297297297,20,0,4,271,291,0,67.0,3.35,8.737587330075892,2,41.0,0.30619166857940056,1,25.0,0.6425529724706605,1,19.0,0.6123337182513678,0,4.0,0.9126266960475895,4,89.0
745.0,-0.75,-25.50000000000002,596,12,0.020134228187919462,584,0.9798657718120806,22,0,3,273,295,0,54.0,2.4545454545454546,9.314395448312798,2,51.0,0.5691713743335787,0,0.0,0.949534081683262,1,8.0,0.512923025278774,0,4.0,0.9549135118434328,3,63.0
750.0,-1.25,-25.75000000000002,600,12,0.02,588,0.98,22,0,5,273,295,0,77.0,3.5,7.549699388257139,2,61.0,0.5383581737724455,0,0.0,0.48349928097501416,3,19.0,0.2967782786354336,0,2.0,0.3771268719514587,5,82.0
755.0,-1.25,-26.000000000000025,604,12,0.019867549668874173,592,0.9801324503311258,26,0,5,273,299,0,17.0,0.6538461538461539,6.592424815298556,0,17.0,0.46981015799616094,1,5.0,0.37501855533940587,1,16.0,0.2309407824211125,3,13.0,0.0003478345458984341,5,51.0
760.0,-1.25,-26.250000000000025,608,12,0.019736842105263157,596,0.9802631578947368,27,0,5,277,304,0,20.0,0.7407407407407407,8.288022678765948,3,9.0,0.5301133910577343,0,4.0,0.7621397166716578,2,11.0,0.5627727497070525,0,15.0,0.5220266879067912,5,39.0
765.0,-0.5,-26.35000000000003,612,12,0.0196078431372549,600,0.9803921568627451,29,0,2,278,307,0,3.0,0.10344827586206896,9.092511214248207,2,14.0,0.3779271382539339,0,2.0,0.9020643540063877,0,8.0,0.6728960338304302,0,4.0,0.86435800136483,2,28.0
770.0,-1.25,-26.60000000000003,616,12,0.01948051948051948,604,0.9805194805194806,31,0,5,279,310,0,16.0,0.5161290322580645,8.706016959235276,2,10.0,0.5894564475731807,1,4.0,0.409714565558497,2,7.0,0.5179472646515101,0,2.0,0.7998150347927981,5,23.0
775.0,-0.25,-26.65000000000003,620,12,0.01935483870967742,608,0.9806451612903225,32,0,1,281,313,0,3.0,0.09375,7.972188141993454,0,5.0,0.44182685291053136,0,3.0,0.4757151963800276,1,12.0,0.5771804685828867,0,2.0,0.6262884611465583,1,22.0
780.0,-1.5,-26.950000000000028,624,12,0.019230769230769232,612,0.9807692307692307,31,0,6,284,315,0,14.0,0.45161290322580644,8.009745658862315,2,8.0,0.5017431210166216,1,4.0,0.6511050300238448,1,7.0,0.44340695680309367,2,7.0,0.4520001627560866,6,26.0
785.0,-0.75,-27.100000000000026,628,12,0.01910828025477707,616,0.9808917197452229,29,0,3,287,316,0,11.0,0.3793103448275862,7.499374660873069,0,6.0,0.6357216646462376,1,9.0,0.7500437711355286,2,12.0,0.2280139169938102,0,9.0,0.6121032934698066,3,36.0
790.0,-2.25,-27.55000000000003,632,12,0.0189873417721519,620,0.9810126582278481,28,0,9,289,317,0,36.0,1.2857142857142858,5.4418035750686675,1,1.0,0.004269565522097799,3,16.0,0.24811286484982184,4,26.0,0.30863345765854844,1,3.0,0.18128441156105665,9,46.0
795.0,-2.0,-27.950000000000028,636,12,0.018867924528301886,624,0.9811320754716981,29,0,8,290,319,0,35.0,1.206896551724138,5.967798163697313,1,6.0,0.0,3,18.0,0.30998928148905597,4,37.0,0.3946637214544631,0,1.0,0.16642741843549466,8,62.0
800.0,-1.75,-28.30000000000003,640,12,0.01875,628,0.98125,28,0,7,292,320,0,53.0,1.8928571428571428,7.04645850749175,1,11.0,0.0,4,34.0,0.41047515646597343,2,28.0,0.2179119651242167,0,4.0,0.9195370982564566,7,77.0
805.0,-1.0,-28.50000000000003,644,12,0.018633540372670808,632,0.9813664596273292,28,0,4,296,324,0,29.0,1.0357142857142858,7.208292277040087,1,16.0,0.6086087169449121,1,33.0,0.41186388969725046,2,27.0,0.22492457445198832,0,4.0,0.9619809255673175,4,80.0
810.0,-1.5,-28.800000000000026,648,12,0.018518518518518517,636,0.9814814814814815,28,0,6,298,326,0,40.0,1.4285714285714286,8.395888833708018,1,21.0,0.7570282521629672,1,13.0,0.5751062001368886,4,34.0,0.26678044983070065,0,2.0,0.5348291379973492,6,70.0
815.0,-1.25,-29.050000000000026,652,12,0.018404907975460124,640,0.9815950920245399,32,0,5,299,331,0,17.0,0.53125,8.737714538480164,0,0.0,0.8407637714892863,0,0.0,0.6336955953844183,2,32.0,0.2483246656685564,3,12.0,0.0008660925054164098,5,44.0
820.0,-0.5,-29.15000000000003,656,12,0.018292682926829267,644,0.9817073170731707,29,0,2,304,333,0,6.0,0.20689655172413793,10.280095860922003,2,6.0,0.3894979124807198,0,2.0,0.9607525075820288,0,2.0,0.7801149385181952,0,16.0,0.7360901410063527,2,26.0
825.0,0.0,-29.15000000000003,660,12,0.01818181818181818,648,0.9818181818181818,27,0,0,309,336,0,0.0,0.0,10.723446088668378,0,8.0,0.3555315071305903,0,2.0,0.9349601484765082,0,0.0,0.9697491517585181,0,4.0,0.8954430332575564,0,14.0
830.0,-0.75,-29.30000000000003,664,12,0.018072289156626505,652,0.9819277108433735,30,0,3,310,340,0,4.0,0.13333333333333333,9.908402142460046,0,0.0,0.7276120773718321,1,3.0,0.13653472011301532,0,2.0,0.8917610672819523,2,5.0,0.6602237284449256,3,10.0
835.0,-1.25,-29.55000000000003,668,12,0.017964071856287425,656,0.9820359281437125,31,0,5,312,343,0,7.0,0.22580645161290322,7.196809905675134,2,3.0,0.5334088831965614,0,1.0,0.6212589638358345,1,3.0,0.6300840912053259,2,9.0,0.2858619819011932,5,16.0
840.0,-2.0,-29.95000000000003,672,12,0.017857142857142856,660,0.9821428571428571,30,0,8,314,344,0,36.0,1.2,5.926602168780881,4,18.0,0.2270468148719372,0,0.0,0.9845444276409876,2,12.0,0.3319006664167658,2,12.0,0.2412572854392923,8,42.0
845.0,-2.25,-30.40000000000003,676,12,0.01775147928994083,664,0.9822485207100592,30,0,9,316,346,0,24.0,0.8,4.853646322532924,4,32.0,0.2785598950407011,0,0.0,0.5474062634736492,3,18.0,0.06597112478618829,2,14.0,0.12650648854680596,9,64.0
850.0,-2.5,-30.90000000000003,680,12,0.01764705882352941,668,0.9823529411764705,29,0,10,319,348,0,57.0,1.9655172413793103,7.00999909537772,2,27.0,0.24394663002751463,1,4.0,0.4634712785977258,3,24.0,0.5381897869102572,4,25.0,0.3178537637920353,10,80.0
855.0,-2.5,-31.40000000000003,684,12,0.017543859649122806,672,0.9824561403508771,27,0,10,321,348,0,78.0,2.888888888888889,5.915594104308559,5,38.0,0.0009233584422495302,0,0.0,0.7027761699750416,4,43.0,0.4621104084115231,1,28.0,0.3784716490353832,10,109.0
860.0,-2.75,-31.95000000000003,688,12,0.01744186046511628,676,0.9825581395348837,25,0,11,323,348,0,120.0,4.8,3.8492958413915153,5,63.0,0.0,0,0.0,1.0,6,67.0,0.04049449396961654,0,11.0,0.5183957500708024,11,141.0
865.0,-3.0,-32.55000000000003,692,12,0.017341040462427744,680,0.9826589595375722,25,0,12,324,349,0,125.0,5.0,5.310383955025361,5,88.0,0.0,0,0.0,0.9316773261079137,7,83.0,0.028793535366678644,0,2.0,0.7476858425799525,12,173.0
870.0,-1.5,-32.85000000000003,696,12,0.017241379310344827,683,0.9813218390804598,24,0,6,326,350,0,75.0,3.125,6.264568652214263,2,81.0,0.25141748754141896,0,0.0,0.9970599385715302,3,66.0,0.13142939911013798,1,4.0,0.01615733896651694,6,151.0
875.0,-0.75,-33.00000000000003,700,12,0.017142857142857144,687,0.9814285714285714,25,0,3,328,353,0,23.0,0.92,7.585420155570407,1,44.0,0.6740039598431539,1,3.0,0.6488356591830531,1,54.0,0.21642532455204302,0,2.0,0.28907096711218006,3,103.0
880.0,-1.25,-33.25000000000003,704,12,0.017045454545454544,691,0.9815340909090909,22,0,5,332,354,0,21.0,0.9545454545454546,7.940982715329182,1,21.0,0.3432877660234734,1,8.0,0.674412542223908,3,38.0,0.315033027158719,0,2.0,0.8806215882746935,5,69.0
885.0,-1.25,-33.50000000000003,708,12,0.01694915254237288,695,0.981638418079096,22,0,5,334,356,0,20.0,0.9090909090909091,6.693551927738532,3,32.0,0.0037412492263760957,1,3.0,0.37059309642183474,1,36.0,0.4674950462717609,0,2.0,0.8853167291432231,5,73.0
890.0,-1.5,-33.800000000000026,712,12,0.016853932584269662,699,0.9817415730337079,24,0,6,336,360,0,25.0,1.0416666666666667,6.99362277164676,1,18.0,0.4433419578883838,3,16.0,0.3894804335093225,1,17.0,0.48601791593039184,1,5.0,0.3214624219859493,6,56.0
895.0,-0.75,-33.950000000000024,716,12,0.01675977653631285,703,0.9818435754189944,28,0,3,336,364,0,17.0,0.6071428571428571,8.684723681615704,0,5.0,0.822189978235185,0,17.0,0.6897418087401299,3,19.0,0.22778725088748633,0,5.0,0.5357828097416261,3,46.0
900.0,-1.5,-34.250000000000014,720,12,0.016666666666666666,707,0.9819444444444444,27,0,6,338,365,0,42.0,1.5555555555555556,8.831304900019312,1,2.0,0.48323677169038376,0,2.0,0.9033315295462361,5,42.0,0.1577019711221674,0,2.0,0.3489249127868674,6,48.0
905.0,-1.75,-34.60000000000001,724,12,0.016574585635359115,711,0.9820441988950276,29,0,7,340,369,0,39.0,1.3448275862068966,7.257397945391625,2,10.0,0.5199335532801851,1,2.0,0.43384007477610603,2,44.0,0.2259840995500814,2,9.0,0.00023102075370832442,7,65.0
910.0,-2.0,-35.00000000000001,728,12,0.016483516483516484,715,0.9821428571428571,30,0,8,344,374,0,55.0,1.8333333333333333,7.785844571369536,3,24.0,0.5690544625901655,4,14.0,0.2244889027640349,1,28.0,0.5291714794181881,0,7.0,0.66894711171944,8,73.0
915.0,-3.0,-35.60000000000001,732,12,0.01639344262295082,719,0.98224043715847,28,0,12,347,375,0,88.0,3.142857142857143,5.9725284399203336,5,44.0,0.2816402229437582,5,38.0,0.1357126316476532,2,15.0,0.358055706016293,0,2.0,0.8827319282814923,12,99.0
920.0,-3.25,-36.25000000000001,736,12,0.016304347826086956,723,0.9823369565217391,31,0,13,349,380,0,83.0,2.6774193548387095,4.834457143910729,5,54.0,0.2561248470536929,3,44.0,0.31475643376772766,4,33.0,0.26720122937805196,1,5.0,0.10447479699704626,13,136.0
925.0,-1.75,-36.60000000000001,740,12,0.016216216216216217,727,0.9824324324324324,31,0,7,351,382,0,71.0,2.2903225806451615,6.975896948197222,3,51.0,0.5266990331294178,1,29.0,0.5990483959333677,3,33.0,0.20626749044839318,0,6.0,0.5403411301023427,7,119.0
930.0,-0.5,-36.70000000000001,744,12,0.016129032258064516,731,0.9825268817204301,31,0,2,352,383,0,4.0,0.12903225806451613,7.858880700120299,0,24.0,0.345237941276623,2,17.0,0.5425537507256114,0,16.0,0.30799794077981735,0,4.0,0.8768896312502753,2,61.0
935.0,-1.5,-37.00000000000001,748,12,0.016042780748663103,735,0.982620320855615,31,0,6,352,383,0,27.0,0.8709677419354839,8.160943140545763,2,11.0,0.17322959325369178,4,29.0,0.3867346978454272,0,2.0,0.853226833532775,0,4.0,0.6321815904344794,6,46.0
940.0,-1.5,-37.300000000000004,752,12,0.015957446808510637,739,0.9827127659574468,30,0,6,354,384,0,21.0,0.7,7.2381383160935435,1,14.0,0.06123771987488704,2,25.0,0.0663492230566884,0,2.0,0.8784175006345695,3,13.0,0.5137303346809924,6,54.0
945.0,-1.25,-37.55000000000001,756,12,0.015873015873015872,743,0.9828042328042328,32,0,5,356,388,0,18.0,0.5625,8.465323806257807,2,12.0,0.3094412854939064,1,14.0,0.5881970216884548,1,3.0,0.7537098808696606,1,16.0,0.47959318258666644,5,45.0
950.0,-1.0,-37.750000000000014,760,12,0.015789473684210527,747,0.9828947368421053,28,0,4,361,389,0,14.0,0.5,7.549266922000588,0,7.0,0.6921181466094629,1,5.0,0.6537076888659452,0,1.0,0.5308942914434472,3,15.0,0.42392452902788574,4,28.0
955.0,-1.0,-37.95000000000001,764,12,0.015706806282722512,751,0.9829842931937173,32,0,4,361,393,0,20.0,0.625,7.47201686949054,0,0.0,0.781629626594335,1,8.0,0.6211173015854764,1,7.0,0.3928616003936045,2,25.0,0.19502896580816298,4,40.0
960.0,-2.25,-38.40000000000001,768,12,0.015625,755,0.9830729166666666,32,0,9,363,395,0,33.0,1.03125,7.874760670459667,2,3.0,0.5658602046807563,0,0.0,0.9570563756866394,4,23.0,0.46570770174085463,3,22.0,0.13085602681594208,9,48.0
965.0,-2.0,-38.80000000000001,772,12,0.015544041450777202,759,0.9831606217616581,34,0,8,366,400,0,52.0,1.5294117647058822,6.306839747470024,0,4.0,0.5485869344501405,0,0.0,0.9501747191738316,5,45.0,0.05205408048582761,3,33.0,0.31613178674079334,8,82.0
970.0,-2.0,-39.20000000000001,776,12,0.015463917525773196,763,0.9832474226804123,29,0,8,372,401,0,50.0,1.7241379310344827,7.254811860224565,1,5.0,0.7222440840903541,0,2.0,0.8124056273600544,5,59.0,0.03734685998455656,2,31.0,0.4491267090144567,8,97.0
975.0,-1.5,-39.50000000000001,780,12,0.015384615384615385,767,0.9833333333333333,33,0,6,374,407,0,38.0,1.1515151515151516,7.517693834166727,2,11.0,0.4018251539207322,1,5.0,0.780035301557703,2,46.0,0.41303773291028734,1,26.0,0.43935833061619894,6,88.0
980.0,-2.25,-39.95000000000001,784,12,0.015306122448979591,770,0.9821428571428571,34,0,9,375,409,0,47.0,1.3823529411764706,7.2755198921515385,5,29.0,0.3399734876416985,0,2.0,0.44040964053523707,1,24.0,0.5482393121128926,3,26.0,0.5366726332921804,9,81.0
985.0,-2.25,-40.40000000000001,788,12,0.015228426395939087,774,0.9822335025380711,35,0,9,377,412,0,37.0,1.0571428571428572,6.2790550815938415,2,31.0,0.3982288299856298,4,14.0,0.001959282415465631,3,22.0,0.26971941760948176,0,20.0,0.5475555988102416,9,87.0
990.0,-2.25,-40.85000000000001,792,12,0.015151515151515152,778,0.9823232323232324,35,0,9,379,414,0,35.0,1.0,6.876150715467494,3,24.0,0.4810134020418191,1,19.0,0.11864443478622644,3,26.0,0.39655398362203453,2,8.0,0.4199984563022848,9,77.0
995.0,-0.25,-40.9,796,12,0.01507537688442211,782,0.9824120603015075,34,0,1,382,416,0,3.0,0.08823529411764706,7.771287744606067,1,15.0,0.3654317166110521,0,6.0,0.5378788022758142,0,12.0,0.6391904487656084,0,11.0,0.4509640387225996,1,44.0
1000.0,-1.0,-41.1,800,12,0.015,786,0.9825,32,0,4,384,416,0,16.0,0.5,8.302163591911576,2,12.0,0.18062143866376856,0,2.0,0.7688425073414832,0,2.0,0.500506818190289,2,9.0,0.6159050238003732,4,25.0
1005.0,-1.25,-41.35,804,12,0.014925373134328358,790,0.9825870646766169,28,0,5,388,416,0,13.0,0.4642857142857143,6.5616415538239945,2,14.0,0.11642889355491826,0,2.0,0.8595880405140175,3,11.0,0.006688282372399081,0,8.0,0.5107061861711505,5,35.0
1010.0,-2.0,-41.75,808,12,0.01485148514851485,794,0.9826732673267327,26,0,8,392,418,0,32.0,1.2307692307692308,5.333052976503104,4,22.0,0.1891134208432203,0,2.0,0.5504543217152131,1,18.0,0.4220197429913558,3,10.0,0.2080449235357868,8,52.0
1015.0,-1.5,-42.05,812,12,0.014778325123152709,798,0.9827586206896551,27,0,6,393,420,0,20.0,0.7407407407407407,5.8064631564554405,1,23.0,0.42393977818057305,2,6.0,0.38637694984328863,0,7.0,0.6415212374382055,3,19.0,0.0677851864260328,6,55.0
1020.0,-0.25,-42.09999999999999,816,12,0.014705882352941176,802,0.9828431372549019,28,0,1,395,423,0,2.0,0.07142857142857142,7.5737428832298,0,7.0,0.7226381147856508,0,10.0,0.6138256286617407,1,9.0,0.037453417151296735,0,14.0,0.2793092102695169,1,40.0
1025.0,-1.25,-42.34999999999999,820,12,0.014634146341463415,806,0.9829268292682927,29,0,5,396,425,0,21.0,0.7241379310344828,9.46162520328396,1,1.0,0.7463843960116785,1,7.0,0.689914935471288,3,22.0,2.1754328030201294e-05,0,2.0,0.6778133222464305,5,32.0
1030.0,-0.5,-42.449999999999996,824,12,0.014563106796116505,810,0.9830097087378641,27,0,2,400,427,0,8.0,0.2962962962962963,7.3690415737233925,1,6.0,0.45701581345234965,1,8.0,0.19731224869052957,0,17.0,0.40446993542661464,0,0.0,1.0,2,31.0
1035.0,-1.5,-42.74999999999999,828,12,0.014492753623188406,814,0.9830917874396136,26,0,6,405,431,0,33.0,1.2692307692307692,8.056247034542015,3,19.0,0.42942251768727413,3,16.0,0.11425817096384332,0,0.0,0.9167736797183297,0,2.0,0.8925687704409286,6,37.0
1040.0,-1.75,-43.1,832,12,0.014423076923076924,818,0.9831730769230769,29,0,7,408,437,0,52.0,1.793103448275862,7.9638689322633525,5,44.0,0.4331855175210637,1,19.0,0.28383968020454187,1,3.0,0.7207946413059246,0,2.0,0.9070468987296292,7,68.0
1045.0,-1.75,-43.45000000000001,836,12,0.014354066985645933,822,0.9832535885167464,29,0,7,411,440,0,37.0,1.2758620689655173,6.153956440522232,6,56.0,0.1944362393881297,0,5.0,0.7422049366303837,0,0.0,0.7441267384421758,1,4.0,0.4124585252803179,7,65.0
1050.0,-1.5,-43.75,840,12,0.014285714285714285,826,0.9833333333333333,30,0,6,412,442,0,55.0,1.8333333333333333,7.428711981750371,5,59.0,0.2022725026390681,1,9.0,0.7816054154445892,0,0.0,0.8785914679540201,0,3.0,0.5250822759923909,6,71.0
1055.0,-1.25,-44.0,844,12,0.014218009478672985,830,0.9834123222748815,31,0,5,414,445,0,32.0,1.032258064516129,7.857486574349724,4,63.0,0.2457026937723741,1,14.0,0.6300032784836791,0,0.0,0.8970746773216741,0,2.0,0.8404806046338876,5,79.0
1060.0,-1.75,-44.35,848,12,0.014150943396226415,834,0.9834905660377359,32,0,7,415,447,0,25.0,0.78125,6.453999926402656,4,35.0,0.3210598131435357,2,10.0,0.3494456856034669,0,2.0,0.7111787348237893,1,3.0,0.4327795239072573,7,50.0
1065.0,-1.5,-44.65,852,12,0.014084507042253521,838,0.9835680751173709,32,0,6,417,449,0,31.0,0.96875,6.154714357801053,2,37.0,0.33818210876748417,3,23.0,0.3036325549084506,0,2.0,0.6586307739925557,1,6.0,0.15465631118321205,6,68.0
1070.0,-1.25,-44.9,856,12,0.014018691588785047,842,0.9836448598130841,31,0,5,419,450,0,19.0,0.6129032258064516,7.41466835786453,4,34.0,0.3986364941389073,1,26.0,0.4067310636491735,0,2.0,0.5665753977016261,0,1.0,0.3783479633358942,5,63.0
1075.0,-0.75,-45.05,860,12,0.013953488372093023,846,0.9837209302325581,32,0,3,420,452,0,9.0,0.28125,8.182032821508852,2,27.0,0.37349491713795313,0,4.0,0.7136374368712137,1,4.0,0.026730789083257052,0,2.0,0.8612197467900294,3,37.0
1080.0,-0.5,-45.150000000000006,864,12,0.013888888888888888,850,0.9837962962962963,30,0,2,425,455,0,5.0,0.16666666666666666,8.43942283072599,1,12.0,0.3222098902206145,0,2.0,0.47260422396291474,1,10.0,0.5831274576377975,0,2.0,0.8559457509123742,2,26.0
1085.0,-1.25,-45.400000000000006,868,12,0.013824884792626729,854,0.9838709677419355,27,0,5,428,455,0,20.0,0.7407407407407407,7.102197838538826,1,11.0,0.20348953304433307,3,12.0,0.19217159785212481,0,5.0,0.7963563281552826,1,3.0,0.4761541904338995,5,31.0
1090.0,-1.75,-45.750000000000014,872,12,0.013761467889908258,858,0.9839449541284404,34,0,7,429,463,0,33.0,0.9705882352941176,6.173605788671142,5,29.0,0.40703411079971286,1,17.0,0.3042543061344044,0,0.0,0.5236508473060445,1,4.0,0.2687296570828668,7,50.0
1095.0,-1.0,-45.95000000000002,876,12,0.0136986301369863,862,0.9840182648401826,34,0,4,429,463,0,33.0,0.9705882352941176,7.707418005004087,2,39.0,0.462176055495643,0,5.0,0.7745589614021402,2,8.0,0.3331595952898392,0,1.0,0.3028502436695287,4,53.0
1100.0,-0.25,-46.00000000000001,880,12,0.013636363636363636,866,0.9840909090909091,32,0,1,432,464,0,24.0,0.75,8.82819270424057,1,30.0,0.31290626015628203,0,0.0,0.5269574337064455,0,8.0,0.6626683320929746,0,0.0,0.6342452431294369,1,38.0
1105.0,-0.75,-46.150000000000006,884,12,0.013574660633484163,870,0.9841628959276018,27,0,3,437,464,0,10.0,0.37037037037037035,8.864654252329553,2,12.0,0.12434711081709786,1,4.0,0.00034480148877657536,0,2.0,0.9405261833657915,0,2.0,0.9374699753700731,3,20.0
1110.0,-1.25,-46.400000000000006,888,12,0.013513513513513514,874,0.9842342342342343,21,0,5,444,465,0,24.0,1.1428571428571428,7.498825370513394,4,29.0,0.16049376099860302,0,2.0,0.8972652851180886,1,3.0,0.1732906545279637,0,2.0,0.9230953635349223,5,36.0
1115.0,-0.5,-46.50000000000001,892,12,0.013452914798206279,878,0.984304932735426,20,0,2,448,468,0,12.0,0.6,6.970995914399239,2,31.0,0.36209728823374965,0,2.0,0.9056682324931371,0,3.0,0.4379842219832799,0,4.0,0.4871127740275097,2,40.0
1120.0,-0.75,-46.650000000000006,896,12,0.013392857142857142,882,0.984375,21,0,3,448,469,0,10.0,0.47619047619047616,7.942617324373042,0,13.0,0.43653505501552886,0,2.0,0.6420137014215651,0,2.0,0.8678281280473268,3,14.0,0.20266147214377664,3,31.0
1125.0,-1.25,-46.90000000000001,900,12,0.013333333333333334,886,0.9844444444444445,21,0,5,448,469,0,16.0,0.7619047619047619,7.314091240784274,1,4.0,0.005349817833967365,2,9.0,0.23223388246193705,1,3.0,0.7116673691106145,1,16.0,0.31390053763056436,5,32.0
1130.0,-1.0,-47.100000000000016,904,12,0.01327433628318584,890,0.9845132743362832,22,0,4,450,472,0,21.0,0.9545454545454546,7.333404402300814,2,14.0,0.5709463914420537,0,10.0,0.15400377832152157,2,9.0,0.3508653261905545,0,4.0,0.709990383825958,4,37.0
1135.0,-1.25,-47.35000000000002,908,12,0.013215859030837005,894,0.9845814977973568,22,0,5,452,474,0,39.0,1.7727272727272727,6.699565274492502,2,24.0,0.6682288898244974,1,3.0,9.826225954862499e-05,1,14.0,0.07293586116550516,1,1.0,0.0004960980896470991,5,42.0
1140.0,-0.25,-47.40000000000001,912,12,0.013157894736842105,898,0.9846491228070176,22,0,1,454,476,0,16.0,0.7272727272727273,8.138160664802768,0,13.0,0.6050795628215778,0,0.0,1.0,1,16.0,0.27194461751808596,0,0.0,1.0,1,29.0
1145.0,-1.25,-47.65000000000001,916,12,0.013100436681222707,902,0.9847161572052402,20,0,5,457,477,0,15.0,0.75,8.80248938889882,3,10.0,0.4409231620705698,0,2.0,0.8728677393334071,2,5.0,0.3281984850945458,0,2.0,0.9503521140780707,5,19.0
1150.0,-0.75,-47.80000000000001,920,12,0.013043478260869565,906,0.9847826086956522,18,0,3,461,479,0,17.0,0.9444444444444444,7.919438662339341,1,14.0,0.11965354667521926,0,2.0,0.9386312293255026,2,15.0,0.5744548045135625,0,4.0,0.9570793204985348,3,35.0
1155.0,-1.0,-48.000000000000014,924,12,0.012987012987012988,910,0.9848484848484849,18,0,4,463,481,0,15.0,0.8333333333333334,8.113506642818745,3,14.0,0.24577055672135595,1,3.0,0.32979277324034195,0,11.0,0.8046228952815563,0,2.0,0.9522752312912931,4,30.0
1160.0,-0.5,-48.10000000000002,928,12,0.01293103448275862,914,0.9849137931034483,24,0,2,463,487,0,3.0,0.125,9.117863862643423,0,14.0,0.6039079322795259,0,2.0,0.5854169257921529,1,3.0,0.8039909855598443,1,4.0,0.2619701735570468,2,23.0
1165.0,-0.5,-48.200000000000024,932,12,0.012875536480686695,918,0.9849785407725322,25,0,2,463,488,0,8.0,0.32,8.851551863482596,0,0.0,0.8334701730014398,0,2.0,0.8568229685092161,2,10.0,0.21361040785248656,0,1.0,0.20903954017897408,2,13.0
1170.0,-1.75,-48.550000000000026,936,12,0.01282051282051282,922,0.9850427350427351,25,0,7,466,491,0,34.0,1.36,6.8586784987670395,0,0.0,0.7283747248382315,0,2.0,0.5192377751219093,7,36.0,0.11864852966602049,0,0.0,1.0,7,38.0
1175.0,-2.0,-48.950000000000024,940,12,0.01276595744680851,926,0.9851063829787234,23,0,8,468,491,0,45.0,1.9565217391304348,6.15856990923075,1,5.0,0.5321656078858205,3,9.0,0.41519934362623034,4,52.0,0.15690111377767021,0,0.0,1.0,8,66.0
1180.0,-1.5,-49.25000000000002,944,12,0.012711864406779662,930,0.9851694915254238,20,0,6,471,491,0,55.0,2.75,3.949100816658853,2,15.0,0.09642919330329452,1,12.0,0.12935549057195442,3,48.0,0.18278485748886641,0,2.0,0.8880318233821209,6,77.0
1185.0,-2.5,-49.75000000000002,948,12,0.012658227848101266,934,0.9852320675105485,24,0,10,471,495,0,53.0,2.2083333333333335,5.783154063640578,4,33.0,0.4058517332357314,4,15.0,0.0010379121339080515,2,43.0,0.06931642579791333,0,4.0,0.9220220401077747,10,95.0
1190.0,-1.75,-50.10000000000002,952,12,0.012605042016806723,938,0.9852941176470589,25,0,7,471,496,0,75.0,3.0,7.873802795264411,4,53.0,0.512473480157285,1,21.0,0.08598600531424248,2,22.0,8.98506968640317e-06,0,2.0,0.9265839180940652,7,98.0
1195.0,-0.5,-50.200000000000024,956,12,0.012552301255230125,942,0.9853556485355649,28,0,2,472,500,0,34.0,1.2142857142857142,7.44952131757117,2,46.0,0.3906789413705798,0,7.0,0.43915885223442813,0,9.0,0.588706939823233,0,2.0,0.18034166214221828,2,64.0
1200.0,-1.75,-50.550000000000026,960,12,0.0125,946,0.9854166666666667,29,0,7,475,504,0,63.0,2.1724137931034484,9.038344318985713,4,52.0,0.5138988646329886,0,0.0,0.9624659251114006,0,2.0,0.8896373565899045,3,15.0,0.3506537490100792,7,69.0
1205.0,-0.75,-50.700000000000024,964,12,0.012448132780082987,950,0.9854771784232366,26,0,3,480,506,0,14.0,0.5384615384615384,8.482597963560293,3,45.0,0.3768772268683305,0,0.0,0.9201437136011914,0,2.0,0.9114843470169671,0,15.0,0.6374201103631439,3,62.0
1210.0,-0.75,-50.85000000000002,968,12,0.012396694214876033,954,0.9855371900826446,28,0,3,482,510,0,9.0,0.32142857142857145,7.33709701723261,2,24.0,0.3434622414826953,0,2.0,0.7063240144181635,1,4.0,0.48970617909191044,0,2.0,0.3852618103187009,3,32.0
1215.0,-1.75,-51.200000000000024,972,12,0.012345679012345678,958,0.98559670781893,30,0,7,482,512,0,20.0,0.6666666666666666,6.436364376615097,2,31.0,0.3021491897222388,1,6.0,0.7373889683420279,1,5.0,0.315457717078773,3,12.0,0.2345201901991884,7,54.0
1220.0,-1.25,-51.450000000000024,976,12,0.012295081967213115,962,0.985655737704918,30,0,5,484,514,0,18.0,0.6,6.375795120233726,4,36.0,0.24116066575538064,1,3.0,0.39662672202296834,0,3.0,0.7686113917655815,0,12.0,0.1518940207641911,5,54.0
1225.0,-2.0,-51.85000000000002,980,12,0.012244897959183673,966,0.9857142857142858,34,0,8,485,519,0,28.0,0.8235294117647058,7.838963617630464,4,40.0,0.34655306116403295,3,13.0,0.23563910249165343,1,5.0,0.6943972016998837,0,2.0,0.7641403032267454,8,60.0
1230.0,-1.25,-52.10000000000002,984,12,0.012195121951219513,970,0.9857723577235772,33,0,5,487,520,0,18.0,0.5454545454545454,8.209821820245661,4,31.0,0.2929771373974105,0,14.0,0.5918623237623152,1,3.0,0.5980300547751907,0,2.0,0.9151724176272898,5,50.0
1235.0,-1.75,-52.450000000000024,988,12,0.012145748987854251,974,0.9858299595141701,30,0,7,491,521,0,22.0,0.7333333333333333,7.305358165254259,4,40.0,0.1666473480782467,0,2.0,0.8400962951043054,3,12.0,0.3994658786962269,0,4.0,0.5584013086389803,7,58.0
1240.0,-1.75,-52.800000000000026,992,12,0.012096774193548387,978,0.9858870967741935,28,0,7,493,521,0,33.0,1.1785714285714286,7.024564959154269,4,42.0,0.19157394884444234,0,0.0,0.8690516260141412,0,13.0,0.4250467996820228,3,15.0,0.5276627843925195,7,70.0
1245.0,-1.25,-53.05000000000003,996,12,0.012048192771084338,982,0.9859437751004017,28,0,5,495,523,0,17.0,0.6071428571428571,7.483371084108002,1,33.0,0.3243896941306726,1,1.0,0.0007900883032661092,2,9.0,0.6102827660159407,1,14.0,0.4241766481564914,5,57.0
1250.0,-1.75,-53.400000000000034,1000,12,0.012,986,0.986,32,0,7,497,529,0,24.0,0.75,7.812998753259277,2,10.0,0.5686687156100757,1,8.0,0.742663722034671,1,9.0,0.27680498194833436,3,9.0,0.002296930353147627,7,36.0
1255.0,-1.0,-53.60000000000004,1004,12,0.01195219123505976,990,0.9860557768924303,32,0,4,500,532,0,14.0,0.4375,8.749355029309612,1,9.0,0.6704340589608329,0,2.0,0.8797121205016488,3,15.0,0.19940583250248367,0,12.0,0.5616021742665906,4,38.0
1260.0,-0.75,-53.750000000000036,1008,12,0.011904761904761904,994,0.9861111111111112,33,0,3,504,537,0,8.0,0.24242424242424243,9.662233951647314,1,3.0,0.6548127116728151,1,2.0,0.48036291076045146,1,20.0,0.6430783885846078,0,2.0,0.7869902086341274,3,27.0
1265.0,-1.0,-53.950000000000045,1012,12,0.011857707509881422,998,0.9861660079051383,32,0,4,505,537,0,11.0,0.34375,8.25756924827919,4,11.0,0.24127939931490935,0,2.0,0.309687609667955,0,6.0,0.6263402982846223,0,0.0,1.0,4,19.0
1270.0,-2.75,-54.50000000000004,1016,12,0.011811023622047244,1002,0.9862204724409449,30,0,11,509,539,0,56.0,1.8666666666666667,6.9759105648249315,7,41.0,0.11141790941934136,2,9.0,8.528925027476412e-05,2,6.0,0.43134641457319295,0,2.0,0.8426430715237174,11,58.0
1275.0,-1.5,-54.80000000000003,1020,12,0.011764705882352941,1006,0.9862745098039216,28,0,6,515,543,0,43.0,1.5357142857142858,6.914013469733667,5,61.0,0.2618215575298043,0,7.0,0.5828412347329617,1,9.0,0.38562524081816013,0,2.0,0.9687682014654705,6,79.0
1280.0,-1.25,-55.05000000000003,1024,12,0.01171875,1010,0.986328125,27,0,5,518,545,0,53.0,1.962962962962963,8.041583584283684,3,58.0,0.23846166507285946,0,2.0,0.8995062907004236,2,11.0,0.5792761926707605,0,4.0,0.5364075269558726,5,75.0
1285.0,-1.5,-55.35000000000003,1028,12,0.011673151750972763,1014,0.9863813229571985,30,0,6,519,549,0,15.0,0.5,7.706963027662069,1,41.0,0.37679142953330136,1,3.0,0.7782377908029208,1,9.0,0.46261291049881414,3,15.0,0.42832546737469895,6,68.0
1290.0,-2.25,-55.800000000000026,1032,12,0.011627906976744186,1018,0.9864341085271318,30,0,9,521,551,0,31.0,1.0333333333333334,5.621630124094244,3,18.0,0.32242812470885257,3,10.0,0.27208155651480115,2,12.0,0.6078302303178108,1,17.0,0.14693727015638644,9,57.0
1295.0,-2.5,-56.300000000000026,1036,12,0.011583011583011582,1022,0.9864864864864865,31,0,10,521,552,0,50.0,1.6129032258064515,5.216646783896539,1,18.0,0.09197298399457934,6,33.0,0.001261410763111212,0,12.0,0.6282875920839214,3,16.0,2.9058343235473215e-05,10,79.0
1300.0,-1.75,-56.65000000000003,1040,12,0.011538461538461539,1026,0.9865384615384616,30,0,7,523,553,0,40.0,1.3333333333333333,6.3588944031713766,2,12.0,0.1488058673746991,4,51.0,0.33774428493867675,1,3.0,0.43856613598860555,0,16.0,0.5155287317218571,7,82.0
1305.0,-1.75,-57.00000000000003,1044,12,0.011494252873563218,1030,0.9865900383141762,30,0,7,525,555,0,71.0,2.3666666666666667,6.865243917732946,3,24.0,0.000125224903419121,4,56.0,0.4669881482038932,0,4.0,0.13370360667093256,0,4.0,0.786264303738872,7,88.0
1310.0,-2.25,-57.45000000000003,1048,12,0.011450381679389313,1034,0.9866412213740458,32,0,9,526,558,0,64.0,2.0,7.573638708342068,3,39.0,0.39435522579726207,3,55.0,0.2898729870096888,3,10.0,0.2502343426278092,0,2.0,0.8504438317268608,9,106.0
1315.0,-1.5,-57.75000000000003,1052,12,0.011406844106463879,1038,0.9866920152091255,31,0,6,528,559,0,53.0,1.7096774193548387,6.527982803952256,3,54.0,0.3788835389309454,2,30.0,0.2134017071767531,0,12.0,0.41381226465444926,1,3.0,0.10379662881081085,6,99.0
1320.0,-0.75,-57.90000000000003,1056,12,0.011363636363636364,1042,0.9867424242424242,29,0,3,530,559,0,20.0,0.6896551724137931,6.900571808393833,1,42.0,0.22286911813682167,2,37.0,0.08126375880758797,0,0.0,0.705050644136197,0,4.0,0.5401406446888233,3,83.0
1325.0,-1.5,-58.200000000000024,1060,12,0.011320754716981131,1046,0.9867924528301887,25,0,6,537,562,0,47.0,1.88,9.305155595492169,2,31.0,0.4953838572704408,4,48.0,0.1984918416990769,0,2.0,0.8561745972947618,0,4.0,0.8570245390645326,6,85.0
1330.0,-1.0,-58.40000000000002,1064,12,0.011278195488721804,1050,0.9868421052631579,23,0,4,539,562,0,45.0,1.9565217391304348,9.050208913353059,2,41.0,0.4803265280770003,1,38.0,0.31590615387756893,0,2.0,0.9572586300667391,1,5.0,0.6910794647612406,4,86.0
1335.0,-1.25,-58.65000000000002,1068,12,0.011235955056179775,1054,0.9868913857677902,22,0,5,541,563,0,50.0,2.272727272727273,5.568645177008334,3,52.0,0.12425705581764458,1,12.0,0.5173443447655511,1,3.0,0.17252812601866582,0,0.0,0.22005821049437865,5,67.0
1340.0,-1.5,-58.95000000000002,1072,12,0.011194029850746268,1058,0.9869402985074627,21,0,6,542,563,0,26.0,1.2380952380952381,6.57332683011653,1,23.0,0.09842664695495873,0,0.0,0.7471934991494721,3,15.0,0.00010877141802359182,2,7.0,0.2052763819915297,6,45.0
1345.0,-0.5,-59.050000000000026,1076,12,0.011152416356877323,1062,0.9869888475836431,21,0,2,545,566,0,12.0,0.5714285714285714,9.049191451592467,1,11.0,0.5,0,2.0,0.9079049174443546,0,14.0,0.45814390707227387,1,8.0,0.41100364272390194,2,35.0
1350.0,-0.5,-59.15000000000003,1080,12,0.011111111111111112,1066,0.987037037037037,19,0,2,548,567,0,11.0,0.5789473684210527,11.075574923922872,0,0.0,0.9251895942658028,0,2.0,0.8971067107665511,0,0.0,0.9410398845738274,2,13.0,0.4294948453055577,2,15.0
1355.0,-0.5,-59.250000000000036,1084,12,0.01107011070110701,1070,0.9870848708487084,21,0,2,550,571,0,2.0,0.09523809523809523,8.765324390673715,0,0.0,0.7708361834459829,1,3.0,0.32527115875246565,1,3.0,0.7466234823200427,0,10.0,0.29409381140308927,2,16.0
1360.0,-1.0,-59.45000000000003,1088,12,0.011029411764705883,1074,0.9871323529411765,22,0,4,554,576,0,17.0,0.7727272727272727,9.553101350570085,1,2.0,0.7344705912827052,0,4.0,0.6164717636459806,1,8.0,0.7540738683125751,2,11.0,0.3201640538224949,4,25.0
1365.0,-0.5,-59.55000000000004,1092,12,0.01098901098901099,1078,0.9871794871794872,24,0,2,555,579,0,8.0,0.3333333333333333,7.672375928402469,1,7.0,0.5607974671069552,0,0.0,0.577016553828724,1,3.0,0.3965713719712873,0,7.0,0.15666859565885302,2,17.0
1370.0,-1.5,-59.85000000000004,1096,12,0.010948905109489052,1082,0.9872262773722628,24,0,6,556,580,0,33.0,1.375,8.241207131778078,2,15.0,0.4558661278097034,2,7.0,0.3133666184667687,2,13.0,0.40074863504608627,0,2.0,0.8756574541401966,6,37.0
1375.0,-2.0,-60.25000000000003,1100,13,0.011818181818181818,1085,0.9863636363636363,21,0,8,559,580,0,53.0,2.5238095238095237,6.000433638927197,4,32.0,0.08489144984104267,4,21.0,0.0016105478157277776,0,8.0,0.5228697445576462,0,2.0,0.8278597585662214,8,63.0
1380.0,-2.25,-60.700000000000024,1104,13,0.01177536231884058,1089,0.9864130434782609,19,0,9,562,581,0,60.0,3.1578947368421053,4.015816264079816,3,34.0,0.21638298502628164,4,41.0,0.0,1,3.0,0.00036269958049122943,1,4.0,0.254246919118629,9,82.0
1385.0,-1.0,-60.90000000000002,1108,13,0.011732851985559567,1093,0.9864620938628159,20,0,4,563,583,0,40.0,2.0,6.7271061063578115,2,24.0,0.4715895950862931,1,41.0,0.5252096515085897,1,8.0,0.0,0,1.0,0.1130148724780403,4,74.0
1390.0,-0.25,-60.95000000000001,1112,13,0.011690647482014389,1097,0.9865107913669064,20,0,1,565,585,0,13.0,0.65,10.020200301665632,0,12.0,0.6216805261827081,0,13.0,0.7937021605468689,1,13.0,0.0,0,2.0,0.7899996010595887,1,40.0
1395.0,-0.5,-61.05000000000002,1116,13,0.011648745519713262,1101,0.9865591397849462,21,0,2,565,586,0,3.0,0.14285714285714285,9.324912187131288,1,2.0,0.3261436069441206,1,3.0,0.4727868362026469,0,2.0,0.9369157373878427,0,2.0,0.8653842956023405,2,9.0
1400.0,-0.75,-61.20000000000002,1120,13,0.011607142857142858,1105,0.9866071428571429,23,0,3,566,589,0,13.0,0.5652173913043478,7.781449987214315,2,11.0,0.47620429708059103,0,3.0,0.44716608619571063,0,2.0,0.9187666789094393,1,6.0,0.5156515698914381,3,22.0
1405.0,-1.5,-61.500000000000014,1124,13,0.011565836298932384,1109,0.9866548042704626,24,0,6,569,593,0,29.0,1.2083333333333333,7.03717011131291,2,21.0,0.5037641747753352,2,6.0,0.5379076411770315,1,3.0,0.3783993493165722,1,6.0,0.2833333662971523,6,36.0
1410.0,-0.25,-61.550000000000004,1128,13,0.01152482269503546,1113,0.9867021276595744,25,0,1,569,594,0,4.0,0.16,8.03971601021655,1,16.0,0.48848863655983327,0,5.0,0.3489975287451727,0,3.0,0.5700280831545311,0,2.0,0.18955726719963778,1,26.0
1415.0,-1.0,-61.75000000000001,1132,13,0.011484098939929329,1117,0.9867491166077739,23,0,4,572,595,0,21.0,0.9130434782608695,9.13220305476795,3,16.0,0.24799244477421087,0,2.0,0.6597407619385597,0,0.0,0.4740377473672233,1,9.0,0.6445408712217752,4,27.0
1420.0,-0.5,-61.850000000000016,1136,13,0.011443661971830986,1121,0.9867957746478874,21,0,2,575,596,0,6.0,0.2857142857142857,9.383539364635192,1,15.0,0.3310361762411846,0,2.0,0.8222614529404061,1,5.0,0.48779225654891806,0,2.0,0.9031685439621142,2,24.0
1425.0,-0.75,-62.000000000000014,1140,13,0.011403508771929825,1125,0.9868421052631579,20,0,3,579,599,0,17.0,0.85,8.303138268111606,1,6.0,0.6596621483889614,0,2.0,0.47915243188289114,1,12.0,0.5937770861123681,1,3.0,0.4696218137145062,3,23.0
1430.0,-0.5,-62.100000000000016,1144,14,0.012237762237762238,1128,0.986013986013986,21,0,2,580,601,0,6.0,0.2857142857142857,7.692359815889704,0,0.0,0.9116056140780158,2,8.0,0.3861885931636472,0,5.0,0.7612502663980298,0,2.0,0.11756572314222614,2,15.0
1435.0,-0.25,-62.150000000000006,1148,14,0.012195121951219513,1132,0.9860627177700348,21,0,1,581,602,0,1.0,0.047619047619047616,8.69283922940807,0,0.0,0.9369507570168799,0,11.0,0.6505092590748156,1,3.0,0.2981251809996435,0,2.0,0.6948312079425562,1,16.0
1440.0,-0.5,-62.250000000000014,1152,14,0.012152777777777778,1136,0.9861111111111112,24,0,2,581,605,0,4.0,0.16666666666666666,9.281551336866356,0,0.0,0.48114605242355163,1,4.0,0.7202942402664068,1,6.0,0.08557917852250423,0,2.0,0.9526145477248418,2,12.0
1445.0,-1.0,-62.45,1156,14,0.012110726643598616,1140,0.986159169550173,25,0,4,583,608,0,15.0,0.6,7.906428299517618,1,4.0,0.7154612620041113,1,6.0,0.28611283209994226,1,7.0,0.4998940703168055,1,4.0,0.05581326328024385,4,21.0
1450.0,-1.25,-62.7,1160,14,0.01206896551724138,1144,0.9862068965517241,22,0,5,587,609,0,32.0,1.4545454545454546,7.862300248296791,1,9.0,0.3396806322342714,3,13.0,0.3249165616066276,1,12.0,0.45902927289874945,0,5.0,0.7133364139786104,5,39.0
1455.0,-1.0,-62.900000000000006,1164,14,0.012027491408934709,1148,0.9862542955326461,20,0,4,592,612,0,38.0,1.9,7.2712783642723124,3,21.0,0.36766845894259503,0,11.0,0.4744752536195032,1,17.0,0.01981234987510599,0,2.0,0.8753248911713276,4,51.0
1460.0,-0.5,-63.000000000000014,1168,14,0.011986301369863013,1152,0.9863013698630136,21,0,2,592,613,0,6.0,0.2857142857142857,7.115370686680445,0,14.0,0.4304843424918955,1,5.0,0.4807822561041722,0,3.0,0.2716510698389754,1,3.0,0.26387285625771256,2,25.0
1465.0,-0.5,-63.10000000000002,1172,14,0.011945392491467578,1156,0.9863481228668942,19,0,2,594,613,0,6.0,0.3157894736842105,7.327381622755577,1,5.0,0.3351755700895589,0,4.0,0.49528837237881884,0,0.0,1.0,1,6.0,0.41829335895394015,2,15.0
1470.0,0.0,-63.10000000000002,1176,14,0.011904761904761904,1160,0.9863945578231292,20,0,0,595,615,0,0.0,0.0,10.918902878124129,0,3.0,0.5748521320635128,0,2.0,0.9134855067868574,0,0.0,1.0,0,5.0,0.8083716806791329,0,10.0
1475.0,-0.25,-63.15000000000001,1180,14,0.011864406779661017,1164,0.9864406779661017,20,0,1,597,617,0,2.0,0.1,9.913643875395,0,0.0,0.930936435426228,1,4.0,0.15866401494054563,0,2.0,0.8330790289785149,0,4.0,0.6311380631799596,1,10.0
1480.0,-0.75,-63.30000000000001,1184,14,0.011824324324324325,1168,0.9864864864864865,20,0,3,599,619,0,10.0,0.5,8.59078989445398,1,1.0,0.41332087339783735,0,3.0,0.439567049564064,0,2.0,0.9017513193129959,2,11.0,0.47043433001294677,3,17.0
1485.0,-0.75,-63.45000000000001,1188,14,0.011784511784511785,1172,0.9865319865319865,22,0,3,601,623,0,12.0,0.5454545454545454,8.185320968362088,2,11.0,0.43413470258209796,0,0.0,0.9623037286933563,0,2.0,0.5382263895442916,1,8.0,0.11094741062268546,3,21.0
1490.0,-1.25,-63.70000000000001,1192,14,0.01174496644295302,1176,0.9865771812080537,21,0,5,602,623,0,26.0,1.2380952380952381,7.2041418215420485,1,10.0,0.3417482505631756,0,0.0,0.49130765473679144,3,12.0,0.3298298593511826,1,6.0,0.0,5,28.0
1495.0,-0.75,-63.85000000000001,1196,14,0.011705685618729096,1180,0.9866220735785953,19,0,3,606,625,0,24.0,1.263157894736842,6.741203075893872,1,15.0,0.09892865671401924,1,5.0,0.5934574911329019,1,18.0,0.4357557864434762,0,0.0,1.0,3,38.0
1500.0,-0.75,-64.00000000000001,1200,14,0.011666666666666667,1184,0.9866666666666667,17,0,3,609,626,0,17.0,1.0,7.785413311919808,0,2.0,0.6214379704373714,0,0.0,0.4258690163391463,3,19.0,0.5049225869195932,0,0.0,1.0,3,21.0
1505.0,-0.5,-64.1,1204,14,0.011627906976744186,1188,0.9867109634551495,20,0,2,609,629,0,3.0,0.15,9.609216020849006,0,0.0,0.9725838948111242,0,2.0,0.9392245162974993,2,20.0,0.2878365158810761,0,2.0,0.9499892095482758,2,24.0
1510.0,-0.5,-64.19999999999997,1208,14,0.011589403973509934,1192,0.9867549668874173,21,0,2,612,633,0,8.0,0.38095238095238093,10.250262021129027,0,0.0,0.7270498469511304,0,2.0,0.9103483576186675,2,12.0,0.27557754132358514,0,4.0,0.9518150990170096,2,18.0
1515.0,-0.5,-64.29999999999997,1212,14,0.01155115511551155,1196,0.9867986798679867,21,0,2,613,634,0,8.0,0.38095238095238093,8.635571989492842,1,5.0,0.6185708463047729,0,2.0,0.01825532838358246,1,13.0,0.33969346150700996,0,2.0,0.9127065979001967,2,22.0
1520.0,-1.25,-64.54999999999997,1216,14,0.011513157894736841,1200,0.9868421052631579,22,0,5,613,635,0,18.0,0.8181818181818182,6.327619679546,0,3.0,0.2684284042196329,2,10.0,0.33281247337217,2,11.0,0.0013514139250736992,1,3.0,0.4567031736707568,5,27.0
1525.0,-0.25,-64.59999999999997,1220,14,0.011475409836065573,1204,0.9868852459016394,21,0,1,614,635,0,5.0,0.23809523809523808,7.346477079314889,1,5.0,0.19081718741494536,0,6.0,0.57315640205816,0,6.0,0.7093523309710602,0,3.0,0.41903605516011305,1,20.0
1530.0,-0.25,-64.64999999999996,1224,14,0.011437908496732025,1208,0.9869281045751634,19,0,1,617,636,0,1.0,0.05263157894736842,9.418719481687768,0,3.0,0.5924066275285964,0,0.0,0.29483487513385054,0,2.0,0.8733645004909846,1,3.0,0.4037275676986115,1,8.0
1535.0,-0.25,-64.69999999999996,1228,14,0.011400651465798045,1212,0.9869706840390879,18,0,1,619,637,0,4.0,0.2222222222222222,9.71635708785144,0,0.0,0.9378217424858897,1,6.0,0.6053952648057721,0,2.0,0.34039675724369595,0,5.0,0.6664361585685367,1,13.0
1540.0,-1.25,-64.94999999999995,1232,14,0.011363636363636364,1216,0.987012987012987,14,0,5,623,637,0,21.0,1.5,6.374366232844005,0,0.0,0.9936943022540408,1,11.0,0.5637994084335403,3,12.0,0.007725508801405688,1,4.0,0.0031083182096841105,5,27.0
1545.0,-0.5,-65.04999999999994,1236,14,0.011326860841423949,1220,0.9870550161812298,15,0,2,624,639,0,5.0,0.3333333333333333,6.662992124486647,0,0.0,0.4138163974242508,1,3.0,0.6067662657950167,1,16.0,0.11209741514936643,0,3.0,0.22538120088833805,2,22.0
1550.0,-0.75,-65.19999999999995,1240,14,0.01129032258064516,1224,0.9870967741935484,14,0,3,626,640,0,11.0,0.7857142857142857,8.942598407247171,1,2.0,0.0022144100977637637,2,11.0,0.5237134050077495,0,4.0,0.5658282663837675,0,2.0,0.9115671605823408,3,19.0
1555.0,-0.25,-65.24999999999994,1244,14,0.011254019292604502,1228,0.9871382636655949,16,0,1,626,642,0,7.0,0.4375,9.535536487124048,1,7.0,0.5,0,9.0,0.44257877124818723,0,0.0,0.9076575128600608,0,2.0,0.9271621354417612,1,18.0
1560.0,-0.5,-65.34999999999992,1248,14,0.011217948717948718,1232,0.9871794871794872,18,0,2,630,648,0,6.0,0.3333333333333333,9.903725817478367,0,0.0,0.9630699055755656,2,6.0,0.04586336360134369,0,0.0,0.9572795608261832,0,2.0,0.013755283011428915,2,8.0
1565.0,-0.25,-65.39999999999992,1252,14,0.011182108626198083,1236,0.987220447284345,18,0,1,632,650,0,5.0,0.2777777777777778,10.486937117169145,0,0.0,0.9490758942630114,0,9.0,0.4192967948752812,0,0.0,0.8378331931772105,1,7.0,0.0,1,16.0
1570.0,-0.5,-65.4999999999999,1256,14,0.011146496815286623,1240,0.9872611464968153,22,0,2,634,656,0,4.0,0.18181818181818182,9.293762809189012,0,0.0,0.7550278823720993,0,2.0,0.9337301288889704,2,4.0,0.3390498558652837,0,2.0,0.8526030481234227,2,8.0
1575.0,-1.0,-65.6999999999999,1260,15,0.011904761904761904,1243,0.9865079365079366,27,0,4,635,662,0,11.0,0.4074074074074074,8.729997825848825,2,7.0,0.6736502565749145,1,3.0,0.6730750849798821,1,11.0,0.395962471067743,0,2.0,0.842760970368274,4,23.0
1580.0,-0.5,-65.79999999999988,1264,15,0.011867088607594937,1247,0.9865506329113924,29,0,2,635,664,0,10.0,0.3448275862068966,8.222928697599155,0,6.0,0.6159238729066296,2,12.0,0.49166594523967966,0,3.0,0.4599024031447975,0,2.0,0.8648830327474056,2,23.0
1585.0,-0.75,-65.94999999999989,1268,15,0.011829652996845425,1251,0.9865930599369085,31,0,3,636,667,0,11.0,0.3548387096774194,7.73354183355804,2,6.0,0.3545943587950735,1,15.0,0.38024936627156153,0,2.0,0.8255041859134543,0,2.0,0.8814499460347445,3,25.0
1590.0,-1.25,-66.19999999999989,1272,15,0.01179245283018868,1255,0.9866352201257862,34,0,5,636,670,0,22.0,0.6470588235294118,7.659079678692564,3,17.0,0.1875102037112843,2,14.0,0.48605105696812173,0,2.0,0.9127216681733032,0,2.0,0.5988781743869709,5,35.0
1595.0,-2.0,-66.5999999999999,1276,15,0.011755485893416929,1259,0.9866771159874608,35,0,8,639,674,0,27.0,0.7714285714285715,6.296182220365883,2,16.0,0.485174397309695,3,15.0,0.4886332879152329,0,2.0,0.3318064496298174,3,11.0,0.14628269746271447,8,44.0
1600.0,-2.25,-67.04999999999988,1280,15,0.01171875,1263,0.98671875,35,0,9,641,676,0,26.0,0.7428571428571429,5.860380600856281,1,12.0,0.39683804424217556,1,11.0,0.5459987104645667,4,12.0,0.18667822499335449,3,22.0,0.31461001798696253,9,57.0
1605.0,-2.0,-67.44999999999989,1284,15,0.011682242990654205,1267,0.9867601246105919,34,0,8,643,677,0,43.0,1.2647058823529411,6.0410107681363625,4,14.0,0.1824037994983298,0,4.0,0.30099588531066085,4,34.0,0.43107119598153215,0,16.0,0.6410083645975188,8,68.0
1610.0,-2.0,-67.84999999999988,1288,15,0.011645962732919254,1271,0.9868012422360248,37,0,8,643,680,0,30.0,0.8108108108108109,7.000180803361791,2,20.0,0.28249786359562645,4,12.0,0.42733757203604816,1,35.0,0.4172076808481591,1,6.0,0.42327106937659786,8,73.0
1615.0,-2.25,-68.29999999999988,1292,15,0.011609907120743035,1275,0.9868421052631579,36,0,9,645,681,0,40.0,1.1111111111111112,6.951832774071755,1,6.0,0.6494891183975122,4,24.0,0.36770522253316984,2,23.0,0.34061596427562857,2,8.0,0.1032938358435754,9,61.0
1620.0,-1.25,-68.54999999999987,1296,15,0.011574074074074073,1279,0.9868827160493827,34,0,5,650,684,0,32.0,0.9411764705882353,8.295582679884442,1,11.0,0.6423952297398194,2,23.0,0.43524433418648056,1,9.0,0.3053495386648961,1,12.0,0.6520952575339327,5,55.0
1625.0,-1.5,-68.84999999999987,1300,15,0.011538461538461539,1283,0.9869230769230769,32,0,6,654,686,0,31.0,0.96875,7.48052561335673,2,19.0,0.4888299965990537,2,19.0,0.22865920437755072,2,9.0,0.31343188007607875,0,4.0,0.8895645634342104,6,51.0
1630.0,-2.0,-69.24999999999987,1304,15,0.011503067484662576,1287,0.9869631901840491,33,0,8,657,690,0,47.0,1.4242424242424243,7.347826526883775,4,34.0,0.340542427700142,3,16.0,0.33616652827476,0,6.0,0.727951816652602,1,6.0,0.5441395362708437,8,62.0
1635.0,-1.5,-69.54999999999987,1308,15,0.011467889908256881,1291,0.9870030581039755,32,0,6,660,692,0,13.0,0.40625,5.574869939729684,2,28.0,0.3904909777442718,2,17.0,0.0794482300611947,0,0.0,0.6282734597861517,2,10.0,0.09863323125811443,6,55.0
1640.0,-2.25,-69.99999999999989,1312,15,0.011432926829268292,1295,0.9870426829268293,36,0,9,662,698,0,46.0,1.2777777777777777,8.050584377664944,2,19.0,0.5721055238163694,3,17.0,0.39963410749334966,2,9.0,0.5533151132823696,2,15.0,0.4502686269592037,9,60.0
1645.0,-1.75,-70.3499999999999,1316,15,0.011398176291793313,1299,0.9870820668693009,34,0,7,666,700,0,51.0,1.5,7.842273414700935,3,28.0,0.2986449984978408,1,18.0,0.44633130824615747,3,23.0,0.6217680136845739,0,9.0,0.7127723121383609,7,78.0
1650.0,-3.25,-70.9999999999999,1320,15,0.011363636363636364,1303,0.9871212121212121,34,0,13,668,702,0,73.0,2.1470588235294117,4.848226730251578,6,54.0,0.23498021246404005,3,15.0,0.10927843520454775,3,24.0,0.2671238919444864,1,3.0,0.10252077871731652,13,96.0
1655.0,-2.25,-71.4499999999999,1324,15,0.011329305135951661,1307,0.9871601208459214,32,0,9,670,702,0,45.0,1.40625,5.280822746013499,4,56.0,0.17000201256953584,2,21.0,0.0863375639034432,3,15.0,0.16222641067283725,0,5.0,0.5528189332489246,9,97.0
1660.0,-1.0,-71.64999999999992,1328,15,0.011295180722891566,1311,0.9871987951807228,28,0,4,674,702,0,21.0,0.75,7.584576675475046,2,36.0,0.21867328834738115,0,10.0,0.6786123221754427,2,19.0,0.09702212880274226,0,4.0,0.8375507593889414,4,69.0
1665.0,-1.25,-71.8999999999999,1332,15,0.01126126126126126,1315,0.9872372372372372,29,0,5,675,704,0,17.0,0.5862068965517241,8.492443151135246,1,27.0,0.07670492057495445,0,2.0,0.9709173347922343,3,19.0,0.38249697519326475,1,5.0,0.644639932134904,5,53.0
1670.0,-1.5,-72.19999999999992,1336,15,0.01122754491017964,1319,0.9872754491017964,29,0,6,677,706,0,23.0,0.7931034482758621,7.220206293473679,3,37.0,0.23976300980984908,1,3.0,0.4018450058608895,1,24.0,0.5342740792821853,1,2.0,0.36544108754172594,6,66.0
1675.0,-1.5,-72.49999999999991,1340,15,0.011194029850746268,1323,0.9873134328358208,26,0,6,680,706,0,30.0,1.1538461538461537,7.062353157334135,0,26.0,0.4310761943348675,3,15.0,0.23334075471135302,1,15.0,0.507890097319076,2,10.0,0.29675797634051454,6,66.0
1680.0,-1.75,-72.84999999999991,1344,15,0.011160714285714286,1327,0.9873511904761905,27,0,7,682,709,0,36.0,1.3333333333333333,7.212533333556894,0,0.0,0.5656463126148349,4,33.0,0.5033563162410748,2,6.0,0.10609673751363136,1,14.0,0.5249313364419996,7,53.0
1685.0,-1.25,-73.0999999999999,1348,15,0.01112759643916914,1331,0.9873887240356083,29,0,5,684,713,0,24.0,0.8275862068965517,8.538922454537786,1,3.0,0.7748340978406896,1,32.0,0.5543408072234474,2,14.0,0.0,1,6.0,0.25499450967098913,5,55.0
1690.0,-1.0,-73.2999999999999,1352,15,0.011094674556213017,1335,0.9874260355029586,28,0,4,686,714,0,25.0,0.8928571428571429,7.467613027547289,1,8.0,0.6536279820244076,2,15.0,0.2900663928184875,0,9.0,0.2107924198478439,1,9.0,0.09483596090949316,4,41.0
1695.0,-0.75,-73.4499999999999,1356,15,0.011061946902654867,1339,0.9874631268436578,25,0,3,690,715,0,16.0,0.64,7.00023132679433,1,5.0,0.3354856903673399,1,12.0,0.05918022876641047,0,0.0,0.985362205030317,1,14.0,0.5988730581104696,3,31.0
1700.0,-1.25,-73.6999999999999,1360,15,0.011029411764705883,1343,0.9875,24,0,5,694,718,0,28.0,1.1666666666666667,9.42283390746269,2,13.0,0.4625451323702613,3,17.0,0.28964394955896944,0,2.0,0.8910281037622616,0,4.0,0.88824863381903,5,36.0
1705.0,-1.0,-73.8999999999999,1364,15,0.010997067448680353,1347,0.9875366568914956,21,0,4,697,718,0,26.0,1.2380952380952381,8.763904362096216,3,24.0,0.23657178220604502,0,15.0,0.38751593938738815,0,2.0,0.8788531647175315,1,6.0,0.6320727086135393,4,47.0
1710.0,-1.5,-74.1999999999999,1368,15,0.010964912280701754,1351,0.9875730994152047,22,0,6,698,720,0,44.0,2.0,6.073822670383925,4,40.0,0.1959185227744317,0,0.0,0.5601833886922506,2,6.0,0.32092829270176726,0,2.0,0.24734570371936296,6,48.0
1715.0,-2.25,-74.64999999999989,1372,15,0.010932944606413994,1355,0.9876093294460642,22,0,9,699,721,0,37.0,1.6818181818181819,5.762015859389963,1,32.0,0.4541180085144479,1,3.0,0.46942542980698726,4,20.0,0.0034428297099862184,3,10.0,0.0001635293566221423,9,65.0
1720.0,-1.25,-74.89999999999989,1376,15,0.010901162790697675,1359,0.9876453488372093,19,0,5,702,721,0,38.0,2.0,6.077999716834538,1,11.0,0.32998344364036986,2,11.0,0.5712293647004347,2,29.0,0.09374463680629858,0,12.0,0.15173493133400806,5,63.0
1725.0,-1.0,-75.09999999999991,1380,15,0.010869565217391304,1363,0.9876811594202899,17,0,4,705,722,0,47.0,2.764705882352941,7.964031491376721,0,3.0,0.28271794878889106,2,21.0,0.517786292518915,2,28.0,0.32163742116014277,0,0.0,1.0,4,52.0
1730.0,-0.25,-75.1499999999999,1384,15,0.01083815028901734,1367,0.9877167630057804,18,0,1,705,723,0,2.0,0.1111111111111111,9.690672632026319,0,0.0,1.0,1,13.0,0.44639018700208855,0,15.0,0.8042112913848674,0,0.0,1.0,1,28.0
1735.0,-0.5,-75.24999999999989,1388,15,0.010806916426512969,1371,0.9877521613832853,14,0,2,710,724,0,11.0,0.7857142857142857,9.95661530702065,0,0.0,0.96035321532396,2,13.0,0.24185168447885239,0,2.0,0.8782088458807707,0,4.0,0.9355126272078333,2,19.0
1740.0,-0.25,-75.29999999999988,1392,15,0.010775862068965518,1375,0.9877873563218391,16,0,1,711,727,0,2.0,0.125,9.100318642826817,0,0.0,0.9916808379597055,0,11.0,0.4617282421000139,1,4.0,0.2835124553799377,0,2.0,0.9464023438196526,1,17.0
1745.0,-0.5,-75.39999999999988,1396,15,0.010744985673352435,1379,0.9878223495702005,21,0,2,711,732,0,6.0,0.2857142857142857,9.286694989333876,0,0.0,0.816040068619456,1,5.0,0.48007485933818334,0,2.0,0.6373689072657109,1,3.0,0.29978664769067637,2,10.0
1750.0,-0.25,-75.44999999999987,1400,15,0.010714285714285714,1383,0.9878571428571429,24,0,1,712,736,0,3.0,0.125,9.891963992869293,1,3.0,0.6548820649162426,0,2.0,0.6414771668139362,0,0.0,0.9693298445571553,0,0.0,0.18535867625448438,1,5.0
1755.0,-0.25,-75.49999999999987,1404,15,0.010683760683760684,1387,0.9878917378917379,26,0,1,715,741,0,2.0,0.07692307692307693,9.917625550729856,1,2.0,0.6072763124329988,0,0.0,0.8695334796275762,0,0.0,0.3644300612998119,0,2.0,0.8419574914462773,1,4.0
1760.0,-1.5,-75.79999999999986,1408,15,0.01065340909090909,1391,0.9879261363636364,26,0,6,716,742,0,22.0,0.8461538461538461,8.955320610127348,3,12.0,0.4889166037764722,0,2.0,0.8673014870106099,3,10.0,0.0006465481549542979,0,2.0,0.8744774022636552,6,26.0
1765.0,-0.5,-75.89999999999985,1412,15,0.010623229461756374,1395,0.9879603399433428,24,0,2,720,744,0,3.0,0.125,7.823042310550534,1,14.0,0.5352732806236101,0,2.0,0.8498011723304201,0,12.0,0.4259676187116154,1,3.0,0.5339810162278296,2,31.0
1770.0,-0.75,-76.04999999999986,1416,15,0.01059322033898305,1399,0.9879943502824858,23,0,3,722,745,0,6.0,0.2608695652173913,7.428210339460069,2,4.0,0.3969807218744425,1,4.0,0.005351480674276154,0,2.0,0.8634855757247368,0,6.0,0.5727415580441564,3,16.0
1775.0,-0.75,-76.19999999999986,1420,15,0.01056338028169014,1403,0.9880281690140845,26,0,3,722,748,0,14.0,0.5384615384615384,8.993845695897186,1,8.0,0.2990099478989842,2,14.0,0.3317458933063008,0,2.0,0.9222674867280528,0,2.0,0.6046701493709645,3,26.0
1780.0,-0.5,-76.29999999999986,1424,15,0.010533707865168539,1407,0.988061797752809,29,0,2,722,751,0,3.0,0.10344827586206896,9.224473068420922,0,2.0,0.6701112576144418,0,10.0,0.7668230916141079,1,3.0,0.4896221170572656,1,4.0,0.5126151009686888,2,19.0
1785.0,-1.25,-76.54999999999984,1428,15,0.01050420168067227,1411,0.9880952380952381,30,0,5,724,754,0,8.0,0.26666666666666666,7.7904657032553395,1,1.0,0.6626237090353936,1,3.0,0.7939570373442509,1,6.0,0.39271900872249244,2,10.0,0.06503278906590082,5,20.0
1790.0,-2.0,-76.94999999999982,1432,15,0.01047486033519553,1415,0.9881284916201117,27,0,8,727,754,0,37.0,1.3703703703703705,7.0976042685723995,2,7.0,0.31346333087006506,2,10.0,0.4789314522191031,2,8.0,0.27766411756119713,2,15.0,0.16178794253229464,8,40.0
1795.0,-2.25,-77.39999999999982,1436,15,0.010445682451253482,1419,0.9881615598885793,26,0,9,730,756,0,50.0,1.9230769230769231,5.073025304948738,2,17.0,0.4284849769913509,5,30.0,0.006097449859269091,1,13.0,0.11525677670910509,1,13.0,0.1254787615949022,9,73.0
1800.0,-2.25,-77.84999999999981,1440,15,0.010416666666666666,1423,0.9881944444444445,25,0,9,733,758,0,71.0,2.84,6.8308187184717095,3,29.0,0.5534711146527084,4,44.0,0.039036984015890744,1,8.0,0.0,1,10.0,0.6380979693135957,9,91.0
