step,reward,system_total_running,system_total_backlogged,system_total_stopped,system_total_arrived,system_total_departed,system_total_teleported,system_total_waiting_time,system_mean_waiting_time,system_mean_speed,t_stopped,t_accumulated_waiting_time,t_average_speed,agents_total_stopped,agents_total_accumulated_waiting_time
0.0,0.0,0,0,0,0,0,0,0.0,0.0,0.0,0,0.0,1.0,0,0.0
5.0,0.0,12,0,0,0,12,0,0.0,0.0,12.53286359595153,0,0.0,0.904077195953199,0,0.0
10.0,0.0,12,0,0,0,12,0,0.0,0.0,12.237253633093088,0,0.0,0.880022384307458,0,0.0
15.0,-0.05,12,0,3,0,12,0,5.0,0.4166666666666667,4.7510181681302575,3,5.0,0.04993023823380665,3,5.0
20.0,-0.36,12,0,8,0,12,0,41.0,3.4166666666666665,4.567419839906831,8,41.0,0.00010519388742161732,8,41.0
25.0,-0.4000000000000001,10,0,8,2,12,0,81.0,8.1,2.4031281762667414,8,81.0,0.0,8,81.0
30.0,-0.3999999999999999,8,0,8,4,12,0,121.0,15.125,0.0,8,121.0,0.0,8,121.0
35.0,-0.40000000000000013,12,0,8,4,16,0,161.0,13.416666666666666,4.599805099272843,8,161.0,0.3203028746222218,8,161.0
40.0,0.1100000000000001,12,0,6,4,16,0,150.0,12.5,4.962327802089372,6,150.0,0.28531774500476165,6,150.0
45.0,0.27,12,0,6,4,16,0,68.0,5.666666666666667,3.0182774517684727,6,123.0,0.025082736860184862,6,123.0
50.0,0.4,11,0,4,5,16,0,83.0,7.545454545454546,6.753920140315086,4,83.0,0.0,4,83.0
55.0,-0.20000000000000007,10,0,4,6,16,0,103.0,10.3,8.265206884972427,4,103.0,0.0,4,103.0
60.0,-0.19999999999999996,6,0,4,10,16,0,123.0,20.5,4.745792382808303,4,123.0,0.0,4,123.0
65.0,-0.19999999999999996,8,0,4,12,20,0,143.0,17.875,6.169668361208863,4,143.0,0.47996351658371034,4,143.0
70.0,-0.19999999999999996,8,0,4,12,20,0,163.0,20.375,6.002384523249647,4,163.0,0.4687447125605589,4,163.0
75.0,-0.2100000000000002,16,0,5,12,28,0,184.0,11.5,8.590460687876114,5,184.0,0.5747314284677282,5,184.0
80.0,1.0100000000000002,16,0,4,12,28,0,83.0,5.1875,8.643646245399669,4,83.0,0.6311310481801857,4,83.0
85.0,-0.20000000000000007,15,0,4,13,28,0,103.0,6.866666666666666,6.915789331394809,4,103.0,0.42510892154541713,4,103.0
90.0,0.86,14,0,6,14,28,0,17.0,1.2142857142857142,4.4197673626188125,6,17.0,0.06997440424713199,6,17.0
95.0,-0.29999999999999993,16,0,6,16,32,0,47.0,2.9375,8.010221774732202,6,47.0,0.3941554704373936,6,47.0
100.0,-0.30000000000000004,16,0,6,16,32,0,77.0,4.8125,7.4016631353897555,6,77.0,0.32824882891823726,6,77.0
105.0,-0.3400000000000001,11,0,8,21,32,0,111.0,10.090909090909092,3.3302166971541634,8,111.0,0.000268460439985014,8,111.0
110.0,-0.3999999999999999,10,0,8,22,32,0,151.0,15.1,2.526273197639447,8,151.0,0.0,8,151.0
115.0,-0.3999999999999999,9,0,8,23,32,0,191.0,21.22222222222222,1.31429482729495,8,191.0,0.0,8,191.0
120.0,-0.40000000000000013,8,0,8,24,32,0,231.0,28.875,0.0,8,231.0,0.0,8,231.0
125.0,0.3400000000000001,12,0,6,24,36,0,197.0,16.416666666666668,5.7873432700019585,6,197.0,0.3798984230563677,6,197.0
130.0,0.5700000000000001,12,0,4,24,36,0,140.0,11.666666666666666,5.75591495878932,4,140.0,0.35432196387897863,4,140.0
135.0,0.4099999999999999,11,0,4,25,36,0,99.0,9.0,6.11662544874606,4,99.0,0.08756915823052101,4,99.0
140.0,-0.19999999999999996,10,0,4,26,36,0,119.0,11.9,8.646337963213615,4,119.0,0.0,4,119.0
145.0,-0.19999999999999996,7,0,4,29,36,0,139.0,19.857142857142858,5.84863877133015,4,139.0,0.0,4,139.0
150.0,-0.20000000000000018,16,0,4,32,48,0,159.0,9.9375,9.78334784812564,4,159.0,0.7151372319693754,4,159.0
155.0,-0.19999999999999996,16,0,4,32,48,0,179.0,11.1875,9.668665984387879,4,179.0,0.7075945206877337,4,179.0
160.0,-0.20999999999999996,16,0,5,32,48,0,200.0,12.5,5.01885676266399,5,200.0,0.22300046383919517,5,200.0
165.0,1.1099999999999999,16,0,10,32,48,0,89.0,5.5625,3.6604739640849813,10,89.0,0.0008455039010769698,10,89.0
170.0,-0.2899999999999999,15,0,8,33,48,0,118.0,7.866666666666666,5.710470193348561,8,118.0,0.0,8,118.0
175.0,0.49,12,0,2,36,48,0,28.0,2.3333333333333335,5.978411298946603,2,69.0,0.10421400544300828,2,69.0
180.0,0.30999999999999994,14,0,2,38,52,0,38.0,2.7142857142857144,10.455422314099886,2,38.0,0.6666666666666666,2,38.0
185.0,-0.09999999999999998,12,0,2,40,52,0,48.0,4.0,10.341112959393717,2,48.0,0.6264031422980301,2,48.0
190.0,-0.09999999999999998,8,0,2,44,52,0,58.0,7.25,9.181905359297351,2,58.0,0.6128371394758395,2,58.0
195.0,-0.12,6,0,4,46,52,0,70.0,11.666666666666666,4.140561773156034,4,70.0,0.0016744506571543293,4,70.0
200.0,-0.20000000000000007,6,0,4,46,52,0,90.0,15.0,3.926165842326521,4,90.0,2.161564239706157e-06,4,90.0
205.0,-0.20000000000000007,4,0,4,48,52,0,110.0,27.5,0.0,4,110.0,0.0,4,110.0
210.0,0.78,8,0,2,48,56,0,32.0,4.0,7.8572960563657945,2,32.0,0.6666678922300923,2,32.0
215.0,-0.09999999999999998,8,0,2,48,56,0,42.0,5.25,9.7099907027211,2,42.0,0.6453031651140017,2,42.0
220.0,0.42,8,0,0,48,56,0,0.0,0.0,10.901353000043441,0,0.0,0.8472002138626507,0,0.0
225.0,-0.03,14,0,2,50,64,0,3.0,0.21428571428571427,10.829937446519015,2,3.0,0.7576486041246542,2,3.0
230.0,-0.1,14,0,2,50,64,0,13.0,0.9285714285714286,10.873979523654153,2,13.0,0.7699263317950653,2,13.0
235.0,-0.12,11,0,4,53,64,0,25.0,2.272727272727273,3.467348987509534,4,25.0,0.012985908246575075,4,25.0
240.0,-0.4,14,0,8,54,68,0,65.0,4.642857142857143,5.831166886794381,8,65.0,0.3333362367876374,8,65.0
245.0,-0.4,13,0,8,55,68,0,105.0,8.076923076923077,5.09292337089691,8,105.0,0.31999193011850396,8,105.0
250.0,-0.3999999999999999,12,0,8,56,68,0,145.0,12.083333333333334,3.1269931401537843,8,145.0,0.1546288581329286,8,145.0
255.0,-0.050000000000000044,12,0,9,56,68,0,150.0,12.5,2.851862745863849,9,150.0,0.00023119376507886572,9,150.0
260.0,0.30000000000000004,11,0,5,57,68,0,71.0,6.454545454545454,3.5489517912606163,5,120.0,0.03828775336455919,5,120.0
265.0,0.48,10,0,3,58,68,0,72.0,7.2,7.811382372500866,3,72.0,0.0,3,72.0
270.0,-0.15000000000000002,13,0,3,59,72,0,87.0,6.6923076923076925,9.874688842137969,3,87.0,0.5524492033247388,3,87.0
275.0,-0.15000000000000002,9,0,3,63,72,0,102.0,11.333333333333334,8.827080750362992,3,102.0,0.5538859896278793,3,102.0
280.0,-0.1499999999999999,7,0,3,65,72,0,117.0,16.714285714285715,5.373864035386364,3,117.0,0.1558266776614097,3,117.0
285.0,-0.20999999999999996,7,0,5,65,72,0,138.0,19.714285714285715,3.988976563637237,5,138.0,2.2050049477699008e-05,5,138.0
290.0,-0.25,6,0,5,66,72,0,163.0,27.166666666666668,2.391793630675984,5,163.0,0.0,5,163.0
295.0,0.9599999999999999,13,0,3,67,80,0,67.0,5.153846153846154,8.91542466258904,3,67.0,0.7272727272727273,3,67.0
300.0,-0.1499999999999999,17,0,3,67,84,0,82.0,4.823529411764706,10.610983382996753,3,82.0,0.7575366896952606,3,82.0
305.0,0.6199999999999999,17,0,0,67,84,0,0.0,0.0,9.909627560525283,0,20.0,0.7383487069348305,0,20.0
310.0,0.12000000000000001,15,0,4,69,84,0,8.0,0.5333333333333333,6.551717957106072,4,8.0,0.1825398230415397,4,8.0
315.0,-0.35,15,0,8,69,84,0,43.0,2.8666666666666667,6.274068953467667,8,43.0,7.107548825114175e-05,8,43.0
320.0,-0.39999999999999997,10,0,8,74,84,0,83.0,8.3,2.362279784478821,8,83.0,9.426003653647343e-07,8,83.0
325.0,-0.4,8,0,8,76,84,0,123.0,15.375,0.0,8,123.0,0.0,8,123.0
330.0,-0.3999999999999999,12,0,8,76,88,0,163.0,13.583333333333334,4.744441643333829,8,163.0,0.3241680464735191,8,163.0
335.0,-0.3999999999999999,12,0,8,76,88,0,203.0,16.916666666666668,4.720376482017872,8,203.0,0.32250170509943515,8,203.0
340.0,0.21999999999999975,12,0,6,76,88,0,181.0,15.083333333333334,1.815726625561764,6,181.0,0.046443960954529816,6,181.0
345.0,0.27,12,0,8,76,88,0,154.0,12.833333333333334,2.554351811782441,8,154.0,8.035018675731487e-05,8,154.0
350.0,0.44999999999999996,11,0,4,77,88,0,99.0,9.0,5.965158618926453,4,109.0,0.14764956596396203,4,109.0
355.0,-0.09999999999999987,10,0,4,78,88,0,119.0,11.9,7.756182278143266,4,119.0,0.0,4,119.0
360.0,-0.19999999999999996,12,0,4,80,92,0,139.0,11.583333333333334,8.83195254231131,4,139.0,0.4732973043009636,4,139.0
365.0,-0.20000000000000018,8,0,4,84,92,0,159.0,19.875,6.7681592708472404,4,159.0,0.47872753920496924,4,159.0
370.0,-0.19999999999999996,16,0,4,84,100,0,179.0,11.1875,8.974333242856574,4,179.0,0.6231559041851014,4,179.0
375.0,-0.2599999999999998,16,0,6,84,100,0,205.0,12.8125,8.19585936479158,6,205.0,0.5457310746652068,6,205.0
380.0,1.1199999999999997,14,0,4,86,100,0,93.0,6.642857142857143,3.162693434667021,4,93.0,0.26073490383874337,4,93.0
385.0,-0.39,14,0,10,86,100,0,132.0,9.428571428571429,2.8162218309154716,10,132.0,5.465455411559601e-05,10,132.0
390.0,0.53,18,0,4,86,104,0,32.0,1.7777777777777777,6.7173419703323,4,79.0,0.3796766765564142,4,79.0
395.0,0.27,17,0,4,87,104,0,52.0,3.0588235294117645,9.3166816798152,4,52.0,0.48895471961794573,4,52.0
400.0,-0.19999999999999996,14,0,4,90,104,0,72.0,5.142857142857143,7.566110049176922,4,72.0,0.014117235473898676,4,72.0
405.0,-0.28,11,0,6,93,104,0,100.0,9.090909090909092,5.5245117991765715,6,100.0,7.632373510777013e-06,6,100.0
410.0,-0.30000000000000004,7,0,6,97,104,0,130.0,18.571428571428573,1.8639750598030695,6,130.0,0.0,6,130.0
415.0,-0.30000000000000004,6,0,6,98,104,0,160.0,26.666666666666668,0.0,6,160.0,0.0,6,160.0
420.0,-0.2999999999999998,10,0,6,98,108,0,190.0,19.0,5.9244309442472645,6,190.0,0.3825645140015682,6,190.0
425.0,0.5599999999999998,10,0,4,98,108,0,134.0,13.4,6.681569813841437,4,134.0,0.44993370893183393,4,134.0
430.0,-0.21999999999999997,10,0,6,98,108,0,156.0,15.6,2.801179330520311,6,156.0,0.00586373136675134,6,156.0
435.0,1.4100000000000001,10,0,2,98,108,0,11.0,1.1,6.920655080931693,2,15.0,0.1442300497062087,2,15.0
440.0,-0.06,8,0,2,100,108,0,21.0,2.625,9.875248344750394,2,21.0,0.0,2,21.0
445.0,-0.1,14,0,2,102,116,0,31.0,2.2142857142857144,11.042656772121154,2,31.0,0.7545961200411547,2,31.0
450.0,-0.09999999999999998,14,0,2,106,120,0,41.0,2.9285714285714284,10.8960482924052,2,41.0,0.8050604720628917,2,41.0
455.0,-0.11000000000000004,14,0,3,106,120,0,52.0,3.7142857142857144,6.107550971499813,3,52.0,0.36435190708307835,3,52.0
460.0,-0.35,14,0,8,106,120,0,87.0,6.214285714285714,3.8268254986906096,8,87.0,0.004553176768051057,8,87.0
465.0,-0.4900000000000001,13,0,10,107,120,0,136.0,10.461538461538462,3.0507279428088947,10,136.0,3.339466954309003e-06,10,136.0
470.0,-0.21999999999999997,11,0,8,109,120,0,158.0,14.363636363636363,3.0519960530104964,8,158.0,0.0,8,158.0
475.0,0.53,10,0,4,110,120,0,66.0,6.6,3.397474228504451,4,105.0,0.026441958338758165,4,105.0
480.0,0.5800000000000001,13,0,2,111,124,0,47.0,3.6153846153846154,9.953502505279934,2,47.0,0.6296382748914685,2,47.0
485.0,-0.09999999999999998,12,0,2,112,124,0,57.0,4.75,10.924310146016603,2,57.0,0.6261459434107562,2,57.0
490.0,-0.10000000000000009,8,0,2,116,124,0,67.0,8.375,7.1517366889906935,2,67.0,0.29913359823605046,2,67.0
495.0,-0.17999999999999994,6,0,4,118,124,0,85.0,14.166666666666666,3.8175473318397635,4,85.0,2.5364676471251373e-05,4,85.0
500.0,-0.20000000000000007,6,0,4,118,124,0,105.0,17.5,4.108156059120745,4,105.0,0.0,4,105.0
505.0,-0.19999999999999996,4,0,4,120,124,0,125.0,31.25,0.0,4,125.0,0.0,4,125.0
510.0,0.87,8,0,2,120,128,0,38.0,4.75,7.366284272404718,2,38.0,0.6351206573449164,2,38.0
515.0,-0.09999999999999998,8,0,2,120,128,0,48.0,6.0,8.791034880764247,2,48.0,0.5842998977998358,2,48.0
520.0,0.48,16,0,0,120,136,0,0.0,0.0,10.118388880800312,0,0.0,0.7785009589949183,0,0.0
525.0,-0.07,15,0,2,121,136,0,7.0,0.4666666666666667,10.28801893686174,2,7.0,0.6821002706333836,2,7.0
530.0,-0.18,14,0,6,122,136,0,25.0,1.7857142857142858,5.370853168436574,6,25.0,0.006867705225299327,6,25.0
535.0,-0.39,10,0,8,126,136,0,64.0,6.4,2.5392238956787034,8,64.0,5.914131088326806e-06,8,64.0
540.0,-0.4,13,0,8,127,140,0,104.0,8.0,4.594811422309216,8,104.0,0.31854090346981084,8,104.0
545.0,-0.3999999999999999,12,0,8,128,140,0,144.0,12.0,4.084395893315968,8,144.0,0.32444553128672426,8,144.0
550.0,-0.40000000000000013,12,0,8,128,140,0,184.0,15.333333333333334,2.056666832920456,8,184.0,0.003521663441557002,8,184.0
555.0,0.030000000000000027,12,0,8,128,140,0,181.0,15.083333333333334,3.1235962184837383,8,181.0,1.871631599993273e-05,8,181.0
560.0,0.3700000000000001,12,0,6,128,140,0,144.0,12.0,4.592450885332801,6,144.0,0.0,6,144.0
565.0,0.62,10,0,2,130,140,0,71.0,7.1,8.141119805305559,2,82.0,0.1787307943972304,2,82.0
570.0,0.009999999999999898,12,0,2,132,144,0,81.0,6.75,11.221018989840912,2,81.0,0.6374112291114703,2,81.0
575.0,-0.09999999999999998,10,0,2,134,144,0,91.0,9.1,10.577040617957627,2,91.0,0.6222049567553204,2,91.0
580.0,-0.12,6,0,4,138,144,0,103.0,17.166666666666668,5.380420444537118,4,103.0,0.002579031681529601,4,103.0
585.0,-0.19999999999999996,5,0,4,139,144,0,123.0,24.6,2.930578751127094,4,123.0,0.0,4,123.0
590.0,-0.19999999999999996,12,0,4,140,152,0,143.0,11.916666666666666,9.058315871394544,4,143.0,0.6301621595658298,4,143.0
595.0,1.1099999999999999,12,0,2,140,152,0,32.0,2.6666666666666665,9.525888589953825,2,32.0,0.7717902369203726,2,32.0
600.0,-0.10999999999999999,16,0,3,140,156,0,43.0,2.6875,7.626541908062742,3,43.0,0.4868966776199428,3,43.0
605.0,0.22,16,0,4,140,156,0,15.0,0.9375,7.59813793056854,4,21.0,0.41911718562520106,4,21.0
610.0,-0.13999999999999999,14,0,4,142,156,0,35.0,2.5,7.604423346049146,4,35.0,0.022557780206656247,4,35.0
615.0,-0.29000000000000004,12,0,6,144,156,0,64.0,5.333333333333333,7.2466735566321425,6,64.0,8.87672805617351e-05,6,64.0
620.0,-0.29999999999999993,8,0,6,148,156,0,94.0,11.75,3.21347181789468,6,94.0,0.0,6,94.0
625.0,-0.30000000000000004,6,0,6,150,156,0,124.0,20.666666666666668,0.0,6,124.0,0.0,6,124.0
630.0,-0.30000000000000004,10,0,6,150,160,0,154.0,15.4,4.939778325571277,6,154.0,0.3717554670255178,6,154.0
635.0,-0.30000000000000004,10,0,6,150,160,0,184.0,18.4,4.819033239361611,6,184.0,0.36377910290673543,6,184.0
640.0,0.4500000000000002,10,0,5,150,160,0,139.0,13.9,2.67523365670293,5,139.0,0.004718952434332064,5,139.0
645.0,-0.3400000000000001,10,0,7,150,160,0,173.0,17.3,4.1754676094834835,7,173.0,4.606661046390152e-06,7,173.0
650.0,1.48,9,0,1,151,160,0,9.0,1.0,7.364550171052063,1,25.0,0.2346335294023084,1,25.0
655.0,0.10999999999999999,7,0,1,153,160,0,14.0,2.0,10.844311803613763,1,14.0,0.0,1,14.0
660.0,-0.04999999999999999,9,0,1,155,164,0,19.0,2.111111111111111,10.905499510678759,1,19.0,0.7643411229446463,1,19.0
665.0,-0.04999999999999999,14,0,1,158,172,0,24.0,1.7142857142857142,11.84409697194514,1,24.0,0.8716371341333952,1,24.0
670.0,-0.07,13,0,2,159,172,0,31.0,2.3846153846153846,10.01306419459883,2,31.0,0.6898936057499737,2,31.0
675.0,-0.14,13,0,3,159,172,0,45.0,3.4615384615384617,5.337093891908018,3,45.0,0.13985989781335315,3,45.0
680.0,-0.38999999999999996,11,0,9,161,172,0,84.0,7.636363636363637,2.4702607350718977,9,84.0,3.972529586174926e-05,9,84.0
685.0,-0.2899999999999999,9,0,7,163,172,0,113.0,12.555555555555555,2.2525858717796163,7,113.0,0.0,7,113.0
690.0,0.34999999999999987,13,0,3,163,176,0,43.0,3.3076923076923075,6.900734830156841,3,78.0,0.4421833922552618,3,78.0
695.0,0.4,13,0,2,163,176,0,38.0,2.923076923076923,9.664706396931368,2,38.0,0.5360138762356881,2,38.0
700.0,-0.12,11,0,3,165,176,0,50.0,4.545454545454546,8.407303667108467,3,50.0,0.0024262110067552935,3,50.0
705.0,-0.19999999999999996,7,0,4,169,176,0,70.0,10.0,6.0569613736834915,4,70.0,0.0,4,70.0
710.0,-0.20000000000000007,4,0,4,172,176,0,90.0,22.5,0.0,4,90.0,0.0,4,90.0
715.0,-0.20000000000000007,4,0,4,172,176,0,110.0,27.5,0.0,4,110.0,0.0,4,110.0
720.0,-0.19999999999999996,8,0,4,172,180,0,130.0,16.25,6.763997848585756,4,130.0,0.47738041466186115,4,130.0
725.0,0.78,8,0,2,172,180,0,52.0,6.5,6.472564054949186,2,52.0,0.5319794100676987,2,52.0
730.0,-0.18999999999999995,8,0,6,172,180,0,71.0,8.875,3.1939114708560075,6,71.0,0.0008234304485464695,6,71.0
735.0,0.53,8,0,2,172,180,0,15.0,1.875,6.488538277447894,2,18.0,0.115252993385348,2,18.0
740.0,-0.07,14,0,2,174,188,0,25.0,1.7857142857142858,10.893415730809142,2,25.0,0.7571224133493939,2,25.0
745.0,-0.09999999999999998,17,0,2,175,192,0,35.0,2.0588235294117645,11.039853924630489,2,35.0,0.8041352576707125,2,35.0
750.0,-0.16000000000000003,14,0,6,178,192,0,51.0,3.642857142857143,5.562496027389055,6,51.0,0.3215438414049229,6,51.0
755.0,-0.4,14,0,8,178,192,0,91.0,6.5,5.062589723837182,8,91.0,0.14119396387048383,8,91.0
760.0,-0.44000000000000006,12,0,10,180,192,0,135.0,11.25,2.373502654814645,10,135.0,0.00033715765005765846,10,135.0
765.0,-0.5,12,0,10,180,192,0,185.0,15.416666666666666,2.319634685203038,10,185.0,1.2178656177823894e-06,10,185.0
770.0,-0.07999999999999985,10,0,8,182,192,0,193.0,19.3,1.6261790905753153,8,193.0,0.0,8,193.0
775.0,0.55,14,0,6,182,196,0,138.0,9.857142857142858,6.019911455035385,6,138.0,0.4,6,138.0
780.0,0.3999999999999999,14,0,2,182,196,0,62.0,4.428571428571429,9.420441353120307,2,98.0,0.5925852371657646,2,98.0
785.0,0.26,12,0,2,184,196,0,72.0,6.0,9.890386220941519,2,72.0,0.45274262237949825,2,72.0
790.0,-0.16000000000000003,9,0,4,187,196,0,88.0,9.777777777777779,6.925969669717537,4,88.0,5.7553456309297825e-05,4,88.0
795.0,-0.20000000000000007,7,0,4,189,196,0,108.0,15.428571428571429,5.037893076451347,4,108.0,0.0,4,108.0
800.0,-0.19999999999999996,4,0,4,192,196,0,128.0,32.0,0.0,4,128.0,0.0,4,128.0
805.0,-0.19999999999999996,8,0,4,192,200,0,148.0,18.5,7.344238750000001,4,148.0,0.5,4,148.0
810.0,1.02,16,0,2,192,208,0,46.0,2.875,10.64056994311721,2,46.0,0.8385329020486886,2,46.0
815.0,-0.10000000000000003,16,0,2,192,208,0,56.0,3.5,9.712627310185006,2,56.0,0.6849166701425675,2,56.0
820.0,0.5,16,0,2,192,208,0,5.0,0.3125,6.776184585577152,2,6.0,0.4455702013704473,2,6.0
825.0,-0.24,15,0,7,193,208,0,30.0,2.0,5.721960185718513,7,30.0,0.003073983967644884,7,30.0
830.0,-0.39999999999999997,14,0,8,194,208,0,70.0,5.0,5.564689459760304,8,70.0,0.0,8,70.0
835.0,-0.40000000000000013,14,0,8,198,212,0,110.0,7.857142857142857,5.460785618993624,8,110.0,0.3333333333333333,8,110.0
840.0,-0.3999999999999999,12,0,8,200,212,0,150.0,12.5,4.19924677925,8,150.0,0.3220290125204864,8,150.0
845.0,-0.3999999999999999,12,0,8,200,212,0,190.0,15.833333333333334,3.2623629436139523,8,190.0,0.2510764663131955,8,190.0
850.0,-0.43999999999999995,12,0,10,200,212,0,234.0,19.5,2.151813197273769,10,234.0,0.00024709739373629514,10,234.0
855.0,0.16999999999999993,12,0,8,200,212,0,217.0,18.083333333333332,3.0402505721043642,8,217.0,0.0,8,217.0
860.0,-0.3999999999999999,10,0,8,202,212,0,257.0,25.7,2.8251259997165015,8,257.0,0.0,8,257.0
865.0,1.4499999999999997,14,0,2,202,216,0,84.0,6.0,9.072047649365212,2,112.0,0.556328210150483,2,112.0
870.0,0.18000000000000016,12,0,2,204,216,0,94.0,7.833333333333333,10.991134050572311,2,94.0,0.6424292935201404,2,94.0
875.0,-0.10000000000000009,11,0,2,205,216,0,104.0,9.454545454545455,8.481604938496703,2,104.0,0.28723651979888093,2,104.0
880.0,-0.1499999999999999,6,0,4,210,216,0,119.0,19.833333333333332,4.54624045250507,4,119.0,0.0001059849138407607,4,119.0
885.0,-0.19999999999999996,14,0,4,210,224,0,139.0,9.928571428571429,9.654364531038075,4,139.0,0.6311887381471142,4,139.0
890.0,-0.20000000000000018,12,0,4,212,224,0,159.0,13.25,8.651781385591706,4,159.0,0.6033093854312521,4,159.0
895.0,-0.22999999999999998,16,0,7,212,228,0,182.0,11.375,6.655807839165766,7,182.0,0.4125569200622849,7,182.0
900.0,1.2400000000000002,16,0,6,212,228,0,58.0,3.625,7.190483154470828,6,58.0,0.37853777010853207,6,58.0
905.0,0.26999999999999996,26,0,2,214,240,0,14.0,0.5384615384615384,8.409245222743063,2,31.0,0.59783102733309,2,31.0
910.0,0.0,30,0,4,214,244,0,31.0,1.0333333333333334,10.165946404584268,4,31.0,0.7024885501152872,4,31.0
915.0,-0.26999999999999996,26,0,8,218,244,0,58.0,2.230769230769231,7.303446167989528,8,58.0,0.30202149098175246,8,58.0
920.0,-0.6,34,0,13,222,256,0,118.0,3.4705882352941178,7.986075119438319,13,118.0,0.4579262365717217,13,118.0
925.0,-0.6800000000000002,34,0,14,226,260,0,186.0,5.470588235294118,7.4366143160158265,14,186.0,0.47063785955626086,14,186.0
930.0,-0.76,32,0,18,228,260,0,262.0,8.1875,3.8671849825062936,18,262.0,0.11658796826876937,18,262.0
935.0,-1.1099999999999999,34,0,24,230,264,0,373.0,10.970588235294118,3.9604870291300323,24,373.0,0.16388827699590006,24,373.0
940.0,-0.3400000000000003,42,0,20,234,276,0,355.0,8.452380952380953,4.869733670147749,20,407.0,0.3372693846006913,20,407.0
945.0,-0.39999999999999947,45,0,22,235,280,0,438.0,9.733333333333333,4.84552626263847,22,447.0,0.3056758357461287,22,447.0
950.0,0.3199999999999994,44,0,21,236,280,0,284.0,6.454545454545454,3.3150603143073356,21,415.0,0.13714703341293666,21,415.0
955.0,0.20000000000000018,55,0,19,237,292,0,216.0,3.9272727272727272,6.172370694739652,19,395.0,0.3367540796427137,19,395.0
960.0,0.2200000000000002,55,0,17,241,296,0,275.0,5.0,6.7581536515116145,17,373.0,0.3539849874315532,17,373.0
965.0,-0.2899999999999996,49,0,20,247,296,0,366.0,7.469387755102041,6.053467215747625,20,402.0,0.27410696541360136,20,402.0
970.0,-0.9300000000000006,49,0,26,251,300,0,486.0,9.918367346938776,5.613718366710275,26,495.0,0.22727927518733682,26,495.0
975.0,-1.3499999999999996,54,0,27,258,312,0,621.0,11.5,5.855568028213927,27,630.0,0.3041679410804241,27,630.0
980.0,-1.4300000000000006,51,0,29,261,312,0,764.0,14.980392156862745,4.823111379058549,29,773.0,0.21900621191032701,29,773.0
985.0,0.3700000000000001,49,0,28,267,316,0,572.0,11.673469387755102,2.953119053344255,28,736.0,0.13161825677630629,28,736.0
990.0,-0.0699999999999994,49,0,33,271,320,0,627.0,12.795918367346939,2.796117507893172,33,743.0,0.139671996397349,33,743.0
995.0,-0.7200000000000006,57,0,29,271,328,0,432.0,7.578947368421052,3.975576581227741,29,815.0,0.20595441015300636,29,815.0
1000.0,0.4400000000000004,57,0,24,275,332,0,398.0,6.982456140350878,4.108598769810124,24,771.0,0.18249174116563935,24,771.0
1005.0,0.3799999999999999,60,0,27,276,336,0,490.0,8.166666666666666,5.184266284222726,27,733.0,0.1967115639177536,27,733.0
1010.0,-0.5800000000000001,62,0,29,282,344,0,633.0,10.209677419354838,6.196013272592848,29,791.0,0.30856138491836954,29,791.0
1015.0,-1.08,61,0,31,287,348,0,782.0,12.819672131147541,5.786621823577902,31,899.0,0.2616698161382046,31,899.0
1020.0,-1.67,59,0,36,293,352,0,950.0,16.10169491525424,4.3625001707258955,36,1066.0,0.1367840135834678,36,1066.0
1025.0,-0.33999999999999986,57,0,37,299,356,0,993.0,17.42105263157895,3.9302048825220917,37,1100.0,0.13699944034116743,37,1100.0
1030.0,-0.33999999999999986,61,0,31,303,364,0,817.0,13.39344262295082,4.66346610695554,31,1134.0,0.23073913190594555,31,1134.0
1035.0,-0.09999999999999964,59,0,33,309,368,0,717.0,12.152542372881356,3.0786169617617265,33,1144.0,0.1515984209661714,33,1144.0
1040.0,0.049999999999998934,62,0,34,310,372,0,590.0,9.516129032258064,3.704349343977622,34,1139.0,0.1489065904163776,34,1139.0
1045.0,0.39000000000000057,66,0,30,314,380,0,633.0,9.590909090909092,5.252297457463399,30,1100.0,0.2377433232592766,30,1100.0
1050.0,-0.47000000000000064,66,0,28,318,384,0,759.0,11.5,5.360568659784068,28,1147.0,0.25577091195921897,28,1147.0
1055.0,-0.6399999999999988,64,0,34,324,388,0,918.0,14.34375,4.9674852081852965,34,1211.0,0.22188591829934357,34,1211.0
1060.0,-1.4700000000000006,59,0,38,329,388,0,1101.0,18.661016949152543,4.354671880171159,38,1358.0,0.14234071332233855,38,1358.0
1065.0,-1.9299999999999997,68,0,40,332,400,0,1294.0,19.029411764705884,5.017707632092082,40,1551.0,0.22511971268761893,40,1551.0
1070.0,0.34999999999999964,64,0,36,340,404,0,1018.0,15.90625,3.7486699269049435,36,1516.0,0.1856394532291442,36,1516.0
1075.0,0.9499999999999993,60,0,34,344,404,0,831.0,13.85,2.848477519339977,34,1421.0,0.10250274743421271,34,1421.0
1080.0,-0.08999999999999986,69,0,36,347,416,0,638.0,9.246376811594203,4.024879415104368,36,1430.0,0.21905289603543113,36,1430.0
1085.0,-0.33000000000000007,69,0,35,351,420,0,640.0,9.27536231884058,4.3487042237855205,35,1463.0,0.2206595437575409,35,1463.0
1090.0,-0.09999999999999964,66,0,34,354,420,0,767.0,11.621212121212121,3.7683123189524044,34,1473.0,0.12841566158642845,34,1473.0
1095.0,-1.1600000000000001,66,0,40,358,424,0,957.0,14.5,4.465376611853352,40,1589.0,0.1705642514974873,40,1589.0
1100.0,-1.629999999999999,71,0,41,365,436,0,1158.0,16.309859154929576,4.750472160443856,41,1752.0,0.2512786668634923,41,1752.0
1105.0,-2.0599999999999987,73,0,42,367,440,0,1368.0,18.73972602739726,4.904161211838396,42,1958.0,0.22082496123444056,42,1958.0
1110.0,-2.2900000000000027,67,0,50,373,440,0,1597.0,23.83582089552239,2.764244236442263,50,2187.0,0.07500871214497928,50,2187.0
1115.0,2.0400000000000027,73,0,45,379,452,0,1107.0,15.164383561643836,3.590755319141596,45,1983.0,0.20326294487083008,45,1983.0
1120.0,-0.3000000000000007,74,0,40,382,456,0,979.0,13.22972972972973,3.634845596637586,40,2013.0,0.21144676532070986,40,2013.0
1125.0,-0.33999999999999986,73,0,41,383,456,0,836.0,11.452054794520548,2.612877262410806,41,2047.0,0.07932469482694271,41,2047.0
1130.0,-0.4200000000000017,74,0,44,386,460,0,908.0,12.27027027027027,3.5447690431451835,44,2089.0,0.10777540582685975,44,2089.0
1135.0,-0.7899999999999991,81,0,41,391,472,0,1082.0,13.358024691358025,4.755613246899811,41,2168.0,0.23599920713644781,41,2168.0
1140.0,-1.2300000000000004,76,0,43,396,472,0,1292.0,17.0,4.282849921203192,43,2291.0,0.18675461621909525,43,2291.0
1145.0,-1.9100000000000001,73,0,51,403,476,0,1525.0,20.89041095890411,3.8167200309525633,51,2482.0,0.15831481430015926,51,2482.0
1150.0,-2.4899999999999984,74,0,53,406,480,0,1782.0,24.08108108108108,3.7245887084874894,53,2731.0,0.1241567709606203,53,2731.0
1155.0,0.4299999999999997,77,0,50,411,488,0,1733.0,22.506493506493506,3.4393190242387255,50,2688.0,0.146686775230137,50,2688.0
1160.0,2.759999999999998,74,0,47,418,492,0,1256.0,16.972972972972972,2.5905670634138573,47,2412.0,0.09970733886596896,47,2412.0
1165.0,-0.28999999999999915,75,0,42,421,496,0,940.0,12.533333333333333,2.8219988873573354,42,2441.0,0.11633588659058981,42,2441.0
1170.0,-0.46000000000000085,80,0,42,424,504,0,884.0,11.05,3.8054819363727206,42,2487.0,0.1762976286975646,42,2487.0
1175.0,-0.6600000000000001,80,0,42,428,508,0,959.0,11.9875,3.8087334211944737,42,2553.0,0.1627875476574248,42,2553.0
1180.0,-0.75,80,0,48,432,512,0,1172.0,14.65,3.815359455541665,48,2628.0,0.14375974414473341,48,2628.0
1185.0,-1.5799999999999983,77,0,50,439,516,0,1419.0,18.428571428571427,4.124689999115903,50,2786.0,0.18154233992051816,50,2786.0
1190.0,-2.3599999999999994,81,0,52,443,524,0,1675.0,20.679012345679013,4.4380811726574345,52,3022.0,0.22693352683913662,52,3022.0
1195.0,-2.5799999999999983,80,0,55,448,528,0,1938.0,24.225,3.0340420191303523,55,3280.0,0.1059505793605033,55,3280.0
1200.0,3.139999999999997,78,0,54,454,532,0,1615.0,20.705128205128204,2.524276081984706,54,2966.0,0.09888843000155456,54,2966.0
1205.0,0.9699999999999989,83,0,47,457,540,0,1170.0,14.096385542168674,3.5345587106845557,47,2869.0,0.17544336628793933,47,2869.0
1210.0,-1.2899999999999991,84,0,42,460,544,0,957.0,11.392857142857142,3.125937937296508,42,2998.0,0.13773537877261816,42,2998.0
1215.0,0.05000000000000071,83,0,46,465,548,0,980.0,11.80722891566265,3.0727143094871727,46,2993.0,0.11023990875281534,46,2993.0
1220.0,-1.2300000000000004,80,0,50,468,548,0,1185.0,14.8125,3.2698629495346494,50,3116.0,0.11144887214787721,50,3116.0
1225.0,-1.379999999999999,86,0,52,474,560,0,1440.0,16.74418604651163,4.259356235963745,52,3254.0,0.21054794302725016,52,3254.0
1230.0,-2.039999999999999,85,0,55,479,564,0,1703.0,20.03529411764706,3.9541848183836645,55,3458.0,0.1679673532436069,55,3458.0
1235.0,-2.8400000000000034,81,0,60,483,564,0,1994.0,24.617283950617285,3.051596265285397,60,3742.0,0.07618364296212289,60,3742.0
1240.0,0.5399999999999991,87,0,60,489,576,0,2148.0,24.689655172413794,3.6506918885054573,60,3688.0,0.16200155711818653,60,3688.0
1245.0,1.8200000000000003,85,0,54,495,580,0,1698.0,19.976470588235294,3.145074669179274,54,3506.0,0.1518354650620033,54,3506.0
1250.0,-1.6400000000000006,80,0,49,500,580,0,1167.0,14.5875,1.8236520200510131,49,3670.0,0.06705546874189085,49,3670.0
1255.0,-0.519999999999996,82,0,48,502,584,0,1024.0,12.487804878048781,2.4606338133855568,48,3722.0,0.09051576285707225,48,3722.0
1260.0,-0.17999999999999972,91,0,48,505,596,0,1102.0,12.10989010989011,3.8469811497953397,48,3740.0,0.176448145097498,48,3740.0
1265.0,-1.3800000000000026,91,0,52,509,600,0,1318.0,14.483516483516484,3.7526572601357495,52,3878.0,0.17094047697479134,52,3878.0
1270.0,-1.6400000000000006,84,0,58,516,600,0,1596.0,19.0,3.3845069813289013,58,4042.0,0.13992430836780606,58,4042.0
1275.0,-2.3900000000000006,85,0,60,519,604,0,1891.0,22.24705882352941,3.5918610084180953,60,4281.0,0.12900391218961035,60,4281.0
1280.0,-3.059999999999995,90,0,62,526,616,0,2197.0,24.41111111111111,3.611708858461043,62,4587.0,0.17294975373226437,62,4587.0
1285.0,0.5700000000000003,86,0,63,530,616,0,2061.0,23.96511627906977,2.1974113696381328,63,4530.0,0.06574390250533484,63,4530.0
1290.0,0.30999999999999517,84,0,58,536,620,0,1640.0,19.523809523809526,2.1526535412092023,58,4499.0,0.09170409155416359,58,4499.0
1295.0,-0.7999999999999972,93,0,50,539,632,0,1153.0,12.397849462365592,3.0988348978231137,50,4579.0,0.17372195116482317,50,4579.0
1300.0,-0.7800000000000011,90,0,47,542,632,0,1156.0,12.844444444444445,2.5894175585525456,47,4657.0,0.11078033903180717,47,4657.0
1305.0,-0.9099999999999966,91,0,52,545,636,0,1363.0,14.978021978021978,3.210669211652006,52,4748.0,0.1197620701021972,52,4748.0
1310.0,-1.7600000000000051,89,0,61,551,640,0,1652.0,18.56179775280899,3.6025905988440257,61,4924.0,0.15194862233410322,61,4924.0
1315.0,-2.6400000000000006,93,0,63,555,648,0,1963.0,21.107526881720432,3.71247918256642,63,5188.0,0.14960764675620591,63,5188.0
1320.0,-3.259999999999998,91,0,69,561,652,0,2293.0,25.197802197802197,2.8314842415578614,69,5514.0,0.09256387816703206,69,5514.0
1325.0,-3.549999999999997,89,0,71,567,656,0,2648.0,29.752808988764045,2.39822080647131,71,5869.0,0.0716454745139752,71,5869.0
1330.0,5.009999999999998,92,0,64,572,664,0,2229.0,24.22826086956522,2.644624621105659,64,5368.0,0.12558092229711346,64,5368.0
1335.0,-2.0900000000000034,91,0,58,577,668,0,1625.0,17.857142857142858,1.790293138618307,58,5577.0,0.08640153715402998,58,5577.0
1340.0,-1.1599999999999966,94,0,55,578,672,0,1228.0,13.063829787234043,2.260482832582011,55,5693.0,0.09202018256074423,55,5693.0
1345.0,-1.3599999999999994,95,0,56,581,676,0,1327.0,13.968421052631578,2.916283150055769,56,5829.0,0.13067008354453025,56,5829.0
1350.0,-1.2100000000000009,99,0,58,585,684,0,1560.0,15.757575757575758,3.1475360129699,58,5950.0,0.14414604410670703,58,5950.0
1355.0,-2.289999999999999,99,0,66,589,688,0,1876.0,18.949494949494948,3.115102275975546,66,6179.0,0.1296204964144006,66,6179.0
1360.0,-2.960000000000001,99,0,71,593,692,0,2222.0,22.444444444444443,3.122313307366201,71,6475.0,0.11884844948523696,71,6475.0
1365.0,-3.530000000000001,101,0,73,599,700,0,2583.0,25.574257425742573,3.3925183633131595,73,6828.0,0.153189153850882,73,6828.0
1370.0,0.960000000000008,102,0,73,602,704,0,2639.0,25.872549019607842,2.5258031902295373,73,6732.0,0.09863444259097087,73,6732.0
1375.0,0.75,102,0,71,606,708,0,2258.0,22.137254901960784,2.3323600693775943,71,6657.0,0.08138439916387047,71,6657.0
1380.0,-1.470000000000013,95,0,62,613,708,0,1609.0,16.936842105263157,1.5144423125255404,62,6804.0,0.05036312921774342,62,6804.0
1385.0,-1.3499999999999943,105,0,54,615,720,0,1360.0,12.952380952380953,2.8950000277467085,54,6939.0,0.1359660636988539,54,6939.0
1390.0,-1.7000000000000028,105,0,57,619,724,0,1578.0,15.028571428571428,2.9772979803519446,57,7109.0,0.13189781192469577,57,7109.0
1395.0,-1.9399999999999977,99,0,66,625,724,0,1892.0,19.11111111111111,2.5633386818582595,66,7303.0,0.0970502003254211,66,7303.0
1400.0,-3.0,100,0,76,628,728,0,2254.0,22.54,2.857345175385893,76,7603.0,0.09741855773017528,76,7603.0
1405.0,-3.8100000000000023,107,0,77,633,740,0,2635.0,24.626168224299064,2.8653243834023137,77,7984.0,0.11832951690493793,77,7984.0
1410.0,-4.069999999999993,102,0,82,638,740,0,3042.0,29.823529411764707,1.95378972169517,82,8391.0,0.04015516662375703,82,8391.0
1415.0,6.060000000000002,99,0,80,645,744,0,2835.0,28.636363636363637,1.45002043126411,80,7785.0,0.046493898423810465,80,7785.0
1420.0,-0.6800000000000068,106,0,74,650,756,0,2379.0,22.443396226415093,2.095862117136256,74,7853.0,0.11356572191531451,74,7853.0
1425.0,-2.480000000000004,110,0,67,650,760,0,1755.0,15.954545454545455,2.4348553467591465,67,8101.0,0.11341764123385281,67,8101.0
1430.0,-0.75,105,0,59,655,760,0,1487.0,14.161904761904761,2.253282852349387,59,8176.0,0.07589434190115955,59,8176.0
1435.0,-1.8399999999999892,106,0,63,658,764,0,1713.0,16.160377358490567,2.7258076549461014,63,8360.0,0.1086522350931949,63,8360.0
1440.0,-2.1300000000000097,113,0,72,663,776,0,2046.0,18.106194690265486,3.206284501940273,72,8573.0,0.1451126760754809,72,8573.0
1445.0,-3.1799999999999926,108,0,81,668,776,0,2427.0,22.47222222222222,2.670271748504417,81,8891.0,0.09588993453352554,81,8891.0
1450.0,-4.090000000000003,106,0,85,674,780,0,2849.0,26.87735849056604,2.358129260383529,85,9300.0,0.0747376769700972,85,9300.0
1455.0,1.2600000000000051,115,0,85,677,792,0,3124.0,27.16521739130435,2.6526664902951733,85,9174.0,0.10491806567405162,85,9174.0
1460.0,0.9799999999999898,108,0,82,684,792,0,2791.0,25.84259259259259,1.7337394313029644,82,9076.0,0.062056360261689154,82,9076.0
1465.0,-0.6499999999999915,107,0,74,689,796,0,2263.0,21.149532710280372,1.7547556785203102,74,9141.0,0.08015913519210194,74,9141.0
1470.0,-1.6899999999999977,109,0,66,691,800,0,1677.0,15.385321100917432,2.155687590686755,66,9310.0,0.09274200993322912,66,9310.0
1475.0,-1.1300000000000097,112,2,62,694,806,0,1606.0,14.339285714285714,2.7522540796876838,62,9423.0,0.11264421455175676,62,9423.0
1480.0,-2.009999999999991,113,1,68,698,811,0,1911.0,16.911504424778762,2.7750026970355224,68,9624.0,0.1045405186138485,68,9624.0
1485.0,-2.910000000000011,110,1,79,705,815,0,2281.0,20.736363636363638,2.67456257760574,79,9915.0,0.11769930650517037,79,9915.0
1490.0,-3.7299999999999898,112,2,85,710,822,0,2693.0,24.044642857142858,2.6860926171500252,85,10288.0,0.11905683276194517,85,10288.0
1495.0,-4.38000000000001,112,2,90,714,826,0,3132.0,27.964285714285715,2.3376040764384856,90,10726.0,0.0891303684498774,90,10726.0
1500.0,1.5799999999999983,111,2,86,719,830,0,3120.0,28.10810810810811,2.0196786386478007,86,10568.0,0.07262516866800073,86,10568.0
1505.0,3.8700000000000045,110,2,81,724,834,0,2804.0,25.490909090909092,2.0042878327573073,81,10181.0,0.08107904307729337,81,10181.0
1510.0,-1.9500000000000028,112,4,72,728,840,0,2082.0,18.589285714285715,1.968575907855378,72,10376.0,0.08978467385390046,72,10376.0
1515.0,-1.8499999999999943,112,4,65,732,844,0,1684.0,15.035714285714286,2.1946678785004705,65,10561.0,0.09347347929991878,65,10561.0
1520.0,-1.3700000000000045,113,4,65,735,848,0,1782.0,15.769911504424778,2.7877383622548244,65,10698.0,0.11361009594013564,65,10698.0
1525.0,-2.589999999999989,115,5,71,740,855,0,2122.0,18.452173913043477,2.8877982442997903,71,10957.0,0.1420830106931923,71,10957.0
1530.0,-3.210000000000008,116,4,80,744,860,0,2502.0,21.56896551724138,2.706754013330597,80,11278.0,0.12383624633895411,80,11278.0
1535.0,-4.039999999999992,115,4,87,749,864,0,2930.0,25.47826086956522,2.3813810707607512,87,11682.0,0.08637046574813842,87,11682.0
1540.0,-4.560000000000002,112,4,92,752,864,0,3388.0,30.25,1.8186359824861866,92,12138.0,0.03372027414784839,92,12138.0
1545.0,7.72999999999999,116,7,86,757,873,0,3078.0,26.53448275862069,2.2022151909333374,86,11365.0,0.08513617149161716,86,11365.0
1550.0,-3.1999999999999886,113,7,80,764,877,0,2658.0,23.52212389380531,1.8471989750088573,80,11685.0,0.08796098276088331,80,11685.0
1555.0,-2.0400000000000063,109,7,71,768,877,0,2065.0,18.94495412844037,1.649171513664669,71,11889.0,0.06816911837485717,71,11889.0
1560.0,-1.7000000000000028,111,7,63,770,881,0,1663.0,14.981981981981981,2.272162722007737,63,12059.0,0.0800757794924548,63,12059.0
1565.0,-2.0999999999999943,120,8,69,772,892,0,1939.0,16.158333333333335,2.8722611576108497,69,12269.0,0.12260958639192684,69,12269.0
1570.0,-2.8100000000000023,113,8,78,779,892,0,2310.0,20.442477876106196,2.497802993386571,78,12550.0,0.09008263226620185,78,12550.0
1575.0,-3.9000000000000057,115,6,88,783,898,0,2728.0,23.721739130434784,2.528389474649061,88,12940.0,0.08372437057531765,88,12940.0
1580.0,-4.579999999999984,117,10,93,789,906,0,3186.0,27.23076923076923,2.4067774821883896,93,13398.0,0.0833307080857531,93,13398.0
1585.0,2.069999999999993,116,10,91,794,910,0,3345.0,28.836206896551722,2.11781584656615,91,13191.0,0.08651565685062533,91,13191.0
1590.0,4.769999999999996,110,10,85,800,910,0,3043.0,27.663636363636364,1.5377649589018707,85,12714.0,0.05379448157502301,85,12714.0
1595.0,-2.299999999999997,111,10,78,803,914,0,2548.0,22.954954954954953,1.6416748160531387,78,12944.0,0.06339456321288241,78,12944.0
1600.0,-2.0600000000000023,116,14,69,806,922,0,2088.0,18.0,2.5036885143920258,69,13150.0,0.12063168675508516,69,13150.0
1605.0,-2.009999999999991,114,14,64,808,922,0,1812.0,15.894736842105264,2.524341693163223,64,13351.0,0.10172553366108987,64,13351.0
1610.0,-1.960000000000008,116,12,72,812,928,0,2133.0,18.387931034482758,2.6585205102136116,72,13547.0,0.10410086588775293,72,13547.0
1615.0,-3.0800000000000125,119,14,80,819,938,0,2515.0,21.134453781512605,2.8016842436169194,80,13855.0,0.12550640221964693,80,13855.0
1620.0,-4.009999999999991,117,13,88,822,939,0,2936.0,25.094017094017094,2.627839046833157,88,14256.0,0.0981652572004201,88,14256.0
1625.0,-4.430000000000007,116,13,93,827,943,0,3386.0,29.189655172413794,2.2125356011850763,93,14699.0,0.06929935861756886,93,14699.0
1630.0,2.5200000000000102,113,13,90,834,947,0,3233.0,28.61061946902655,1.6146022194392236,90,14447.0,0.06145800783758838,90,14447.0
1635.0,3.3300000000000125,113,17,86,838,951,0,2915.0,25.79646017699115,1.6221743466017418,86,14114.0,0.06859581085169583,86,14114.0
1640.0,-2.7200000000000273,114,17,77,841,955,0,2298.0,20.157894736842106,1.5842811723817547,77,14386.0,0.06601783122845675,77,14386.0
1645.0,-2.119999999999976,116,17,70,843,959,0,1851.0,15.956896551724139,2.0452657502716916,70,14598.0,0.07790887592591815,70,14598.0
1650.0,-2.0,118,21,70,845,963,0,1940.0,16.440677966101696,2.8732220746998225,70,14798.0,0.1173507210310606,70,14798.0
1655.0,-2.6000000000000227,118,19,77,851,969,0,2308.0,19.559322033898304,2.8218956383132396,77,15058.0,0.1097442525499282,77,15058.0
1660.0,-3.6699999999999875,119,17,87,856,975,0,2720.0,22.857142857142858,2.6350080776193328,87,15425.0,0.09642554602539109,87,15425.0
1665.0,-4.449999999999989,116,17,94,863,979,0,3182.0,27.43103448275862,2.3379185717657585,94,15870.0,0.07595996497230147,94,15870.0
1670.0,2.6399999999999864,116,21,94,867,983,0,3506.0,30.224137931034484,2.0959509688647397,94,15606.0,0.06645064902962493,94,15606.0
1675.0,5.449999999999989,114,21,88,873,987,0,3218.0,28.228070175438596,2.04248987881998,88,15061.0,0.07639666832361144,88,15061.0
1680.0,0.6100000000000136,113,21,80,878,991,0,2777.0,24.575221238938052,1.8630714041312497,80,15000.0,0.08229843961389406,80,15000.0
1685.0,-1.4300000000000068,111,21,72,880,991,0,2175.0,19.594594594594593,2.0205364294296655,72,15143.0,0.06627051705655901,72,15143.0
1690.0,-1.4599999999999795,116,25,63,883,999,0,1813.0,15.629310344827585,2.8267861061830533,63,15289.0,0.10893678904079188,63,15289.0
1695.0,-1.5600000000000023,115,23,66,890,1005,0,2023.0,17.591304347826085,2.9492268745108876,66,15445.0,0.12043347013934844,66,15445.0
1700.0,-2.719999999999999,113,21,77,894,1007,0,2384.0,21.097345132743364,2.70837067572469,77,15717.0,0.09384680019955734,77,15717.0
1705.0,-3.5200000000000102,117,23,84,900,1017,0,2783.0,23.786324786324787,2.801816971593443,84,16069.0,0.1186321518945348,84,16069.0
1710.0,-4.430000000000007,116,23,91,905,1021,0,3227.0,27.81896551724138,2.3870274247644714,91,16512.0,0.0885125432947848,91,16512.0
1715.0,3.460000000000008,111,23,89,910,1021,0,3220.0,29.00900900900901,1.6711648313985952,89,16166.0,0.049670643122819824,89,16166.0
1720.0,10.759999999999991,109,23,84,916,1025,0,2913.0,26.724770642201836,1.7122178192876032,84,15090.0,0.06514475305804457,84,15090.0
1725.0,-2.1299999999999955,115,27,74,918,1033,0,2342.0,20.36521739130435,2.2070021871185004,74,15303.0,0.10245145701311303,74,15303.0
1730.0,-1.9000000000000057,111,27,65,922,1033,0,1771.0,15.954954954954955,2.0004919738458202,65,15493.0,0.07051058997974174,65,15493.0
1735.0,-1.5300000000000011,112,27,64,925,1037,0,1768.0,15.785714285714286,2.609919498542584,64,15646.0,0.08757762391101102,64,15646.0
1740.0,-2.530000000000001,119,27,70,930,1049,0,2108.0,17.714285714285715,3.105331913833789,70,15899.0,0.1302536147936883,70,15899.0
1745.0,-3.359999999999985,117,27,81,936,1053,0,2494.0,21.316239316239315,3.0190924576124787,81,16235.0,0.13253871231968228,81,16235.0
1750.0,-4.140000000000015,113,25,90,942,1055,0,2920.0,25.84070796460177,2.1447303521459933,90,16649.0,0.061677799947009476,90,16649.0
1755.0,-4.689999999999998,113,25,96,946,1059,0,3389.0,29.991150442477878,1.8964664387465777,96,17118.0,0.05097934589723147,96,17118.0
1760.0,11.129999999999995,116,29,89,951,1067,0,3099.0,26.71551724137931,2.176820018789929,89,16005.0,0.09976550930861185,89,16005.0
1765.0,-0.11999999999997613,110,29,83,957,1067,0,2776.0,25.236363636363638,1.3879981963711097,83,16017.0,0.05864491067640973,83,16017.0
1770.0,-2.0600000000000023,114,29,72,957,1071,0,2108.0,18.49122807017544,1.9914656689680654,72,16223.0,0.07692619619784205,72,16223.0
1775.0,-1.9300000000000068,117,33,67,962,1079,0,1758.0,15.025641025641026,2.7366439635397084,67,16416.0,0.13274920889038805,67,16416.0
1780.0,-1.539999999999992,116,31,68,965,1081,0,1892.0,16.310344827586206,2.6745000046673755,68,16570.0,0.09963396098599213,68,16570.0
1785.0,-2.660000000000025,118,30,76,968,1086,0,2249.0,19.059322033898304,2.8194443240212603,76,16836.0,0.10651162192945497,76,16836.0
1790.0,-3.5299999999999727,117,28,86,975,1092,0,2662.0,22.752136752136753,2.8168141380206917,86,17189.0,0.11143957420962176,86,17189.0
1795.0,-4.420000000000016,115,32,92,981,1096,0,3113.0,27.069565217391304,2.4360375701617905,92,17631.0,0.08871191655909633,92,17631.0
1800.0,3.960000000000008,114,32,89,986,1100,0,3270.0,28.68421052631579,1.8471670016382806,89,17235.0,0.06167473109679505,89,17235.0
1805.0,3.8700000000000045,118,36,87,990,1108,0,2981.0,25.26271186440678,1.9974448947168641,87,16848.0,0.08491712534554854,87,16848.0
1810.0,-2.8300000000000125,114,36,82,994,1108,0,2448.0,21.473684210526315,1.3675527495460151,82,17131.0,0.04686012475082734,82,17131.0
1815.0,-1.9199999999999875,110,36,75,998,1108,0,2057.0,18.7,1.4071000420804078,75,17323.0,0.03471258014735582,75,17323.0
1820.0,-2.3700000000000045,109,36,68,999,1108,0,1833.0,16.81651376146789,2.2683095213424114,68,17560.0,0.06971100973795472,68,17560.0
1825.0,-2.319999999999993,106,34,76,1004,1110,0,2193.0,20.68867924528302,2.290130362538788,76,17792.0,0.06567587760700375,76,17792.0
1830.0,-3.3000000000000114,104,32,82,1008,1112,0,2585.0,24.85576923076923,1.9740480999316434,82,18122.0,0.025292334835547076,82,18122.0
1835.0,-3.9499999999999886,103,32,87,1013,1116,0,3009.0,29.21359223300971,1.9336513920489373,87,18517.0,0.04198094604845727,87,18517.0
1840.0,-4.350000000000023,96,32,87,1020,1116,0,3444.0,35.875,0.9619695130997048,87,18952.0,0.02472124086265277,87,18952.0
1845.0,9.0,92,32,82,1024,1116,0,3269.0,35.53260869565217,0.41356340144451037,82,18052.0,0.009297542988453053,82,18052.0
1850.0,0.6899999999999977,91,32,73,1025,1116,0,2912.0,32.0,0.8113158608578301,73,17983.0,0.020951814229646648,73,17983.0
1855.0,-2.369999999999976,91,32,60,1025,1116,0,2209.0,24.274725274725274,1.3985987831466673,60,18220.0,0.04032133756285402,60,18220.0
1860.0,-0.4200000000000159,88,32,57,1028,1116,0,1926.0,21.886363636363637,1.989393314013839,57,18262.0,0.03924261185897394,57,18262.0
1865.0,-2.219999999999999,89,32,60,1031,1120,0,1935.0,21.741573033707866,2.5033773817104406,60,18484.0,0.06587556138940107,60,18484.0
1870.0,-3.1899999999999977,85,30,66,1037,1122,0,2254.0,26.51764705882353,1.39226403342894,66,18803.0,0.04770843302795708,66,18803.0
1875.0,-3.5600000000000023,88,32,74,1040,1128,0,2605.0,29.602272727272727,1.2198805503214332,74,19159.0,0.048671819175491654,74,19159.0
1880.0,-3.930000000000007,86,32,80,1042,1128,0,2998.0,34.86046511627907,0.9462367790555194,80,19552.0,0.04525502546589533,80,19552.0
1885.0,5.460000000000008,84,32,78,1044,1128,0,3238.0,38.54761904761905,0.35760959748459237,78,19006.0,0.02261497387654276,78,19006.0
1890.0,9.620000000000005,84,32,72,1044,1128,0,2846.0,33.88095238095238,0.82457212634707,72,18044.0,0.01791011437470173,72,18044.0
1895.0,2.2700000000000102,88,32,58,1044,1132,0,2280.0,25.90909090909091,2.039760422083695,58,17817.0,0.08720417261124572,58,17817.0
1900.0,-2.2900000000000205,86,32,57,1046,1132,0,1985.0,23.08139534883721,2.293815980604723,57,18046.0,0.07403114252272687,57,18046.0
1905.0,-2.789999999999992,83,32,56,1049,1132,0,1696.0,20.433734939759034,1.8414927955933107,56,18325.0,0.03559169177574589,56,18325.0
1910.0,-3.0,79,30,63,1055,1134,0,1996.0,25.265822784810126,0.8072704780294956,63,18625.0,0.022776203593827083,63,18625.0
1915.0,-3.3100000000000023,78,28,69,1058,1136,0,2327.0,29.833333333333332,0.08300345686191796,69,18956.0,0.006047881235240676,69,18956.0
1920.0,-3.6899999999999977,80,26,77,1058,1138,0,2696.0,33.7,0.010044581013501964,77,19325.0,0.0007265247917950281,77,19325.0
1925.0,-3.9499999999999886,84,26,80,1058,1142,0,3091.0,36.79761904761905,0.6725924238800977,80,19720.0,0.045414998947526174,80,19720.0
1930.0,5.6299999999999955,84,26,74,1058,1142,0,3014.0,35.88095238095238,0.7110400379333387,74,19157.0,0.04080419944840015,74,19157.0
1935.0,14.689999999999998,84,26,68,1058,1142,0,2621.0,31.202380952380953,1.2093604141216159,68,17688.0,0.02940440330980157,68,17688.0
1940.0,-1.3700000000000045,84,26,57,1058,1142,0,2100.0,25.0,1.8718027546845688,57,17825.0,0.04144735998131821,57,17825.0
1945.0,-2.75,81,26,56,1061,1142,0,1888.0,23.308641975308642,1.8828570560547262,56,18100.0,0.033597828423689934,56,18100.0
1950.0,-2.6999999999999886,84,30,56,1066,1150,0,1739.0,20.702380952380953,2.0968687325429194,56,18370.0,0.11802073918396164,56,18370.0
1955.0,-2.950000000000017,84,26,62,1070,1154,0,2034.0,24.214285714285715,1.2858808341227228,62,18665.0,0.09766136252614571,62,18665.0
1960.0,-3.319999999999993,84,26,69,1070,1154,0,2364.0,28.142857142857142,0.7518718977747316,69,18997.0,0.058698125090662974,69,18997.0
1965.0,-3.8400000000000034,86,24,82,1070,1156,0,2747.0,31.941860465116278,0.5691441753976492,82,19381.0,0.0003172287451486312,82,19381.0
1970.0,-4.090000000000003,86,24,82,1070,1156,0,3155.0,36.68604651162791,0.5929211229763885,82,19790.0,1.9578966405753736e-05,82,19790.0
1975.0,15.849999999999994,83,24,72,1073,1156,0,2785.0,33.55421686746988,0.7107390024084818,72,18205.0,0.011426564669736062,72,18205.0
1980.0,2.469999999999999,86,24,60,1074,1160,0,2267.0,26.36046511627907,1.9891519589398394,60,17958.0,0.0827733383781001,60,17958.0
1985.0,-2.109999999999985,84,24,56,1076,1160,0,1956.0,23.285714285714285,2.308986108930312,56,18169.0,0.07881584824847068,56,18169.0
1990.0,-2.6500000000000057,81,24,51,1079,1160,0,1603.0,19.790123456790123,1.8557618482254898,51,18434.0,0.05826381269144508,51,18434.0
1995.0,-2.819999999999993,79,22,59,1083,1162,0,1816.0,22.9873417721519,0.8978011976432435,59,18716.0,0.01924127112430023,59,18716.0
2000.0,-3.1899999999999977,78,21,66,1085,1163,0,2133.0,27.346153846153847,0.4352417200268212,66,19035.0,0.005662335867589042,66,19035.0
2005.0,-3.539999999999992,78,19,74,1087,1165,0,2487.0,31.884615384615383,0.01362470217196968,74,19389.0,0.0009576240810268757,74,19389.0
2010.0,-3.8400000000000034,82,19,78,1087,1169,0,2870.0,35.0,0.7232527976072596,78,19773.0,0.048867246004584676,78,19773.0
2015.0,6.149999999999977,82,19,74,1087,1169,0,2951.0,35.98780487804878,0.7988572473459088,74,19158.0,0.049975264321029514,74,19158.0
2020.0,11.450000000000017,82,19,64,1087,1169,0,2562.0,31.24390243902439,1.26329282645488,64,18013.0,0.04497567099136484,64,18013.0
2025.0,-2.4099999999999966,86,23,58,1087,1173,0,2239.0,26.03488372093023,1.9904248078348195,58,18254.0,0.07601155572886557,58,18254.0
2030.0,-2.8000000000000114,84,23,55,1089,1173,0,1831.0,21.797619047619047,2.073821839659407,55,18534.0,0.07534715971961498,55,18534.0
2035.0,-2.7299999999999898,81,23,57,1092,1173,0,1697.0,20.950617283950617,1.3686585817114572,57,18807.0,0.02528611555693597,57,18807.0
2040.0,-3.0900000000000034,83,21,65,1096,1179,0,2006.0,24.16867469879518,1.1950090412290395,65,19116.0,0.06297071600528283,65,19116.0
2045.0,-3.430000000000007,82,20,71,1098,1180,0,2347.0,28.621951219512194,0.6965427997732891,71,19459.0,0.04950360105815242,71,19459.0
2050.0,-3.7299999999999898,84,18,76,1098,1182,0,2718.0,32.357142857142854,0.41579595061740515,76,19832.0,0.029864916640564093,76,19832.0
2055.0,-4.030000000000001,84,18,82,1098,1182,0,3121.0,37.154761904761905,0.3183730739128258,82,20235.0,2.7060098490025504e-05,82,20235.0
2060.0,11.969999999999999,84,18,74,1098,1182,0,2905.0,34.583333333333336,0.6527187310735977,74,19038.0,0.009702780606089829,74,19038.0
2065.0,2.4799999999999898,82,18,66,1100,1182,0,2580.0,31.463414634146343,0.981517402966529,66,18790.0,0.019861901745858987,66,18790.0
2070.0,-2.3700000000000045,86,18,60,1100,1186,0,2147.0,24.96511627906977,2.1669142999611863,60,19027.0,0.08113776241645584,60,19027.0
2075.0,-2.549999999999983,82,18,55,1104,1186,0,1797.0,21.914634146341463,1.9088407989557954,55,19282.0,0.06888526408181453,55,19282.0
2080.0,-2.7700000000000102,79,18,58,1107,1186,0,1798.0,22.759493670886076,1.2288639943494915,58,19559.0,0.043674033597432375,58,19559.0
2085.0,-3.1399999999999864,78,16,66,1110,1188,0,2112.0,27.076923076923077,0.4356096403918763,66,19873.0,0.007599643042381488,66,19873.0
2090.0,-3.480000000000018,80,14,72,1110,1190,0,2457.0,30.7125,0.34002027108171695,72,20221.0,0.0016433480671512613,72,20221.0
2095.0,-3.819999999999993,82,18,78,1112,1194,0,2839.0,34.6219512195122,0.687888030592863,78,20603.0,0.04885309718725274,78,20603.0
2100.0,6.939999999999998,86,18,76,1112,1198,0,3075.0,35.75581395348837,1.2247145710060803,76,19909.0,0.09064894932094725,76,19909.0
2105.0,7.0,86,18,66,1112,1198,0,2687.0,31.24418604651163,1.668101288249311,66,19209.0,0.0949910909934207,66,19209.0
2110.0,2.0500000000000114,86,18,60,1112,1198,0,2365.0,27.5,1.525273769330653,60,19004.0,0.05231520747475553,60,19004.0
2115.0,-2.950000000000017,84,18,61,1114,1198,0,2095.0,24.94047619047619,1.558878171715199,61,19299.0,0.025996171173300855,61,19299.0
2120.0,-2.9599999999999795,81,18,58,1117,1198,0,1768.0,21.82716049382716,1.3929091178004216,58,19595.0,0.028713584602882848,58,19595.0
2125.0,-3.0200000000000102,79,16,62,1121,1200,0,2001.0,25.329113924050635,0.5710572714478273,62,19897.0,0.019256873577542986,62,19897.0
2130.0,-3.4199999999999875,82,15,72,1123,1205,0,2343.0,28.573170731707318,0.7152061655044858,72,20239.0,0.05198502412009753,72,20239.0
2135.0,-3.740000000000009,83,14,79,1123,1206,0,2716.0,32.72289156626506,0.6538291858447431,79,20613.0,0.04730462512883579,79,20613.0
2140.0,-3.9399999999999977,83,14,79,1123,1206,0,3109.0,37.45783132530121,0.5324840378317632,79,21007.0,0.015228222739716857,79,21007.0
2145.0,7.6699999999999875,83,14,75,1123,1206,0,3035.0,36.566265060240966,0.6152799238303112,75,20240.0,0.007663542477582477,75,20240.0
2150.0,13.230000000000018,81,14,67,1125,1206,0,2708.0,33.4320987654321,1.0604919275100797,67,18917.0,0.025888854499617635,67,18917.0
2155.0,-1.3400000000000034,81,14,56,1125,1206,0,2169.0,26.77777777777778,1.5720676263954019,56,19051.0,0.03877057270831581,56,19051.0
2160.0,-2.5400000000000205,82,14,54,1128,1210,0,1879.0,22.914634146341463,2.1033688158867796,54,19305.0,0.08014841521031488,54,19305.0
2165.0,-2.619999999999976,78,14,53,1132,1210,0,1723.0,22.08974358974359,1.6136268130268612,53,19567.0,0.08008436129672673,53,19567.0
2170.0,-2.9000000000000057,85,14,61,1133,1218,0,2013.0,23.68235294117647,1.5668886981999837,61,19857.0,0.06982855967644969,61,19857.0
2175.0,-3.3400000000000034,83,13,70,1136,1219,0,2346.0,28.265060240963855,0.9737070258453853,70,20191.0,0.0501068566946626,70,20191.0
2180.0,-3.710000000000008,83,12,76,1137,1220,0,2717.0,32.734939759036145,0.5270912895682649,76,20562.0,0.017300531568929915,76,20562.0
2185.0,-3.969999999999999,82,12,80,1138,1220,0,3114.0,37.97560975609756,0.30529989711310995,80,20959.0,4.069955666307515e-06,80,20959.0
2190.0,17.72,86,12,70,1138,1224,0,2731.0,31.75581395348837,1.358824620463771,70,19187.0,0.05715827358405651,70,19187.0
2195.0,-2.799999999999983,84,12,60,1140,1224,0,2331.0,27.75,1.5958901637199767,60,19467.0,0.07181959313839013,60,19467.0
2200.0,-2.670000000000016,83,12,58,1141,1224,0,1980.0,23.85542168674699,1.6289861851280978,58,19734.0,0.038367415041205,58,19734.0
2205.0,-2.8799999999999955,80,12,57,1144,1224,0,1707.0,21.3375,1.2241512896769957,57,20022.0,0.020788186735254836,57,20022.0
2210.0,-2.9000000000000057,77,11,61,1148,1225,0,1892.0,24.571428571428573,0.5138295216547155,61,20312.0,0.01604065004702815,61,20312.0
2215.0,-3.259999999999991,75,11,68,1150,1225,0,2217.0,29.56,0.06273642507075529,68,20638.0,0.004423867849916489,68,20638.0
2220.0,-3.5900000000000034,80,10,74,1150,1230,0,2576.0,32.2,0.7130479907521805,74,20997.0,0.048445690552013844,74,20997.0
2225.0,-3.759999999999991,80,10,76,1150,1230,0,2952.0,36.9,0.6937334830525761,76,21373.0,0.04698305822766798,76,21373.0
2230.0,7.849999999999994,80,10,72,1150,1230,0,3018.0,37.725,0.37447743424821495,72,20588.0,0.00678517866632527,72,20588.0
2235.0,13.120000000000005,80,10,65,1150,1230,0,2619.0,32.7375,1.1533343334661725,65,19276.0,0.025092821217664745,65,19276.0
2240.0,-2.170000000000016,79,10,57,1151,1230,0,2264.0,28.658227848101266,1.6315129106797859,57,19493.0,0.030397542518499923,57,19493.0
2245.0,-2.75,80,14,54,1154,1234,0,1906.0,23.825,2.0836786248465087,54,19768.0,0.08034818745790553,54,19768.0
2250.0,-2.680000000000007,83,13,56,1156,1239,0,1695.0,20.42168674698795,2.2576327047983673,56,20036.0,0.11999387469193575,56,20036.0
2255.0,-2.9399999999999977,81,11,62,1160,1241,0,1989.0,24.555555555555557,1.1635412231598699,62,20330.0,0.06166251508207535,62,20330.0
2260.0,-3.359999999999985,83,9,70,1160,1243,0,2325.0,28.012048192771083,0.6745300109398983,70,20666.0,0.003237743159544046,70,20666.0
2265.0,-3.75,82,8,77,1162,1244,0,2698.0,32.90243902439025,0.31293383375853984,77,21041.0,0.0005408080195591855,77,21041.0
2270.0,-3.9799999999999898,82,8,80,1162,1244,0,3096.0,37.75609756097561,0.3006406456669815,80,21439.0,1.3205009256153218e-05,80,21439.0
2275.0,18.549999999999983,80,8,72,1164,1244,0,2858.0,35.725,0.4006839932580376,72,19584.0,0.005217894603776487,72,19584.0
2280.0,-2.569999999999993,84,8,62,1164,1248,0,2447.0,29.13095238095238,1.5473694814641443,62,19841.0,0.06779213822248271,62,19841.0
2285.0,-2.450000000000017,83,8,58,1165,1248,0,2093.0,25.216867469879517,1.9064671426430053,58,20086.0,0.07721914171608177,58,20086.0
2290.0,-2.579999999999984,80,8,55,1168,1248,0,1731.0,21.6375,1.627755499511958,55,20344.0,0.033358046016262084,55,20344.0
2295.0,-2.8499999999999943,77,7,60,1172,1249,0,1837.0,23.857142857142858,0.7300001836665403,60,20629.0,0.017060084385968434,60,20629.0
2300.0,-3.210000000000008,75,7,66,1174,1249,0,2158.0,28.773333333333333,0.22190075056912453,66,20950.0,0.0044194684607313855,66,20950.0
2305.0,-3.469999999999999,75,6,72,1175,1250,0,2505.0,33.4,0.008083815388824635,72,21297.0,0.0005962939504195171,72,21297.0
2310.0,-3.719999999999999,79,6,75,1175,1254,0,2876.0,36.40506329113924,0.695805643839138,75,21669.0,0.04909788568155687,75,21669.0
2315.0,7.8799999999999955,79,6,73,1175,1254,0,3095.0,39.177215189873415,0.7192790623862452,73,20881.0,0.048782719737249715,73,20881.0
2320.0,7.439999999999998,84,9,67,1175,1259,0,2685.0,31.964285714285715,1.3836700673236721,67,20137.0,0.069051259117738,67,20137.0
2325.0,-2.539999999999992,84,9,59,1175,1259,0,2344.0,27.904761904761905,1.608609556197878,59,20391.0,0.0721233811964295,59,20391.0
2330.0,-2.759999999999991,82,9,57,1177,1259,0,1917.0,23.378048780487806,1.4796996899000636,57,20667.0,0.02283550008106003,57,20667.0
2335.0,-2.890000000000015,80,9,57,1179,1259,0,1722.0,21.525,1.176296630624347,57,20956.0,0.02157216966718554,57,20956.0
2340.0,-3.0500000000000114,81,7,65,1184,1265,0,1957.0,24.160493827160494,0.982708749378401,65,21261.0,0.05853697918827403,65,21261.0
2345.0,-3.3899999999999864,81,6,70,1185,1266,0,2295.0,28.333333333333332,0.7049861969910614,70,21600.0,0.04761117473487569,70,21600.0
2350.0,-3.719999999999999,82,5,78,1185,1267,0,2667.0,32.52439024390244,0.396045253520592,78,21972.0,0.0009483587372198671,78,21972.0
2355.0,-3.990000000000009,81,5,80,1186,1267,0,3066.0,37.851851851851855,0.19116723352966267,80,22371.0,1.169420412855458e-05,80,22371.0
2360.0,7.700000000000017,80,5,74,1187,1267,0,2993.0,37.4125,0.27313826955792103,74,21601.0,0.008453422533082513,74,21601.0
2365.0,13.219999999999999,80,5,65,1187,1267,0,2588.0,32.35,1.1999811590793956,65,20279.0,0.02885903334969198,65,20279.0
2370.0,-1.1400000000000148,84,5,54,1187,1271,0,2088.0,24.857142857142858,2.3004467983588603,54,20393.0,0.08760989025181751,54,20393.0
2375.0,-2.3100000000000023,80,5,52,1191,1271,0,1734.0,21.675,2.1709009059006954,52,20624.0,0.0805569379396002,52,20624.0
2380.0,-2.6999999999999886,77,5,58,1194,1271,0,1795.0,23.31168831168831,1.2345734512575477,58,20894.0,0.018608040942476794,58,20894.0
2385.0,-3.0999999999999943,75,4,65,1197,1272,0,2103.0,28.04,0.5790719345009618,65,21204.0,0.006293414252779052,65,21204.0
2390.0,-3.390000000000015,78,6,69,1200,1278,0,2442.0,31.307692307692307,0.8725173083426563,69,21543.0,0.061348213734065786,69,21543.0
2395.0,-3.5900000000000034,78,6,74,1200,1278,0,2801.0,35.91025641025641,0.7099744039818946,74,21902.0,0.04941486282231743,74,21902.0
2400.0,-3.6999999999999886,82,6,74,1200,1282,0,3171.0,38.670731707317074,1.0797692359482627,74,22272.0,0.06353404310600447,74,22272.0
2405.0,19.75,82,6,67,1200,1282,0,2758.0,33.63414634146341,1.4891344388750487,67,20297.0,0.06318459397488742,67,20297.0
2410.0,2.530000000000001,81,6,59,1201,1282,0,2333.0,28.80246913580247,1.295581366894574,59,20044.0,0.03046663827685535,59,20044.0
2415.0,-2.6299999999999955,80,6,53,1202,1282,0,1956.0,24.45,1.7363599761539183,53,20307.0,0.030456119398138887,53,20307.0
2420.0,-2.670000000000016,76,6,52,1206,1282,0,1651.0,21.723684210526315,1.3920019164917676,52,20574.0,0.02814528086310133,52,20574.0
2425.0,-2.6999999999999886,74,4,56,1210,1284,0,1780.0,24.054054054054053,0.6949826588772032,56,20844.0,0.026173501942395504,56,20844.0
2430.0,-3.0200000000000102,77,3,63,1212,1289,0,2081.0,27.025974025974026,0.83757478143849,63,21146.0,0.05928024647049091,63,21146.0
2435.0,-3.3400000000000034,77,3,69,1212,1289,0,2415.0,31.363636363636363,0.6152385353827589,69,21480.0,0.03172158914302334,69,21480.0
2440.0,-3.6699999999999875,77,3,75,1212,1289,0,2782.0,36.12987012987013,0.3466833381943936,75,21847.0,0.00011599971946704817,75,21847.0
2445.0,8.699999999999989,76,3,71,1213,1289,0,2845.0,37.43421052631579,0.3142230641306405,71,20977.0,0.0038377894360902645,71,20977.0
2450.0,19.170000000000016,76,3,61,1213,1289,0,2430.0,31.973684210526315,1.393312726625992,61,19060.0,0.02531591924195036,61,19060.0
2455.0,-1.210000000000008,75,3,50,1214,1289,0,1888.0,25.173333333333332,1.9410440513699776,50,19181.0,0.04203098502423255,50,19181.0
2460.0,-2.3100000000000023,76,3,48,1217,1293,0,1642.0,21.605263157894736,2.498577813129159,48,19412.0,0.09497247486755225,48,19412.0
2465.0,-2.4799999999999898,80,4,53,1220,1300,0,1610.0,20.125,2.5535572108435702,53,19660.0,0.13321347602554862,53,19660.0
2470.0,-2.819999999999993,76,3,61,1225,1301,0,1892.0,24.894736842105264,1.1890122899027433,61,19942.0,0.07526767279804608,61,19942.0
2475.0,-3.210000000000008,77,2,66,1225,1302,0,2213.0,28.74025974025974,0.7053702001627331,66,20263.0,0.0032986865622087864,66,20263.0
2480.0,-3.490000000000009,77,1,71,1226,1303,0,2562.0,33.27272727272727,0.4792018433215539,71,20612.0,0.000621652159534054,71,20612.0
2485.0,-3.6699999999999875,76,1,74,1227,1303,0,2929.0,38.53947368421053,0.30204392484829984,74,20979.0,3.225300366350582e-05,74,20979.0
2490.0,14.659999999999997,78,1,66,1229,1307,0,2669.0,34.217948717948715,1.049288519197179,66,19513.0,0.06055914041890842,66,19513.0
2495.0,7.530000000000001,78,1,57,1229,1307,0,2336.0,29.94871794871795,1.8313634727961767,57,18760.0,0.07872301815801881,57,18760.0
2500.0,-2.240000000000009,78,1,52,1229,1307,0,1848.0,23.692307692307693,1.9339533509231164,52,18984.0,0.03757752525034266,52,18984.0
2505.0,-2.539999999999992,73,1,51,1234,1307,0,1549.0,21.21917808219178,1.5038522198443474,51,19238.0,0.030483596620309736,51,19238.0
2510.0,-2.5600000000000023,69,1,54,1238,1307,0,1583.0,22.942028985507246,0.7742129975293885,54,19494.0,0.031739543568244676,54,19494.0
2515.0,-2.8799999999999955,67,1,60,1240,1307,0,1871.0,27.925373134328357,0.06801539574922091,60,19782.0,0.0053287902583732645,60,19782.0
2520.0,-3.1899999999999977,71,1,66,1240,1311,0,2190.0,30.845070422535212,0.731542569421869,66,20101.0,0.05353648691504253,66,20101.0
2525.0,-3.3500000000000227,71,1,67,1240,1311,0,2525.0,35.563380281690144,0.6487997384890375,67,20436.0,0.04796101083855363,67,20436.0
2530.0,8.190000000000026,71,1,67,1240,1311,0,2711.0,38.183098591549296,0.2655142625576877,67,19617.0,0.0008244849813729558,67,19617.0
2535.0,12.819999999999993,71,1,58,1240,1311,0,2281.0,32.12676056338028,1.0965267597400614,58,18335.0,0.015928827485940798,58,18335.0
2540.0,-1.8100000000000023,77,2,48,1241,1318,0,1807.0,23.467532467532468,2.235302189763225,48,18516.0,0.0955173514537064,48,18516.0
2545.0,-2.1599999999999966,79,2,48,1243,1322,0,1564.0,19.79746835443038,2.8003303286199555,48,18732.0,0.13212433143126343,48,18732.0
2550.0,-2.460000000000008,76,2,51,1246,1322,0,1541.0,20.276315789473685,2.028521918192288,51,18978.0,0.07798874245670674,51,18978.0
2555.0,-2.759999999999991,74,1,58,1249,1323,0,1817.0,24.554054054054053,1.2676675555652863,58,19254.0,0.04297051866841483,58,19254.0
2560.0,-3.0999999999999943,72,0,65,1252,1324,0,2127.0,29.541666666666668,0.449700773695277,65,19564.0,0.0056026090869415865,65,19564.0
2565.0,-3.3400000000000034,72,0,68,1252,1324,0,2461.0,34.18055555555556,0.38315939480349254,68,19898.0,0.0007129361814608504,68,19898.0
2570.0,-3.480000000000018,70,0,70,1254,1324,0,2809.0,40.128571428571426,0.0003603521035990864,70,20246.0,2.6598242397141457e-05,70,20246.0
2575.0,8.960000000000008,74,0,64,1254,1328,0,2685.0,36.28378378378378,1.0639193397600033,64,19350.0,0.06472211358301949,64,19350.0
2580.0,13.810000000000002,74,0,54,1254,1328,0,2238.0,30.243243243243242,1.8947012449141412,54,17969.0,0.08355150186697702,54,17969.0
2585.0,-1.0500000000000114,74,0,46,1254,1328,0,1739.0,23.5,2.044915237271386,46,18074.0,0.06613722928051331,46,18074.0
2590.0,-1.9899999999999807,71,0,45,1257,1328,0,1398.0,19.690140845070424,1.9608811975760128,45,18273.0,0.035890402629653644,45,18273.0
2595.0,-2.3100000000000023,68,0,48,1260,1328,0,1452.0,21.352941176470587,1.4085442146179967,48,18504.0,0.02563079043759751,48,18504.0
2600.0,-2.700000000000017,63,0,56,1265,1328,0,1721.0,27.317460317460316,0.2586839811691301,56,18774.0,0.0042905245601149505,56,18774.0
2605.0,-3.0,66,0,61,1266,1332,0,2021.0,30.62121212121212,0.8552653035887393,61,19074.0,0.06085741214107913,61,19074.0
2610.0,-3.0999999999999943,74,0,62,1266,1340,0,2331.0,31.5,1.9935182719196582,62,19384.0,0.14296503256738982,62,19384.0
2615.0,-3.1399999999999864,74,0,64,1266,1340,0,2645.0,35.74324324324324,1.2007513888312542,64,19698.0,0.08589616313206196,64,19698.0
2620.0,19.95999999999998,74,0,60,1266,1340,0,2208.0,29.83783783783784,0.9104208240394132,60,17702.0,0.03388822948010786,60,17702.0
2625.0,2.930000000000007,74,0,53,1266,1340,0,1764.0,23.83783783783784,1.4532798844829882,53,17409.0,0.03316110392844791,53,17409.0
2630.0,-2.210000000000008,72,0,48,1268,1340,0,1499.0,20.819444444444443,1.9185111040021978,48,17630.0,0.037731000713076675,48,17630.0
2635.0,-2.4299999999999784,73,0,50,1271,1344,0,1450.0,19.863013698630137,2.08148672108528,50,17873.0,0.08046348007434725,50,17873.0
2640.0,-2.6899999999999977,69,0,56,1275,1344,0,1717.0,24.884057971014492,1.2059875243407834,56,18142.0,0.06558245907140756,56,18142.0
2645.0,-2.960000000000008,67,0,60,1277,1344,0,2013.0,30.044776119402986,0.5925736280334085,60,18438.0,0.03151368513429197,60,18438.0
2650.0,-3.170000000000016,67,0,65,1277,1344,0,2330.0,34.776119402985074,0.36727413936385517,65,18755.0,5.7367915477564146e-05,65,18755.0
2655.0,-3.25,67,0,65,1277,1344,0,2655.0,39.62686567164179,0.3745326522243639,65,19080.0,2.144920621667373e-06,65,19080.0
2660.0,9.189999999999998,66,0,61,1278,1344,0,2668.0,40.42424242424242,0.3449565282118799,61,18161.0,0.0032692913579006827,61,18161.0
2665.0,19.580000000000013,69,0,51,1279,1348,0,2209.0,32.01449275362319,2.0696599168233423,51,16203.0,0.09043257672194382,51,16203.0
2670.0,-0.6800000000000068,69,0,38,1279,1348,0,1481.0,21.463768115942027,2.7312714971527834,38,16271.0,0.11445595000532774,38,16271.0
2675.0,-0.9099999999999966,66,0,35,1282,1348,0,1121.0,16.984848484848484,2.7845941111808505,35,16362.0,0.09684287570582607,35,16362.0
2680.0,-1.9699999999999989,63,0,43,1285,1348,0,1318.0,20.92063492063492,1.964670929628949,43,16559.0,0.02913096481898585,43,16559.0
2685.0,-2.3899999999999864,66,0,51,1290,1356,0,1557.0,23.59090909090909,1.9207543887648708,51,16798.0,0.10808367131970967,51,16798.0
2690.0,-2.740000000000009,64,0,56,1292,1356,0,1831.0,28.609375,0.9719042198705603,56,17072.0,0.06106023648585085,56,17072.0
2695.0,-2.9499999999999886,67,0,59,1293,1360,0,2126.0,31.73134328358209,1.3055986946856328,59,17367.0,0.06859383602929067,59,17367.0
2700.0,-3.0200000000000102,67,0,61,1293,1360,0,2428.0,36.23880597014925,1.1907545067712162,61,17669.0,0.05801829759424133,61,17669.0
2705.0,19.539999999999992,78,0,54,1294,1372,0,2109.0,27.03846153846154,2.1197995492884076,54,15715.0,0.12911189197999712,54,15715.0
2710.0,8.810000000000002,81,0,49,1295,1376,0,1582.0,19.530864197530864,2.995292399449951,49,14834.0,0.1676293851077881,49,14834.0
2715.0,-1.9300000000000068,81,0,44,1295,1376,0,1375.0,16.97530864197531,2.882653956750557,44,15027.0,0.11829352139909037,44,15027.0
2720.0,-2.2299999999999898,87,1,48,1300,1387,0,1323.0,15.206896551724139,3.6627264878517156,48,15250.0,0.1818287605645848,48,15250.0
2725.0,-2.6699999999999875,89,1,58,1302,1391,0,1538.0,17.280898876404493,3.2952423206492227,58,15517.0,0.1460206449556886,58,15517.0
2730.0,-3.130000000000024,83,0,65,1309,1392,0,1851.0,22.301204819277107,1.8316645395523576,65,15830.0,0.05929059932363487,65,15830.0
2735.0,-3.469999999999999,83,0,72,1313,1396,0,2198.0,26.481927710843372,1.5051919421171487,72,16177.0,0.061090695563626035,72,16177.0
2740.0,-3.6499999999999773,93,0,75,1315,1408,0,2563.0,27.559139784946236,2.052773117323386,75,16542.0,0.11436895848669516,75,16542.0
2745.0,7.739999999999981,96,0,76,1316,1412,0,2796.0,29.125,1.7617958835094492,76,15768.0,0.09298432450833681,76,15768.0
2750.0,7.090000000000003,93,0,74,1319,1412,0,2437.0,26.204301075268816,1.2950841975695015,74,15059.0,0.055758205518908734,74,15059.0
2755.0,2.4799999999999898,104,0,66,1320,1424,0,1907.0,18.33653846153846,2.4249784575059317,66,14811.0,0.13314353023162273,66,14811.0
2760.0,-1.6399999999999864,107,0,61,1321,1428,0,1376.0,12.85981308411215,2.735682963813715,61,14975.0,0.13487195812374278,61,14975.0
2765.0,-1.0200000000000102,103,0,56,1325,1428,0,1424.0,13.825242718446601,2.5511136722521566,56,15077.0,0.09242454081506757,56,15077.0
2770.0,-2.079999999999984,104,0,63,1328,1432,0,1714.0,16.48076923076923,2.8908448654175967,63,15285.0,0.1123234270664224,63,15285.0
2775.0,-2.700000000000017,110,1,72,1333,1443,0,2061.0,18.736363636363638,3.59457582073788,72,15555.0,0.16135097220001335,72,15555.0
2780.0,-3.6499999999999773,102,1,80,1341,1443,0,2441.0,23.931372549019606,2.5126803716561006,80,15920.0,0.08643870610287799,80,15920.0
2785.0,-4.060000000000002,102,1,83,1345,1447,0,2847.0,27.91176470588235,2.278737349693997,83,16326.0,0.052827662465374285,83,16326.0
2790.0,7.019999999999982,100,1,80,1351,1451,0,2808.0,28.08,2.07984329511156,80,15624.0,0.06875874837384131,80,15624.0
2795.0,6.700000000000017,101,2,73,1357,1458,0,2457.0,24.326732673267326,1.7329420355469065,73,14954.0,0.07737651485963078,73,14954.0
2800.0,-1.5900000000000034,103,2,67,1359,1462,0,1872.0,18.174757281553397,1.767685335029597,67,15113.0,0.07474258028337967,67,15113.0
2805.0,-1.539999999999992,103,2,62,1363,1466,0,1647.0,15.990291262135923,2.312077253126532,62,15267.0,0.10454446954600502,62,15267.0
2810.0,-1.2300000000000182,109,3,62,1364,1473,0,1700.0,15.596330275229358,2.9930970554366905,62,15390.0,0.12088815424811171,62,15390.0
2815.0,-2.329999999999984,109,2,71,1369,1478,0,2035.0,18.6697247706422,2.8893232719927906,71,15623.0,0.11631183135440352,71,15623.0
2820.0,-3.210000000000008,109,1,78,1374,1483,0,2418.0,22.18348623853211,2.940636520217091,78,15944.0,0.11838453427644748,78,15944.0
2825.0,-3.8400000000000034,107,1,83,1380,1487,0,2827.0,26.42056074766355,2.7115967735661592,83,16328.0,0.09447183580659595,83,16328.0
2830.0,-4.210000000000008,108,3,86,1385,1493,0,3248.0,30.074074074074073,2.4608145804693375,86,16749.0,0.08379193419500157,86,16749.0
2835.0,18.180000000000007,107,3,80,1390,1497,0,2905.0,27.149532710280372,2.2025163930205154,80,14931.0,0.08297773388595474,80,14931.0
2840.0,7.090000000000003,105,3,74,1396,1501,0,2475.0,23.571428571428573,1.9993383030334082,74,14222.0,0.08496655827878476,74,14222.0
2845.0,-1.8400000000000034,109,6,62,1397,1506,0,1883.0,17.275229357798164,2.7086324004757905,62,14406.0,0.11795966915860334,62,14406.0
2850.0,-1.6500000000000057,107,6,56,1403,1510,0,1580.0,14.766355140186915,2.7274182034791754,56,14571.0,0.11766048279881149,56,14571.0
2855.0,-1.799999999999983,109,4,61,1407,1516,0,1803.0,16.541284403669724,2.8999451356968993,61,14751.0,0.1285024971214187,61,14751.0
2860.0,-2.6599999999999966,107,3,72,1410,1517,0,2144.0,20.037383177570092,2.7807977453804003,72,15017.0,0.0920981618317108,72,15017.0
2865.0,-3.670000000000016,112,4,81,1416,1528,0,2527.0,22.5625,2.7422353512416575,81,15384.0,0.10594863773102386,81,15384.0
2870.0,-4.280000000000001,110,4,87,1422,1532,0,2954.0,26.854545454545455,2.374688143764369,87,15812.0,0.09421838723313333,87,15812.0
2875.0,6.25,105,4,87,1427,1532,0,3086.0,29.39047619047619,1.2600685864171064,87,15187.0,0.039217164257834614,87,15187.0
2880.0,10.740000000000009,110,6,83,1432,1542,0,2762.0,25.10909090909091,1.900418373563214,83,14113.0,0.1013043806406218,83,14113.0
2885.0,-2.530000000000001,113,6,76,1433,1546,0,2239.0,19.8141592920354,1.9947474054616765,76,14366.0,0.09852872909585901,76,14366.0
2890.0,-1.9099999999999966,110,6,69,1436,1546,0,1743.0,15.845454545454546,1.735541200414471,69,14557.0,0.06027641278940759,69,14557.0
2895.0,-1.7800000000000011,112,6,67,1438,1550,0,1756.0,15.678571428571429,2.4567682066733068,67,14735.0,0.09048230491210336,67,14735.0
2900.0,-2.4000000000000057,117,7,73,1444,1561,0,2102.0,17.965811965811966,2.863759413456691,73,14975.0,0.13433980581127078,73,14975.0
2905.0,-3.210000000000008,116,7,82,1449,1565,0,2497.0,21.525862068965516,2.8805320004613764,82,15296.0,0.13131392091693078,82,15296.0
2910.0,-4.079999999999984,113,6,88,1453,1566,0,2925.0,25.884955752212388,2.335355985836183,88,15704.0,0.07649004896881809,88,15704.0
2915.0,-4.590000000000003,117,9,93,1458,1575,0,3384.0,28.923076923076923,2.572138416839421,93,16163.0,0.096913415596531,93,16163.0
2920.0,17.069999999999993,115,9,87,1464,1579,0,3240.0,28.17391304347826,2.126197102948135,87,14456.0,0.08700321648367478,87,14456.0
2925.0,1.6899999999999977,110,9,82,1469,1579,0,2925.0,26.59090909090909,1.4625917126659467,82,14287.0,0.05044330526871843,82,14287.0
2930.0,-2.490000000000009,112,9,74,1471,1583,0,2274.0,20.303571428571427,1.8390367227676963,74,14536.0,0.06523057156420296,74,14536.0
2935.0,-1.5199999999999818,116,12,67,1476,1592,0,1864.0,16.06896551724138,2.6481686837791574,67,14688.0,0.12548655341819154,67,14688.0
2940.0,-1.950000000000017,114,11,68,1479,1593,0,1851.0,16.236842105263158,2.5349155110040185,68,14883.0,0.10426743926494181,68,14883.0
2945.0,-2.1999999999999886,116,9,76,1483,1599,0,2206.0,19.017241379310345,2.6803525935947916,76,15103.0,0.09716441882403017,76,15103.0
2950.0,-3.3000000000000114,117,7,82,1488,1605,0,2603.0,22.247863247863247,2.714629026787203,82,15433.0,0.10913837994287934,82,15433.0
2955.0,-4.149999999999977,116,10,92,1494,1610,0,3045.0,26.25,2.509718171050935,92,15848.0,0.10175623725036566,92,15848.0
2960.0,5.579999999999984,115,10,92,1499,1614,0,3351.0,29.139130434782608,1.8577001589131095,92,15290.0,0.06362614705420591,92,15290.0
2965.0,9.090000000000003,114,10,92,1504,1618,0,3059.0,26.833333333333332,1.5803064206346908,92,14381.0,0.05512541587737939,92,14381.0
2970.0,-0.3299999999999841,114,14,82,1508,1622,0,2648.0,23.228070175438596,1.7385818236262853,82,14414.0,0.0804808319708925,82,14414.0
2975.0,-1.6900000000000261,116,14,72,1510,1626,0,2003.0,17.267241379310345,2.0586466655379145,72,14583.0,0.08028585551542924,72,14583.0
2980.0,-1.7099999999999795,116,14,64,1514,1630,0,1766.0,15.224137931034482,2.583444006996724,64,14754.0,0.10111760257304078,64,14754.0
2985.0,-2.219999999999999,117,12,72,1519,1636,0,2097.0,17.923076923076923,2.807166914581232,72,14976.0,0.12189616631026148,72,14976.0
2990.0,-3.0600000000000023,117,14,80,1525,1642,0,2472.0,21.128205128205128,2.65788394463223,80,15282.0,0.12037153686117696,80,15282.0
2995.0,-3.8799999999999955,118,13,89,1529,1647,0,2892.0,24.508474576271187,2.2576543393240116,89,15670.0,0.0788002092237313,89,15670.0
3000.0,-4.670000000000016,118,13,96,1533,1651,0,3359.0,28.466101694915253,2.214041318473613,96,16137.0,0.06497798524317787,96,16137.0
3005.0,6.069999999999993,120,16,91,1536,1656,0,3375.0,28.125,2.1123276328766387,91,15530.0,0.06772685733300791,91,15530.0
3010.0,10.320000000000022,116,16,86,1544,1660,0,3086.0,26.603448275862068,1.8622778448169977,86,14498.0,0.07151374499311869,86,14498.0
3015.0,-2.0200000000000102,116,16,77,1548,1664,0,2376.0,20.482758620689655,1.88268661454767,77,14700.0,0.08407236600594634,77,14700.0
3020.0,-1.8199999999999932,113,16,72,1551,1664,0,1923.0,17.01769911504425,1.9723771135663217,72,14882.0,0.07275703524698633,72,14882.0
3025.0,-1.200000000000017,118,20,65,1554,1672,0,1783.0,15.110169491525424,2.7041270319766038,65,15002.0,0.11129752702760423,65,15002.0
3030.0,-2.1399999999999864,119,17,71,1560,1679,0,2102.0,17.66386554621849,2.8485440110581894,71,15216.0,0.13069284536720274,71,15216.0
3035.0,-2.7700000000000102,115,17,79,1564,1679,0,2480.0,21.565217391304348,2.684575515911005,79,15493.0,0.1018165041665086,79,15493.0
3040.0,-3.7399999999999807,120,19,91,1569,1689,0,2914.0,24.283333333333335,3.0223291051489136,91,15867.0,0.12235050753543374,91,15867.0
3045.0,-4.600000000000023,118,19,94,1575,1693,0,3375.0,28.60169491525424,2.468230769176657,94,16327.0,0.09484220827869169,94,16327.0
3050.0,11.740000000000009,113,19,88,1580,1693,0,3081.0,27.265486725663717,1.5537600496965898,88,15153.0,0.037297221617936256,88,15153.0
3055.0,1.6200000000000045,110,19,81,1587,1697,0,2629.0,23.9,1.374136660119164,81,14991.0,0.05508201167424037,81,14991.0
3060.0,-2.1599999999999966,116,23,71,1589,1705,0,2146.0,18.5,2.2122164363130734,71,15207.0,0.11197877637231418,71,15207.0
3065.0,-1.9300000000000068,117,23,63,1592,1709,0,1680.0,14.35897435897436,2.7051282631869915,63,15400.0,0.13229786800459933,63,15400.0
3070.0,-1.9000000000000057,116,21,71,1595,1711,0,2002.0,17.25862068965517,2.5438003621273633,71,15590.0,0.09115229830381245,71,15590.0
3075.0,-2.8899999999999864,116,20,79,1600,1716,0,2377.0,20.49137931034483,2.6639426741014676,79,15879.0,0.09705913016926668,79,15879.0
3080.0,-4.02000000000001,120,22,87,1606,1726,0,2793.0,23.275,2.848452978882128,87,16281.0,0.12856258849350097,87,16281.0
3085.0,-4.569999999999993,115,22,95,1611,1726,0,3251.0,28.269565217391303,1.9897245968514612,95,16738.0,0.04615976225195668,95,16738.0
3090.0,5.519999999999982,114,22,94,1616,1730,0,3427.0,30.06140350877193,1.7827644409610877,94,16186.0,0.05237347182734484,94,16186.0
3095.0,8.75,117,26,88,1621,1738,0,3135.0,26.794871794871796,2.344979200356115,88,15311.0,0.101940936353023,88,15311.0
3100.0,-2.1299999999999955,112,26,77,1626,1738,0,2595.0,23.169642857142858,1.570144061832022,77,15524.0,0.06464238527151396,77,15524.0
3105.0,-1.789999999999992,114,26,68,1628,1742,0,1978.0,17.350877192982455,2.074043529029461,68,15703.0,0.07773798830057567,68,15703.0
3110.0,-1.9699999999999989,115,26,66,1631,1746,0,1748.0,15.2,2.6550601676483696,66,15900.0,0.11382877303137628,66,15900.0
3115.0,-1.9000000000000057,115,28,70,1637,1752,0,2054.0,17.860869565217392,2.6159612465404116,70,16090.0,0.11583894313178492,70,16090.0
3120.0,-2.569999999999993,118,26,78,1640,1758,0,2429.0,20.584745762711865,2.6929517524975006,78,16347.0,0.09760598818915629,78,16347.0
3125.0,-3.6999999999999886,117,25,88,1646,1763,0,2856.0,24.41025641025641,2.677395372357941,88,16717.0,0.09250172260686854,88,16717.0
3130.0,-4.550000000000011,116,29,92,1651,1767,0,3315.0,28.57758620689655,2.4289093409316855,92,17172.0,0.08312536593806603,92,17172.0
3135.0,12.669999999999987,114,29,89,1657,1771,0,3168.0,27.789473684210527,1.8793014491417994,89,15905.0,0.06764878378357791,89,15905.0
3140.0,4.380000000000024,112,29,84,1663,1775,0,2783.0,24.848214285714285,1.7996265776485723,84,15467.0,0.07555702808773532,84,15467.0
3145.0,-2.740000000000009,114,29,75,1665,1779,0,2277.0,19.973684210526315,2.122684444533925,75,15741.0,0.08681445837523884,75,15741.0
3150.0,-1.8199999999999932,115,33,66,1668,1783,0,1917.0,16.669565217391305,2.5203977618891695,66,15923.0,0.1036736003745959,66,15923.0
3155.0,-2.280000000000001,116,32,67,1672,1788,0,1943.0,16.75,2.719120096116924,67,16151.0,0.11617735616094221,67,16151.0
3160.0,-2.670000000000016,118,29,77,1677,1795,0,2308.0,19.559322033898304,2.7419683509984885,77,16418.0,0.11651816767872372,77,16418.0
3165.0,-3.780000000000001,116,32,84,1684,1800,0,2718.0,23.43103448275862,2.5803201125241197,84,16796.0,0.10820117379275722,84,16796.0
3170.0,-4.509999999999991,117,31,95,1688,1805,0,3167.0,27.068376068376068,2.3015660593148954,95,17247.0,0.08349917920005212,95,17247.0
3175.0,3.8899999999999864,116,31,96,1693,1809,0,3496.0,30.137931034482758,1.9166907969248224,96,16858.0,0.06930556938894232,96,16858.0
3180.0,7.730000000000018,110,31,89,1699,1809,0,3212.0,29.2,1.1835118237646973,89,16085.0,0.03293008577831226,89,16085.0
3185.0,-3.3300000000000125,115,35,82,1702,1817,0,2714.0,23.6,1.7249087325365549,82,16418.0,0.08103437733292562,82,16418.0
3190.0,-1.9199999999999875,117,35,72,1704,1821,0,2160.0,18.46153846153846,2.2171300262082894,72,16610.0,0.10410003405188363,72,16610.0
3195.0,-1.5100000000000193,114,35,69,1707,1821,0,1716.0,15.052631578947368,2.1408911296464437,69,16761.0,0.08013334129471926,69,16761.0
3200.0,-1.7699999999999818,117,33,69,1710,1827,0,2001.0,17.102564102564102,2.6038211533832727,69,16938.0,0.10510026764307037,69,16938.0
3205.0,-2.3799999999999955,122,36,77,1714,1836,0,2373.0,19.450819672131146,2.8845082112977574,77,17176.0,0.11645341028217047,77,17176.0
3210.0,-3.5600000000000023,117,34,89,1721,1838,0,2793.0,23.871794871794872,2.2733580310365658,89,17532.0,0.07984858485762127,89,17532.0
3215.0,-4.409999999999997,117,34,94,1725,1842,0,3258.0,27.846153846153847,2.300808101784362,94,17973.0,0.07287200079532172,94,17973.0
3220.0,3.9099999999999966,122,38,92,1728,1850,0,3272.0,26.81967213114754,2.269122134376931,92,17582.0,0.08791789495557303,92,17582.0
3225.0,7.4199999999999875,118,38,85,1736,1854,0,2991.0,25.347457627118644,2.0704223369663515,85,16840.0,0.09331243321371739,85,16840.0
3230.0,-2.2299999999999898,114,38,77,1740,1854,0,2361.0,20.710526315789473,1.545992940189373,77,17063.0,0.05618033194501809,77,17063.0
3235.0,-2.170000000000016,114,38,71,1744,1858,0,1970.0,17.280701754385966,1.9111640939671215,71,17280.0,0.07713606516901583,71,17280.0
3240.0,-1.8699999999999761,119,42,68,1747,1866,0,1897.0,15.941176470588236,2.8973711882431075,68,17467.0,0.13324809280635194,68,17467.0
3245.0,-2.3400000000000034,118,39,76,1751,1869,0,2256.0,19.11864406779661,2.4830430354534734,76,17701.0,0.08791666849144335,76,17701.0
3250.0,-3.5400000000000205,118,38,85,1756,1874,0,2667.0,22.60169491525424,2.4632758235174337,85,18055.0,0.09782057291036168,85,18055.0
3255.0,-4.339999999999975,122,41,93,1761,1883,0,3118.0,25.557377049180328,2.530475580024262,93,18489.0,0.10418275456954626,93,18489.0
3260.0,-4.810000000000002,117,41,97,1766,1883,0,3599.0,30.76068376068376,1.712311948218528,97,18970.0,0.04937425153599532,97,18970.0
3265.0,13.609999999999985,116,41,92,1771,1887,0,3314.0,28.56896551724138,1.655089592036604,92,17609.0,0.06253063675961379,92,17609.0
3270.0,5.200000000000017,116,41,85,1775,1891,0,2908.0,25.06896551724138,1.8514687899326776,85,17089.0,0.0780398512270238,85,17089.0
3275.0,-1.9700000000000273,118,45,74,1777,1895,0,2270.0,19.23728813559322,2.119658924005349,74,17286.0,0.08176164252274194,74,17286.0
3280.0,-1.9199999999999875,116,45,70,1783,1899,0,1807.0,15.577586206896552,2.22058557862415,70,17478.0,0.09089085986089958,70,17478.0
3285.0,-1.5,118,43,69,1787,1905,0,1997.0,16.923728813559322,2.4954494589878555,69,17628.0,0.09661341381890658,69,17628.0
3290.0,-2.740000000000009,121,45,77,1790,1911,0,2371.0,19.59504132231405,2.767266070166459,77,17902.0,0.11560736076516213,77,17902.0
3295.0,-3.259999999999991,122,43,87,1795,1917,0,2791.0,22.87704918032787,2.7971338856465624,87,18228.0,0.10904624908739916,87,18228.0
3300.0,-4.25,120,43,93,1801,1921,0,3243.0,27.025,2.432704566951865,93,18653.0,0.08761035142841644,93,18653.0
3305.0,4.599999999999994,118,43,93,1807,1925,0,3410.0,28.89830508474576,2.0064341723164,93,18193.0,0.06851026434157811,93,18193.0
3310.0,4.560000000000002,117,47,88,1812,1929,0,3122.0,26.683760683760685,1.8679900138641397,88,17737.0,0.0708766985203064,88,17737.0
3315.0,-2.8400000000000034,116,47,81,1817,1933,0,2541.0,21.905172413793103,1.4536309985620912,81,18021.0,0.06372718602752911,81,18021.0
3320.0,-1.6299999999999955,118,47,73,1819,1937,0,1998.0,16.93220338983051,1.991299639428302,73,18184.0,0.07965578841507232,73,18184.0
3325.0,-2.1699999999999875,120,51,70,1821,1941,0,1835.0,15.291666666666666,2.7030433511025436,70,18401.0,0.11420363721450345,70,18401.0
3330.0,-2.0100000000000193,122,49,74,1825,1947,0,2170.0,17.78688524590164,2.773616442878132,74,18602.0,0.10576994574958193,74,18602.0
3335.0,-3.2099999999999795,122,48,86,1830,1952,0,2573.0,21.09016393442623,2.692809616451199,86,18923.0,0.10657989894832662,86,18923.0
3340.0,-4.0800000000000125,116,47,92,1837,1953,0,3020.0,26.03448275862069,2.2595133508319813,92,19331.0,0.07583113089447267,92,19331.0
3345.0,-4.590000000000003,119,51,96,1842,1961,0,3492.0,29.34453781512605,2.313794188704904,96,19790.0,0.0844700657520109,96,19790.0
3350.0,14.800000000000011,118,51,91,1847,1965,0,3360.0,28.47457627118644,1.901644156281455,91,18310.0,0.07477033259665984,91,18310.0
3355.0,0.75,112,51,86,1853,1965,0,2982.0,26.625,1.2609983758361696,86,18235.0,0.041021376242783014,86,18235.0
3360.0,-2.240000000000009,113,51,78,1856,1969,0,2409.0,21.31858407079646,1.5993759299219759,78,18459.0,0.05716333295513373,78,18459.0
3365.0,-2.009999999999991,119,55,71,1858,1977,0,1945.0,16.34453781512605,2.3772405456239376,71,18660.0,0.0984998433898328,71,18660.0
3370.0,-1.9000000000000057,115,54,70,1863,1978,0,1981.0,17.22608695652174,2.320447801955853,70,18850.0,0.08840849452727763,70,18850.0
3375.0,-2.4799999999999898,117,52,78,1867,1984,0,2345.0,20.042735042735043,2.592000679435443,78,19098.0,0.09824129541789217,78,19098.0
3380.0,-3.240000000000009,123,54,84,1871,1994,0,2754.0,22.390243902439025,2.8376205665254384,84,19422.0,0.11739810652530586,84,19422.0
3385.0,-4.27000000000001,122,54,93,1876,1998,0,3207.0,26.28688524590164,2.8084225683517317,93,19849.0,0.11212866911507889,93,19849.0
3390.0,5.550000000000011,116,54,94,1882,1998,0,3521.0,30.353448275862068,1.7389767374451919,94,19294.0,0.043688588150709785,94,19294.0
3395.0,4.780000000000001,113,54,90,1889,2002,0,3232.0,28.601769911504423,1.4612240063436464,90,18816.0,0.05485865838729943,90,18816.0
3400.0,-3.3799999999999955,119,58,82,1891,2010,0,2667.0,22.41176470588235,2.010950577615902,82,19154.0,0.10307861599363675,82,19154.0
3405.0,-1.5400000000000205,115,58,74,1895,2010,0,2139.0,18.6,1.7790731576732595,74,19308.0,0.0687196422548787,74,19308.0
3410.0,-1.799999999999983,117,58,70,1897,2014,0,1864.0,15.931623931623932,2.2535829875175972,70,19488.0,0.0739270366427165,70,19488.0
3415.0,-2.4099999999999966,122,61,71,1901,2023,0,2089.0,17.12295081967213,2.9488142817602947,71,19729.0,0.1355348611241897,71,19729.0
3420.0,-2.7900000000000205,118,59,81,1907,2025,0,2470.0,20.93220338983051,2.5417539389262522,81,20008.0,0.10912165234911134,81,20008.0
3425.0,-3.6799999999999784,118,58,93,1912,2030,0,2907.0,24.635593220338983,2.3985970285645135,93,20376.0,0.0936164050180652,93,20376.0
3430.0,-4.400000000000006,117,58,96,1917,2034,0,3374.0,28.837606837606838,2.180340947589625,96,20816.0,0.08812701140346324,96,20816.0
3435.0,5.789999999999992,118,62,91,1920,2038,0,3386.0,28.694915254237287,1.789634979484337,91,20237.0,0.06841398908204915,91,20237.0
3440.0,15.090000000000003,116,62,89,1926,2042,0,3100.0,26.724137931034484,1.7304403842763585,89,18728.0,0.07012667344548415,89,18728.0
3445.0,-2.1599999999999966,117,62,78,1929,2046,0,2507.0,21.427350427350426,1.8857154255399635,78,18944.0,0.07417119819438832,78,18944.0
3450.0,-2.009999999999991,118,66,70,1932,2050,0,1940.0,16.440677966101696,2.433246815618947,70,19145.0,0.10437416911730302,70,19145.0
3455.0,-1.460000000000008,116,66,69,1938,2054,0,1905.0,16.42241379310345,2.5675931619310437,69,19291.0,0.10511585183278313,69,19291.0
3460.0,-2.200000000000017,121,62,75,1941,2062,0,2262.0,18.694214876033058,2.7438170614838366,75,19511.0,0.10396047571952542,75,19511.0
3465.0,-3.519999999999982,120,61,84,1947,2067,0,2665.0,22.208333333333332,2.7733412269147637,84,19863.0,0.11805170984904007,84,19863.0
3470.0,-4.240000000000009,118,64,93,1954,2072,0,3116.0,26.406779661016948,2.3792294870440327,93,20287.0,0.09288190328938487,93,20287.0
3475.0,-4.799999999999983,118,64,98,1958,2076,0,3596.0,30.47457627118644,2.0107040665121585,98,20767.0,0.05961249747778099,98,20767.0
3480.0,16.089999999999975,118,64,92,1962,2080,0,3307.0,28.02542372881356,1.9674908122090682,92,19158.0,0.0663515438257137,92,19158.0
3485.0,1.6400000000000148,111,64,84,1969,2080,0,2898.0,26.10810810810811,1.3680275403175979,84,18994.0,0.04579138874748747,84,18994.0
3490.0,-2.1299999999999955,117,68,74,1971,2088,0,2333.0,19.94017094017094,1.9650218430692552,74,19207.0,0.0805443896476023,74,19207.0
3495.0,-1.9300000000000068,117,68,70,1975,2092,0,1852.0,15.82905982905983,2.508526923460418,70,19400.0,0.11673773064419078,70,19400.0
3500.0,-1.4099999999999966,117,66,70,1977,2094,0,1955.0,16.70940170940171,2.6358646927457423,70,19541.0,0.09133114730103666,70,19541.0
3505.0,-2.4099999999999966,118,70,78,1984,2102,0,2300.0,19.491525423728813,2.8691232656637378,78,19782.0,0.12452800109860733,78,19782.0
3510.0,-3.3300000000000125,121,68,83,1987,2108,0,2703.0,22.33884297520661,2.9917795221358223,83,20115.0,0.12373190017436833,83,20115.0
3515.0,-4.009999999999991,115,67,93,1994,2109,0,3151.0,27.4,2.2473040875914783,93,20516.0,0.06423654694004167,93,20516.0
3520.0,6.25,113,67,91,2000,2113,0,3316.0,29.345132743362832,1.8401319650640844,91,19891.0,0.0607723002729979,91,19891.0
3525.0,6.159999999999997,116,71,86,2005,2121,0,3027.0,26.094827586206897,2.0243350171836147,86,19275.0,0.09358557249515782,86,19275.0
3530.0,-2.8300000000000125,112,71,81,2009,2121,0,2484.0,22.178571428571427,1.2574195096426688,81,19558.0,0.04698458693536767,81,19558.0
3535.0,-1.9199999999999875,114,71,74,2011,2125,0,2135.0,18.728070175438596,1.882602438862947,74,19750.0,0.06433111876917563,74,19750.0
3540.0,-2.319999999999993,119,75,69,2014,2133,0,1865.0,15.672268907563025,2.809472984435741,69,19982.0,0.12944539048331555,69,19982.0
3545.0,-2.280000000000001,122,73,74,2017,2139,0,2207.0,18.09016393442623,3.0773995661264046,74,20210.0,0.13211481446727108,74,20210.0
3550.0,-3.4000000000000057,116,72,85,2024,2140,0,2613.0,22.525862068965516,2.475971176842813,85,20550.0,0.08326408908960602,85,20550.0
3555.0,-4.360000000000014,115,71,94,2030,2145,0,3063.0,26.63478260869565,2.2009106047030653,94,20986.0,0.07089357934781687,94,20986.0
3560.0,-4.75,120,75,96,2033,2153,0,3537.0,29.475,2.490802876121028,96,21461.0,0.09122959055455362,96,21461.0
3565.0,11.560000000000002,113,75,92,2040,2153,0,3401.0,30.097345132743364,1.5315356473313135,92,20305.0,0.05220484493070256,92,20305.0
3570.0,6.930000000000007,112,75,85,2045,2157,0,3082.0,27.517857142857142,1.5306372199482026,85,19612.0,0.0648642473546718,85,19612.0
3575.0,-3.0900000000000034,118,79,77,2047,2165,0,2429.0,20.584745762711865,2.1737378362885766,77,19921.0,0.10945319376960368,77,19921.0
3580.0,-1.1099999999999852,115,79,70,2050,2165,0,1940.0,16.869565217391305,2.2224961694375636,70,20032.0,0.08047326529088002,70,20032.0
3585.0,-1.960000000000008,117,79,66,2052,2169,0,1948.0,16.64957264957265,2.6964584760783556,66,20228.0,0.09979193928329647,66,20228.0
3590.0,-2.0,117,76,76,2059,2176,0,2290.0,19.572649572649574,2.6553832653298786,76,20428.0,0.10688111771783093,76,20428.0
3595.0,-3.3300000000000125,118,78,85,2064,2182,0,2694.0,22.83050847457627,2.7949946121179945,85,20761.0,0.11345884022660699,85,20761.0
3600.0,-3.9899999999999807,117,78,92,2069,2186,0,3139.0,26.82905982905983,2.488576009312294,92,21160.0,0.08928511010312883,92,21160.0
