step,reward,pressure_fallback_actions,pressure_override_actions,total_agent_decisions,fallback_rate,override_rate,system_total_running,system_total_backlogged,system_total_stopped,system_total_arrived,system_total_departed,system_total_teleported,system_total_waiting_time,system_mean_waiting_time,system_mean_speed,1_stopped,1_accumulated_waiting_time,1_average_speed,2_stopped,2_accumulated_waiting_time,2_average_speed,5_stopped,5_accumulated_waiting_time,5_average_speed,6_stopped,6_accumulated_waiting_time,6_average_speed,agents_total_stopped,agents_total_accumulated_waiting_time
5.0,0.0,0,0,0,0.0,0.0,3,0,0,0,3,0,0.0,0.0,11.475453972242244,0,0.0,0.8245297919964742,0,0.0,1.0,0,0.0,1.0,0,0.0,1.0,0,0.0
10.0,0.0,0,0,0,0.0,0.0,6,0,0,0,6,0,0.0,0.0,12.514590320810584,0,0.0,0.9032695673285623,0,0.0,0.9811283315951417,0,0.0,1.0,0,0.0,1.0,0,0.0
15.0,0.0,0,0,0,0.0,0.0,7,0,0,0,7,0,0.0,0.0,10.620279958193565,0,0.0,0.7303825215738341,0,0.0,0.9740012439284026,0,0.0,0.9470894928254223,0,0.0,1.0,0,0.0
20.0,-0.5,0,0,0,0.0,0.0,13,0,2,0,13,0,5.0,0.38461538461538464,10.010484206554736,2,5.0,0.5525481920384362,0,0.0,0.9635336613850739,0,0.0,0.8083163314673127,0,0.0,0.9876032808037896,2,5.0
25.0,-0.75,0,0,0,0.0,0.0,14,0,3,0,14,0,18.0,1.2857142857142858,8.434828531016297,3,18.0,0.43332800263785537,0,0.0,0.9379877602539934,0,0.0,0.6708812649767435,0,0.0,0.921127985250457,3,18.0
30.0,-1.25,0,0,0,0.0,0.0,17,0,5,0,17,0,38.0,2.235294117647059,7.630111670205,4,35.0,0.4440668733199768,0,0.0,0.9048006023288028,1,3.0,0.4980855272740893,0,0.0,0.9341394017310388,5,38.0
35.0,-2.0,0,0,0,0.0,0.0,17,0,8,0,17,0,72.0,4.235294117647059,6.503725813128045,5,60.0,0.35471493831793277,0,0.0,1.0,3,12.0,0.24027633815958402,0,0.0,0.9424575153232919,8,72.0
40.0,-2.25,0,0,0,0.0,0.0,20,0,9,0,20,0,113.0,5.65,5.910587411553382,6,86.0,0.175851936030195,0,0.0,0.9560827412034922,3,27.0,0.24080256156622581,0,0.0,0.7291961024080698,9,113.0
45.0,-3.0,0,0,0,0.0,0.0,20,0,12,2,22,0,168.0,8.4,4.4900666665653794,8,122.0,0.09093597955761183,0,0.0,0.8740040264558867,3,42.0,0.23038679671362258,1,4.0,0.2402961017689781,12,168.0
50.0,-2.0,0,0,0,0.0,0.0,20,0,8,3,23,0,42.0,2.1,4.506548282102483,4,92.0,0.09504782969538536,1,1.0,0.6085423015169857,1,14.0,0.15011851457930825,2,12.0,0.2658924214423238,8,119.0
55.0,-2.25,0,0,0,0.0,0.0,21,0,9,3,24,0,70.0,3.3333333333333335,5.903110908364563,3,62.0,0.30610623034011636,3,11.0,0.45138844510649206,1,6.0,0.0,2,23.0,0.5273644452888273,9,102.0
60.0,-2.75,0,0,0,0.0,0.0,25,0,11,3,28,0,119.0,4.76,7.14808219226418,3,47.0,0.47271418798123316,5,30.0,0.5081625168518022,1,11.0,0.48759827540680817,2,33.0,0.39184245194119355,11,121.0
65.0,-2.75,0,0,0,0.0,0.0,28,0,11,3,31,0,174.0,6.214285714285714,7.633844588122116,3,62.0,0.38138651091051734,5,54.0,0.4894308060882753,1,16.0,0.616403720279361,2,42.0,0.22654192244118362,11,174.0
70.0,-3.0,0,0,0,0.0,0.0,27,0,12,4,31,0,230.0,8.518518518518519,6.049572194311744,3,77.0,0.011610835888424308,6,80.0,0.2945024648091244,1,21.0,0.4999728181818885,2,52.0,0.0,12,230.0
75.0,-3.75,0,0,0,0.0,0.0,28,0,15,6,34,0,298.0,10.642857142857142,5.840536595018081,4,96.0,0.31804417012178215,8,114.0,0.10858957263318025,1,26.0,0.4616007769749781,2,62.0,0.488111349342742,15,298.0
80.0,-3.75,0,0,0,0.0,0.0,25,0,15,10,35,0,373.0,14.92,5.321032589362132,4,116.0,0.32303843489297984,8,154.0,2.112311794963541e-06,1,31.0,0.6562012020982477,2,72.0,0.4651137496805142,15,373.0
85.0,-4.5,0,0,0,0.0,0.0,24,0,18,13,37,0,452.0,18.833333333333332,2.6562533507835386,6,138.0,0.00046335210730372254,8,194.0,0.11017202660016819,1,36.0,0.533682580710261,3,84.0,0.100396282060357,18,452.0
90.0,-5.0,0,0,0,0.0,0.0,23,0,20,14,37,0,548.0,23.82608695652174,0.9113829857625255,6,168.0,0.0,8,234.0,0.0022336397019459848,2,44.0,0.34186150664987913,4,102.0,1.545183432146197e-05,20,548.0
95.0,-2.5,0,0,0,0.0,0.0,25,0,10,14,39,0,118.0,4.72,4.156924492917541,1,86.0,0.30949546212751755,4,183.0,0.10087849065570187,3,13.0,0.3755467612632676,2,20.0,0.2176194060483473,10,302.0
100.0,-1.5,0,0,0,0.0,0.0,28,0,6,14,42,0,74.0,2.642857142857143,8.325588906948678,1,26.0,0.6974247536931685,0,115.0,0.45911076773172127,3,29.0,0.4928470664413623,2,31.0,0.6095397700332329,6,201.0
105.0,-1.5,0,0,0,0.0,0.0,29,0,6,15,44,0,104.0,3.586206896551724,9.286664649790067,1,21.0,0.8202547735517935,0,30.0,0.6552642807087624,3,44.0,0.5225893854520136,2,41.0,0.6258897456956486,6,136.0
110.0,-1.75,0,0,0,0.0,0.0,30,0,7,17,47,0,137.0,4.566666666666666,8.983701540021787,1,26.0,0.6459190525939311,0,0.0,0.91620814307049,4,61.0,0.4893205412131258,2,50.0,0.63912105195402,7,137.0
115.0,-2.0,0,0,0,0.0,0.0,31,0,8,18,49,0,175.0,5.645161290322581,8.791604523700949,2,34.0,0.48714460672560644,0,0.0,0.9473956449181837,4,81.0,0.5139084340263866,2,60.0,0.5939726677368371,8,175.0
120.0,-2.25,0,0,0,0.0,0.0,32,0,9,20,52,0,218.0,6.8125,7.984218799453745,3,47.0,0.4704384834672254,0,0.0,1.0,4,101.0,0.41695290156692577,2,70.0,0.4227223613128638,9,218.0
125.0,-2.75,0,0,0,0.0,0.0,31,0,11,24,55,0,272.0,8.774193548387096,7.435214207341728,4,66.0,0.42372214114678836,0,0.0,0.9968963862999988,5,126.0,0.14273422569304137,2,80.0,0.31034723801308667,11,272.0
130.0,-3.5,0,0,0,0.0,0.0,29,0,14,28,57,0,335.0,11.551724137931034,5.930545878302288,5,88.0,0.24657095814053445,0,0.0,0.9759620181794973,7,157.0,0.12548263563148676,2,90.0,0.3294740115846847,14,335.0
135.0,-4.75,0,0,0,0.0,0.0,25,0,19,33,58,0,414.0,16.56,2.948892351776197,8,120.0,0.0010394016161481509,1,1.0,0.5013347759217733,7,192.0,0.2103514569014242,3,101.0,0.0017426648202947899,19,414.0
140.0,-2.0,0,0,0,0.0,0.0,24,0,8,35,59,0,63.0,2.625,3.38419958276735,3,70.0,0.21726362245523026,2,7.0,0.1864007914956442,2,119.0,0.0872433660264925,1,6.0,0.3735093606389102,8,202.0
145.0,-1.5,0,0,0,0.0,0.0,26,0,6,35,61,0,61.0,2.3461538461538463,7.6907432280327805,2,43.0,0.5239708231041639,3,23.0,0.594982931339567,0,49.0,0.2999199255537258,1,12.0,0.69028795471426,6,127.0
150.0,-1.5,0,0,0,0.0,0.0,28,0,6,35,63,0,91.0,3.25,9.193965049703326,2,38.0,0.39108223705772444,3,38.0,0.6443994871866986,0,3.0,0.7706922307412395,1,17.0,0.7471512430206092,6,96.0
155.0,-2.0,0,0,0,0.0,0.0,27,0,8,37,64,0,127.0,4.703703703703703,8.642971010444187,4,54.0,0.31947304790587344,3,52.0,0.47846278950246307,0,0.0,0.9528038773527423,1,21.0,0.7767177460596087,8,127.0
160.0,-2.25,0,0,0,0.0,0.0,31,0,9,37,68,0,170.0,5.483870967741935,8.932906920065303,4,74.0,0.3911426550755243,4,70.0,0.32772376142213744,0,0.0,0.9373251717663065,1,26.0,0.6781751576114065,9,170.0
165.0,-2.25,0,0,0,0.0,0.0,30,0,9,41,71,0,215.0,7.166666666666667,8.494512148237456,4,94.0,0.31770343907084875,4,90.0,0.43986701823975916,0,0.0,0.92112527618744,1,31.0,0.5335156423521963,9,215.0
170.0,-2.25,0,0,0,0.0,0.0,27,0,9,45,72,0,260.0,9.62962962962963,7.948569440587042,4,114.0,0.0,4,110.0,0.5048981809808674,0,0.0,0.9907939126532568,1,36.0,0.6140496430538778,9,260.0
175.0,-2.75,0,0,0,0.0,0.0,25,0,11,49,74,0,309.0,12.36,5.331381227144561,4,134.0,0.2,6,134.0,0.2685742990963885,0,0.0,0.4893119315073264,1,41.0,0.2872464456919758,11,309.0
180.0,-4.5,0,0,0,0.0,0.0,22,0,18,52,74,0,383.0,17.40909090909091,1.4802874460418578,4,154.0,0.19891761656278611,10,174.0,0.013291506753525043,1,3.0,0.00011322598482270335,3,52.0,0.0014719770242753048,18,383.0
185.0,-2.5,0,0,0,0.0,0.0,22,0,10,53,75,0,73.0,3.3181818181818183,3.5138953750629387,0,61.0,0.428010502557927,7,128.0,0.05966545482079953,1,8.0,0.3515787793579332,2,16.0,0.24181889955421831,10,213.0
190.0,-1.75,0,0,0,0.0,0.0,22,0,7,53,75,0,77.0,3.5,6.629170589160335,1,2.0,0.48575377978126677,3,81.0,0.24289647831522757,1,14.0,0.698632846586195,2,27.0,0.6178016220695804,7,124.0
195.0,-1.75,0,0,0,0.0,0.0,24,0,7,53,77,0,112.0,4.666666666666667,8.068804821674865,1,7.0,0.4936192399220266,3,66.0,0.37918568661813795,1,19.0,0.7040160022319478,2,37.0,0.613658079652277,7,129.0
200.0,-1.75,0,0,0,0.0,0.0,24,0,7,54,78,0,147.0,6.125,8.128617668992012,1,12.0,0.6305749343465138,3,66.0,0.22656288839170954,1,23.0,0.6502859255757613,2,46.0,0.5677554426928215,7,147.0
205.0,-1.75,0,0,0,0.0,0.0,26,0,7,55,81,0,182.0,7.0,8.315786085421774,1,17.0,0.6283350652914471,3,81.0,0.24539145109264449,1,28.0,0.6191859929403373,2,56.0,0.5094045908072575,7,182.0
210.0,-1.75,0,0,0,0.0,0.0,27,0,7,56,83,0,217.0,8.037037037037036,8.420265348880362,1,22.0,0.6557085751396163,3,96.0,0.24576102608949968,1,33.0,0.6325260358117442,2,66.0,0.44025778205789096,7,217.0
215.0,-1.75,0,0,0,0.0,0.0,23,0,7,60,83,0,252.0,10.956521739130435,7.246922660755817,1,27.0,0.5655469075769147,3,111.0,0.0,1,38.0,0.4568430201388919,2,76.0,0.31400153065803654,7,252.0
220.0,-2.75,0,0,0,0.0,0.0,22,0,11,63,85,0,300.0,13.636363636363637,4.449060463176619,2,36.0,0.36069726545182607,3,126.0,0.0,3,51.0,0.12924299274768836,3,87.0,0.2362180287443155,11,300.0
225.0,-3.5,0,0,0,0.0,0.0,21,0,14,65,86,0,365.0,17.38095238095238,3.352552037811728,4,53.0,0.4014954928323558,3,141.0,0.0,4,69.0,2.196452742365102e-06,3,102.0,0.09135281417148851,14,365.0
230.0,-1.25,0,0,0,0.0,0.0,23,0,5,68,91,0,48.0,2.0869565217391304,7.025623068213384,1,20.0,0.5288318687161028,0,45.0,0.7289666002505946,2,21.0,0.30913599022296423,2,13.0,0.22163989949551766,5,99.0
235.0,-1.5,0,0,0,0.0,0.0,25,0,6,68,93,0,75.0,3.0,10.086070090370953,2,21.0,0.5944966331726709,0,1.0,0.9502552413709162,2,31.0,0.315446226283979,2,24.0,0.45422316841813837,6,77.0
240.0,-1.5,0,0,0,0.0,0.0,27,0,6,69,96,0,105.0,3.888888888888889,9.67181434221386,2,31.0,0.5492978366509463,0,1.0,0.786453557998016,2,41.0,0.4759271447021125,2,34.0,0.5426913719394063,6,107.0
245.0,-2.0,0,0,0,0.0,0.0,25,0,8,73,98,0,141.0,5.64,8.322368833094995,2,41.0,0.3896950589469448,2,6.0,0.6496216137030009,2,51.0,0.4820390831850472,2,43.0,0.3241758373236611,8,141.0
250.0,-2.25,0,0,0,0.0,0.0,26,0,9,74,100,0,186.0,7.153846153846154,7.654239019964914,3,56.0,0.45855537091509707,2,16.0,0.34831094389862755,2,61.0,0.30591469521232656,2,53.0,0.3233440974972131,9,186.0
255.0,-2.75,0,0,0,0.0,0.0,24,0,11,77,101,0,239.0,9.958333333333334,7.017031949978921,4,74.0,0.311736462937886,3,31.0,0.23223523770595106,2,71.0,0.3333333333333333,2,63.0,0.3136496174033309,11,239.0
260.0,-2.75,0,0,0,0.0,0.0,21,0,11,81,102,0,294.0,14.0,6.126689645116768,4,94.0,0.29017807058424144,3,46.0,0.3777273701801306,2,81.0,0.32267322307624546,2,73.0,0.32148916866891614,11,294.0
265.0,-3.0,0,0,0,0.0,0.0,21,0,12,82,103,0,353.0,16.80952380952381,4.175919894612808,5,118.0,0.27759173893801836,3,61.0,0.13127829219985437,2,91.0,0.11187436009018277,2,83.0,0.20465099751567695,12,353.0
270.0,-4.0,0,0,0,0.0,0.0,21,0,16,85,106,0,425.0,20.238095238095237,2.386029805252472,5,143.0,0.31860116195849186,5,83.0,0.00010726765472208091,3,105.0,0.2500086303790882,3,94.0,0.0010921825393469845,16,425.0
275.0,-1.5,0,0,0,0.0,0.0,24,0,6,85,109,0,47.0,1.9583333333333333,6.154501088264252,2,67.0,0.4472422391551155,2,39.0,0.12992173397008824,1,9.0,0.552342290206462,1,6.0,0.34858305116332305,6,121.0
280.0,-1.25,0,0,0,0.0,0.0,25,0,5,85,110,0,71.0,2.84,8.477332197288394,1,20.0,0.5482984201240672,2,27.0,0.0,1,15.0,0.6461295886313038,1,12.0,0.7142346706247706,5,74.0
285.0,-1.75,0,0,0,0.0,0.0,27,0,7,85,112,0,101.0,3.740740740740741,8.542128191107393,2,27.0,0.5446251303371253,2,37.0,0.0,2,22.0,0.6638268658720132,1,17.0,0.5961496142291769,7,103.0
290.0,-2.0,0,0,0,0.0,0.0,25,0,8,89,114,0,137.0,5.48,7.997665622762468,3,38.0,0.32578430445300216,2,47.0,0.308865738746456,2,31.0,0.6569982660872437,1,21.0,0.0,8,137.0
295.0,-2.25,0,0,0,0.0,0.0,25,0,9,89,114,0,179.0,7.16,7.7312050689427405,4,55.0,0.00021665168233722445,2,57.0,0.33180773599012076,2,41.0,0.6139207777731824,1,26.0,0.0,9,179.0
300.0,-2.25,0,0,0,0.0,0.0,23,0,9,92,115,0,224.0,9.73913043478261,6.7817926962424755,4,75.0,0.0,2,67.0,0.0,2,51.0,0.5089021734111685,1,31.0,0.4859778274200468,9,224.0
305.0,-2.5,0,0,0,0.0,0.0,21,0,10,96,117,0,271.0,12.904761904761905,5.655536129844271,4,95.0,0.2,2,77.0,0.3333333333333333,3,63.0,0.2456464637678458,1,36.0,0.46728645191665813,10,271.0
310.0,-3.25,0,0,0,0.0,0.0,20,0,13,98,118,0,326.0,16.3,4.027073604325897,4,115.0,0.3039574097896391,2,87.0,0.323846709727916,6,83.0,0.0010580728423407362,1,41.0,0.27294846505648906,13,326.0
315.0,-3.5,0,0,0,0.0,0.0,18,0,14,100,118,0,393.0,21.833333333333332,2.207749778629155,4,135.0,0.2782704021355958,2,97.0,0.1125146421701877,6,113.0,0.0,2,48.0,0.00027668661715821245,14,393.0
320.0,-1.25,0,0,0,0.0,0.0,17,0,5,101,118,0,36.0,2.1176470588235294,4.4570067382827565,1,55.0,0.15087612313382703,1,3.0,0.39166027394806086,2,47.0,0.10757439274877102,1,7.0,0.28557294895977825,5,112.0
325.0,-1.5,0,0,0,0.0,0.0,19,0,6,101,120,0,65.0,3.4210526315789473,8.556360177345962,2,11.0,0.4230647653829934,1,9.0,0.7024764818397464,2,34.0,0.0,1,13.0,0.7181852664699044,6,67.0
330.0,-1.5,0,0,0,0.0,0.0,22,0,6,102,124,0,95.0,4.318181818181818,9.252997875351069,2,21.0,0.6262022087272908,1,14.0,0.7210557123491675,2,44.0,0.30827988083981384,1,18.0,0.7159421836472238,6,97.0
335.0,-1.5,0,0,0,0.0,0.0,20,0,6,104,124,0,125.0,6.25,7.8719861303033865,2,31.0,0.3707932500644273,1,18.0,0.5569648202218617,2,54.0,0.32110366673905383,1,22.0,0.49457353945563,6,125.0
340.0,-2.25,0,0,0,0.0,0.0,20,0,9,105,125,0,165.0,8.25,6.835590767643453,4,49.0,0.19358837385910294,2,25.0,0.31115815150553106,2,64.0,0.3124002502645497,1,27.0,0.4977087465374266,9,165.0
345.0,-2.25,0,0,0,0.0,0.0,21,0,9,107,128,0,210.0,10.0,7.414229576333942,4,69.0,0.18550477265048798,2,35.0,0.5818031680899061,2,74.0,0.48584883535684853,1,32.0,0.48973193107696533,9,210.0
350.0,-2.25,0,0,0,0.0,0.0,18,0,9,112,130,0,255.0,14.166666666666666,6.10445630658538,4,89.0,0.26411425684535406,2,45.0,0.38751085162030585,2,84.0,0.4755913824635487,1,37.0,0.4826563852773044,9,255.0
355.0,-3.25,0,0,0,0.0,0.0,21,0,13,112,133,0,310.0,14.761904761904763,4.277680049246802,5,111.0,0.3044309258213752,3,58.0,0.0052086939490100514,3,95.0,0.35507029112299443,2,46.0,0.3321531469499961,13,310.0
360.0,-4.25,0,0,0,0.0,0.0,22,0,17,113,135,0,384.0,17.454545454545453,2.192270996826603,6,138.0,0.13194540382924086,4,78.0,0.32718332471496697,4,111.0,0.11013206297010485,3,57.0,0.00026080395780821646,17,384.0
365.0,-2.0,0,0,0,0.0,0.0,25,0,8,113,138,0,61.0,2.44,5.318335433859054,2,75.0,0.2978264011010887,1,20.0,0.6133560407516532,3,20.0,0.1844811013484422,2,20.0,0.1872719810586336,8,135.0
370.0,-1.5,0,0,0,0.0,0.0,26,0,6,113,139,0,80.0,3.076923076923077,8.631675604495296,0,25.0,0.5030421703866534,1,15.0,0.6459865026007611,3,36.0,0.5091060283182502,2,31.0,0.5996472518251577,6,107.0
375.0,-1.75,0,0,0,0.0,0.0,26,0,7,115,141,0,111.0,4.269230769230769,9.292824074674352,1,3.0,0.6680215974302866,1,20.0,0.4702704914533616,3,51.0,0.5710711692372954,2,41.0,0.6254128579663844,7,115.0
380.0,-1.75,0,0,0,0.0,0.0,27,0,7,116,143,0,146.0,5.407407407407407,9.35164759017949,1,6.0,0.6778676615455212,1,25.0,0.4858312980595812,3,65.0,0.564771254803264,2,50.0,0.5581570338437318,7,146.0
385.0,-2.0,0,0,0,0.0,0.0,28,0,8,117,145,0,184.0,6.571428571428571,8.366997887144628,2,14.0,0.3949078787226479,1,30.0,0.0,3,80.0,0.5108166160337951,2,60.0,0.3130800466912819,8,184.0
390.0,-2.5,0,0,0,0.0,0.0,27,0,10,121,148,0,231.0,8.555555555555555,7.504437249056532,4,31.0,0.3605892066225556,1,35.0,0.0,3,95.0,0.37308804509135285,2,70.0,0.30457498806647504,10,231.0
395.0,-2.75,0,0,0,0.0,0.0,24,0,11,125,149,0,286.0,11.916666666666666,6.063007702697647,5,56.0,0.27453929155037016,1,40.0,0.0,3,110.0,0.31673253686439257,2,80.0,0.0,11,286.0
400.0,-3.5,0,0,0,0.0,0.0,20,0,14,130,150,0,352.0,17.6,2.6154526084288205,7,87.0,0.0017673437689886633,1,45.0,0.0,4,130.0,0.2695696573070378,2,90.0,0.0,14,352.0
405.0,-4.25,0,0,0,0.0,0.0,19,0,17,132,151,0,433.0,22.789473684210527,0.9137773308111885,8,126.0,0.11015391883483086,1,50.0,0.0,6,157.0,0.030307907800209193,2,100.0,0.0,17,433.0
410.0,-1.25,0,0,0,0.0,0.0,19,0,5,132,151,0,47.0,2.473684210526316,4.5322279110222015,3,96.0,0.21824579232337296,0,0.0,0.6250065889970706,2,79.0,0.09741435346084276,0,0.0,0.7082808304598713,5,175.0
415.0,-0.5,0,0,0,0.0,0.0,21,0,2,132,153,0,32.0,1.5238095238095237,9.41591844451358,2,64.0,0.4214106987812559,0,1.0,0.9323905237757261,0,22.0,0.44785071351582256,0,1.0,0.8939842069239197,2,88.0
420.0,-0.75,0,0,0,0.0,0.0,23,0,3,133,156,0,47.0,2.0434782608695654,10.829743689964195,3,47.0,0.5102380387277088,0,1.0,0.8468310837944849,0,0.0,0.9298001313428935,0,1.0,0.8997647794088083,3,49.0
425.0,-0.75,0,0,0,0.0,0.0,24,0,3,135,159,0,62.0,2.5833333333333335,10.399436360454201,3,62.0,0.20967996203488673,0,0.0,0.8498649421152983,0,0.0,0.9426775261583225,0,0.0,0.9021652701984862,3,62.0
430.0,-1.25,0,0,0,0.0,0.0,26,0,5,135,161,0,80.0,3.076923076923077,10.013579062020739,5,80.0,0.167410244342844,0,0.0,0.9219407823244088,0,0.0,0.8932268042197702,0,0.0,0.8607193775584525,5,80.0
435.0,-1.25,0,0,0,0.0,0.0,21,0,5,140,161,0,105.0,5.0,8.782339361010537,5,105.0,0.15760762728510738,0,0.0,0.7015347525387237,0,0.0,1.0,0,0.0,0.8621073659926655,5,105.0
440.0,-1.5,0,0,0,0.0,0.0,23,0,6,141,164,0,133.0,5.782608695652174,8.723662148184525,5,130.0,0.32159862063726596,1,3.0,0.3256811266884339,0,0.0,1.0,0,0.0,0.8397873060577283,6,133.0
445.0,-2.0,0,0,0,0.0,0.0,19,0,8,147,166,0,169.0,8.894736842105264,4.995715711472066,6,159.0,0.19370396993184774,2,10.0,0.0008859258081697258,0,0.0,0.9405430851689862,0,0.0,0.17325161375255937,8,169.0
450.0,-3.25,0,0,0,0.0,0.0,19,0,13,149,168,0,220.0,11.578947368421053,3.8206570297801496,8,193.0,0.08816724275685385,2,20.0,0.3333333333333333,0,0.0,0.7900926678300783,3,7.0,0.0014722116703435135,13,220.0
455.0,-2.0,0,0,0,0.0,0.0,20,0,8,150,170,0,54.0,2.7,4.762603763721383,3,115.0,0.19842205845348918,0,0.0,0.9392806171431779,2,4.0,0.5333901587337121,3,22.0,0.1947699850348949,8,141.0
460.0,-2.0,0,0,0,0.0,0.0,22,0,8,150,172,0,76.0,3.4545454545454546,7.117697936076965,2,64.0,0.4863491980878756,0,0.0,0.9748000378099434,3,16.0,0.4932580320829792,3,38.0,0.373499806275394,8,118.0
465.0,-2.25,0,0,0,0.0,0.0,24,0,9,150,174,0,117.0,4.875,7.572190971534174,2,34.0,0.6334535238307567,0,0.0,0.9660830867728727,4,32.0,0.4754984907076148,3,53.0,0.366939075846059,9,119.0
470.0,-2.5,0,0,0,0.0,0.0,27,0,10,150,177,0,163.0,6.037037037037037,6.89625553893226,3,45.0,0.48051273386065735,0,0.0,1.0,4,51.0,0.37353298808098057,3,67.0,0.3727889906748754,10,163.0
475.0,-3.0,0,0,0,0.0,0.0,31,0,12,150,181,0,220.0,7.096774193548387,7.619815811340239,5,67.0,0.5062160831657975,0,0.0,0.9791599077703265,4,71.0,0.28030549747917805,3,82.0,0.22873895083686957,12,220.0
480.0,-3.25,0,0,0,0.0,0.0,28,0,13,153,181,0,281.0,10.035714285714286,6.401831082324885,6,93.0,0.2650663396827436,0,0.0,1.0,4,91.0,0.30032668340883045,3,97.0,0.0,13,281.0
485.0,-3.5,0,0,0,0.0,0.0,27,0,14,156,183,0,348.0,12.88888888888889,6.073225768958995,7,125.0,0.20767161557528568,0,0.0,0.9734726679781318,4,111.0,0.4145691921570063,3,112.0,0.23950109716602355,14,348.0
490.0,-3.75,0,0,0,0.0,0.0,26,0,15,159,185,0,419.0,16.115384615384617,4.252152521381909,8,161.0,0.1061068106451675,0,0.0,0.960932136691677,4,131.0,0.2943173366054107,3,127.0,0.08336512475232996,15,419.0
495.0,-4.5,0,0,0,0.0,0.0,24,0,18,161,185,0,504.0,21.0,1.199091047235494,8,201.0,0.000958275756051806,0,0.0,0.4923716876218775,6,160.0,0.12524871411340438,4,143.0,0.00033246511752776757,18,504.0
500.0,-2.5,0,0,0,0.0,0.0,26,0,10,161,187,0,91.0,3.5,3.667758252623613,4,135.0,0.17272434813767898,1,5.0,0.23581383474891981,4,99.0,0.1990844587837702,1,54.0,0.31351276549897644,10,293.0
505.0,-2.25,0,0,0,0.0,0.0,28,0,9,161,189,0,97.0,3.4642857142857144,7.471863932402387,2,90.0,0.41362040140234974,2,15.0,0.5614490342310341,4,47.0,0.25863449915837045,1,12.0,0.7323971270653419,9,164.0
510.0,-2.25,0,0,0,0.0,0.0,31,0,9,161,192,0,142.0,4.580645161290323,8.998706524289886,2,35.0,0.5597924692542976,2,25.0,0.615875659814599,4,67.0,0.3246229133178858,1,17.0,0.7267020978232067,9,144.0
515.0,-2.5,0,0,0,0.0,0.0,28,0,10,164,192,0,188.0,6.714285714285714,8.282895120014086,3,46.0,0.24039392731184175,2,34.0,0.6368105654567863,4,87.0,0.3236343575274384,1,21.0,0.696396195343675,10,188.0
520.0,-2.5,0,0,0,0.0,0.0,29,0,10,165,194,0,238.0,8.206896551724139,8.278180702272186,3,61.0,0.2497212014005209,2,44.0,0.6031025655848593,4,107.0,0.3219943789586172,1,26.0,0.48288246022340114,10,238.0
525.0,-2.5,0,0,0,0.0,0.0,27,0,10,168,195,0,288.0,10.666666666666666,7.825201485456942,3,76.0,0.22232592996370357,2,54.0,0.5103912602246383,4,127.0,0.31310149887284683,1,31.0,0.6647238110495879,10,288.0
530.0,-2.5,0,0,0,0.0,0.0,25,0,10,172,197,0,338.0,13.52,7.178980822562392,3,91.0,0.41320724776758233,2,64.0,0.1873006780561702,4,147.0,0.191858061973695,1,36.0,0.6252515654492768,10,338.0
535.0,-3.0,0,0,0,0.0,0.0,22,0,12,175,197,0,393.0,17.863636363636363,4.720244046572725,4,107.0,0.29919299729820914,3,78.0,4.390225829436579e-06,4,167.0,0.0024195376339305897,1,41.0,0.3248480666623926,12,393.0
540.0,-3.75,0,0,0,0.0,0.0,21,0,15,179,200,0,464.0,22.095238095238095,2.6225666107260013,5,129.0,0.2385995282203445,3,93.0,0.0,5,192.0,0.15568607803339368,2,50.0,0.11399006518004146,15,464.0
545.0,-1.25,0,0,0,0.0,0.0,22,0,5,180,202,0,41.0,1.8636363636363635,5.158141851651009,1,47.0,0.40709932675042765,1,14.0,0.0,1,103.0,0.4015226957793798,2,13.0,0.2092055050942866,5,177.0
550.0,-1.0,0,0,0,0.0,0.0,24,0,4,180,204,0,57.0,2.375,8.523834933582256,0,10.0,0.6314536635392011,1,19.0,0.0,1,16.0,0.5384162945573435,2,24.0,0.476344851085982,4,69.0
555.0,-1.25,0,0,0,0.0,0.0,24,0,5,181,205,0,82.0,3.4166666666666665,8.772173076314223,0,0.0,0.71184875174823,1,24.0,0.0,2,26.0,0.6341297108949037,2,34.0,0.3287122711721034,5,84.0
560.0,-1.75,0,0,0,0.0,0.0,23,0,7,184,207,0,112.0,4.869565217391305,8.133730050092831,2,5.0,0.4144559710793085,1,29.0,0.6331081615611945,2,35.0,0.5509958810659097,2,43.0,0.0,7,112.0
565.0,-1.75,0,0,0,0.0,0.0,23,0,7,185,208,0,147.0,6.391304347826087,8.020881580566737,2,15.0,0.3152940702934052,1,34.0,0.63879540862417,2,45.0,0.5826175663802543,2,53.0,0.0,7,147.0
570.0,-1.75,0,0,0,0.0,0.0,21,0,7,189,210,0,182.0,8.666666666666666,7.454221951487414,2,25.0,0.4721899895595657,1,39.0,0.0,2,55.0,0.5798540920759354,2,63.0,0.30869902553858203,7,182.0
575.0,-2.0,0,0,0,0.0,0.0,22,0,8,190,212,0,219.0,9.954545454545455,6.340458105124046,3,37.0,0.285825031812753,1,44.0,0.4958493793731039,2,65.0,0.35160218034210694,2,73.0,0.4840094908644582,8,219.0
580.0,-2.75,0,0,0,0.0,0.0,23,0,11,190,213,0,269.0,11.695652173913043,4.546159802647544,4,55.0,0.1985380205167341,1,49.0,0.6297746789089186,4,82.0,0.045457962282983294,2,83.0,0.18428573737602447,11,269.0
585.0,-3.75,0,0,0,0.0,0.0,21,0,15,193,214,0,341.0,16.238095238095237,2.5816973670064804,4,75.0,0.01659217144093653,1,54.0,0.503537712378215,6,111.0,1.5174530040190328e-05,4,101.0,0.00029680365621307693,15,341.0
590.0,-1.75,0,0,0,0.0,0.0,23,0,7,195,218,0,62.0,2.6956521739130435,5.705108924553262,1,29.0,0.5612485875780698,1,3.0,0.34331785381224456,3,43.0,0.2757386777437675,2,18.0,0.20404134686002606,7,93.0
595.0,-2.25,0,0,0,0.0,0.0,26,0,9,195,221,0,104.0,4.0,7.59560372188319,1,9.0,0.6775273302409172,3,16.0,0.4961596444304514,3,52.0,0.23423890827360788,2,29.0,0.5403316427957626,9,106.0
600.0,-2.25,0,0,0,0.0,0.0,28,0,9,196,224,0,149.0,5.321428571428571,7.423210026759526,1,14.0,0.5250838918676054,3,31.0,0.5614462826911846,3,67.0,0.22751865443933145,2,39.0,0.539756588358145,9,151.0
605.0,-2.5,0,0,0,0.0,0.0,27,0,10,198,225,0,197.0,7.296296296296297,6.967604712771647,2,22.0,0.5071041515823621,3,45.0,0.45565280347297854,3,82.0,0.24217022204855726,2,48.0,0.3323928362387539,10,197.0
610.0,-3.0,0,0,0,0.0,0.0,27,0,12,199,226,0,251.0,9.296296296296296,5.357052703045571,4,36.0,0.19434015149280204,3,60.0,0.38444013683365175,3,97.0,0.22325667279362965,2,58.0,0.0,12,251.0
615.0,-3.75,0,0,0,0.0,0.0,29,0,15,200,229,0,318.0,10.96551724137931,5.7787287499629585,7,63.0,0.1219481182490325,3,75.0,0.39208239718244275,3,112.0,0.38782814993146897,2,68.0,0.30801831116957096,15,318.0
620.0,-3.75,0,0,0,0.0,0.0,23,0,15,206,229,0,393.0,17.08695652173913,3.616253016864609,7,98.0,7.079896696339384e-06,3,90.0,0.3329916865816543,3,127.0,0.3305524325362862,2,78.0,0.3164934628903176,15,393.0
625.0,-4.5,0,0,0,0.0,0.0,23,0,18,208,231,0,476.0,20.695652173913043,1.8790687576132732,7,133.0,0.11471290698493902,5,111.0,0.2749047683120547,4,144.0,0.01650083537253843,2,88.0,0.1776934105869965,18,476.0
630.0,-5.0,0,0,0,0.0,0.0,26,0,20,208,234,0,574.0,22.076923076923077,2.5939467499667987,7,168.0,0.27758269901324095,5,136.0,0.31539365585606144,5,169.0,1.8889513330822428e-05,3,101.0,5.9784258112900366e-05,20,574.0
635.0,-1.75,0,0,0,0.0,0.0,28,0,7,208,236,0,78.0,2.7857142857142856,4.73945157006076,3,117.0,0.31489092306907496,1,65.0,0.2552343660946698,2,74.0,0.2860027498563991,1,8.0,0.27858051181176474,7,264.0
640.0,-1.25,0,0,0,0.0,0.0,31,0,5,208,239,0,54.0,1.7419354838709677,8.365266079956964,1,75.0,0.515154217037461,1,18.0,0.4642268504696987,2,33.0,0.5409290099758085,1,14.0,0.7082316464091181,5,140.0
645.0,-1.25,0,0,0,0.0,0.0,31,0,5,209,240,0,79.0,2.5483870967741935,9.131144402268173,1,13.0,0.5500758013672066,1,10.0,0.46285277471693526,2,43.0,0.621449804974934,1,19.0,0.7614999007883236,5,85.0
650.0,-1.75,0,0,0,0.0,0.0,29,0,7,213,242,0,111.0,3.8275862068965516,8.427925349479972,3,21.0,0.4585254444807233,1,15.0,0.0,2,53.0,0.616323425028702,1,23.0,0.7293242835716301,7,112.0
655.0,-2.0,0,0,0,0.0,0.0,30,0,8,214,244,0,151.0,5.033333333333333,8.335796085472008,4,41.0,0.46700161395435347,1,20.0,0.0,2,62.0,0.6042389267101573,1,28.0,0.644931828345803,8,151.0
660.0,-2.0,0,0,0,0.0,0.0,30,0,8,217,247,0,191.0,6.366666666666666,8.568977497726534,4,61.0,0.41103333428762856,1,25.0,0.5,2,72.0,0.7001282879420624,1,33.0,0.0,8,191.0
665.0,-2.25,0,0,0,0.0,0.0,33,0,9,217,250,0,232.0,7.03030303030303,7.8521905921371555,5,82.0,0.3021820716234079,1,30.0,0.6550327914074594,2,82.0,0.531079058711457,1,38.0,0.0,9,232.0
670.0,-3.0,0,0,0,0.0,0.0,31,0,12,223,254,0,282.0,9.096774193548388,5.756248554655561,6,108.0,0.3546144862574608,1,35.0,0.6107526364810456,4,96.0,0.09909913204887487,1,43.0,0.0,12,282.0
675.0,-4.25,0,0,0,0.0,0.0,27,0,17,227,254,0,359.0,13.296296296296296,3.4654049641512024,7,139.0,0.18169984948622528,2,44.0,0.5101517241044418,7,128.0,0.0013958866572305773,1,48.0,0.0,17,359.0
680.0,-2.25,0,0,0,0.0,0.0,25,0,9,230,255,0,66.0,2.64,3.6686706772616073,3,95.0,0.21434930332305427,2,10.0,0.17799012551855137,4,51.0,0.1269831470479501,0,0.0,0.6915421236302065,9,156.0
685.0,-3.0,0,0,0,0.0,0.0,31,0,12,230,261,0,109.0,3.5161290322580645,7.183211829022866,4,53.0,0.4600285966539478,4,29.0,0.4838994370654333,4,54.0,0.31449597327405504,0,1.0,0.9480598117626747,12,137.0
690.0,-3.0,0,0,0,0.0,0.0,32,0,12,230,262,0,169.0,5.28125,7.1721085823170405,4,47.0,0.30555656846978796,4,49.0,0.5964006742249683,4,74.0,0.3070334752802916,0,1.0,0.8620361302335305,12,171.0
695.0,-3.5,0,0,0,0.0,0.0,34,0,14,232,266,0,233.0,6.852941176470588,6.920190011287561,6,71.0,0.3235157067411659,4,68.0,0.43064607156971574,4,94.0,0.19530017708818762,0,0.0,0.8788468944509724,14,233.0
700.0,-4.0,0,0,0,0.0,0.0,36,0,16,233,269,0,310.0,8.61111111111111,6.508200656943334,6,101.0,0.21030990392734938,6,95.0,0.3771329282792763,4,114.0,0.19556944067745724,0,0.0,0.9474479168179384,16,310.0
705.0,-4.5,0,0,0,0.0,0.0,35,0,18,236,271,0,397.0,11.342857142857143,4.8853694140550115,7,134.0,0.1818532111390014,7,129.0,0.11582926170925945,4,134.0,0.0,0,0.0,0.8985260895678404,18,397.0
710.0,-5.75,0,0,0,0.0,0.0,32,0,23,240,272,0,504.0,15.75,3.6911294703799675,10,179.0,0.15200678949467827,9,171.0,3.794816043579662e-05,4,154.0,0.0,0,0.0,0.95607777127502,23,504.0
715.0,-5.75,0,0,0,0.0,0.0,33,0,23,242,275,0,619.0,18.757575757575758,3.355772137087111,10,229.0,0.19812531977359707,9,216.0,0.09578976112148005,4,174.0,0.0,0,0.0,0.2590304680751411,23,619.0
720.0,-6.25,0,0,0,0.0,0.0,34,0,25,246,280,0,744.0,21.88235294117647,2.492621322948276,11,284.0,0.20722617313672875,9,261.0,0.0025267640350358092,4,194.0,0.3716538206591638,1,5.0,0.0,25,744.0
725.0,-3.75,0,0,0,0.0,0.0,37,0,15,246,283,0,229.0,6.1891891891891895,3.9791563082772194,9,240.0,0.18474110040974118,5,204.0,0.16526220699724053,0,98.0,0.6343461212290601,1,10.0,0.26874497049328255,15,552.0
730.0,-1.75,0,0,0,0.0,0.0,39,0,7,246,285,0,59.0,1.5128205128205128,6.4079160160639885,6,195.0,0.20655969901092272,0,131.0,0.4380959246715519,0,1.0,0.6462455363673847,1,16.0,0.7002421558078077,7,343.0
735.0,-2.5,0,0,0,0.0,0.0,40,0,10,246,286,0,92.0,2.3,7.424552243497419,6,136.0,0.2018700549631676,0,50.0,0.49139710638510287,3,10.0,0.5385733879240905,1,21.0,0.7576363963545286,10,217.0
740.0,-2.5,0,0,0,0.0,0.0,40,0,10,249,289,0,142.0,3.55,8.608860514166285,6,122.0,0.406255568165491,0,8.0,0.6885519065306216,3,24.0,0.5581288771884811,1,25.0,0.7113669094941809,10,179.0
745.0,-2.5,0,0,0,0.0,0.0,40,0,10,251,291,0,192.0,4.8,8.93378733127712,6,123.0,0.31624817615193856,0,0.0,0.9011433997983366,3,39.0,0.5653885103309368,1,30.0,0.7444093905640549,10,192.0
750.0,-2.75,0,0,0,0.0,0.0,42,0,11,253,295,0,243.0,5.785714285714286,8.540611026798471,7,154.0,0.3308139557404631,0,0.0,0.937010459197236,3,54.0,0.46959421328362727,1,35.0,0.7673474592505086,11,243.0
755.0,-3.0,0,0,0,0.0,0.0,38,0,12,257,295,0,302.0,7.947368421052632,7.46165974425301,7,189.0,0.13214436069626345,0,0.0,0.986548875161748,4,73.0,0.4371450217973646,1,40.0,0.727910097520132,12,302.0
760.0,-3.75,0,0,0,0.0,0.0,35,0,15,261,296,0,371.0,10.6,5.175982923342533,9,231.0,0.1544425842958409,0,0.0,0.3032506874186441,5,95.0,0.2015278246459318,1,45.0,0.3208744739155198,15,371.0
765.0,-5.75,0,0,0,0.0,0.0,32,0,23,267,299,0,470.0,14.6875,2.541339392537482,11,280.0,0.079474975035072,1,4.0,0.6518647796990166,6,124.0,0.008338669026563265,5,62.0,0.007976215873595486,23,470.0
770.0,-4.0,0,0,0,0.0,0.0,32,0,16,270,302,0,173.0,5.40625,4.226586593166925,6,226.0,0.2137216573308658,1,9.0,0.6908234662951905,4,80.0,0.20407513972560887,5,35.0,0.12480075278854602,16,350.0
775.0,-3.25,0,0,0,0.0,0.0,34,0,13,270,304,0,149.0,4.382352941176471,5.6899133914434294,2,157.0,0.3641476484991351,2,16.0,0.5385500493150791,4,50.0,0.1931106341781319,5,61.0,0.34570693951151266,13,284.0
780.0,-3.5,0,0,0,0.0,0.0,35,0,14,271,306,0,205.0,5.857142857142857,6.1226312814280615,2,66.0,0.5538014248125591,3,30.0,0.4034279283465221,4,70.0,0.0,5,86.0,0.3932804156033896,14,252.0
785.0,-3.75,0,0,0,0.0,0.0,37,0,15,271,308,0,280.0,7.5675675675675675,6.195274663803506,2,31.0,0.5033792900414908,4,49.0,0.43297667241791904,4,90.0,0.19658321962434916,5,110.0,0.24438467817030096,15,280.0
790.0,-4.25,0,0,0,0.0,0.0,39,0,17,271,310,0,361.0,9.256410256410257,5.830239164916497,4,47.0,0.1877190949012992,4,69.0,0.45923553598884514,4,110.0,0.31908398297246165,5,135.0,0.1534939971729896,17,361.0
795.0,-4.75,0,0,0,0.0,0.0,38,0,19,273,311,0,451.0,11.868421052631579,5.408132376600442,6,72.0,0.09891234706614428,4,89.0,0.42098941503022924,4,130.0,0.3227478297141898,5,160.0,0.0,19,451.0
800.0,-5.0,0,0,0,0.0,0.0,36,0,20,277,313,0,548.0,15.222222222222221,4.856835353699214,7,104.0,0.0002377890448046743,4,109.0,0.33528845284031267,4,150.0,0.31548059002337364,5,185.0,0.2719932801015011,20,548.0
805.0,-5.5,0,0,0,0.0,0.0,32,0,22,281,313,0,653.0,20.40625,3.1137866744676566,7,139.0,0.0,6,134.0,0.12382516737618612,4,170.0,0.1665906745285615,5,210.0,0.2627927304656484,22,653.0
810.0,-6.75,0,0,0,0.0,0.0,33,0,27,283,316,0,778.0,23.575757575757574,2.106303909843902,7,174.0,0.22149414371696177,8,170.0,0.00034935141541253176,6,196.0,0.13523448130073173,6,238.0,0.07474557750237287,27,778.0
815.0,-2.25,0,0,0,0.0,0.0,34,0,9,285,319,0,100.0,2.9411764705882355,4.528251916890144,2,112.0,0.42079303764100484,3,109.0,0.20664066636477837,2,110.0,0.3419870931481385,2,156.0,0.19957269864092742,9,487.0
820.0,-1.75,0,0,0,0.0,0.0,36,0,7,285,321,0,97.0,2.6944444444444446,7.90504733382433,0,63.0,0.506067380644071,3,55.0,0.31623566354232036,2,27.0,0.527741773742855,2,69.0,0.6222212128039636,7,214.0
825.0,-2.0,0,0,0,0.0,0.0,41,0,8,285,326,0,136.0,3.317073170731707,8.836195064693682,0,1.0,0.6425013353605941,3,65.0,0.3191357646384588,3,41.0,0.6457921064432421,2,32.0,0.5772638236786186,8,139.0
830.0,-2.5,0,0,0,0.0,0.0,40,0,10,289,329,0,183.0,4.575,8.545261929901605,2,7.0,0.6577856979280772,3,80.0,0.3825468124438588,3,55.0,0.484418836686007,2,41.0,0.5625399580870246,10,183.0
835.0,-3.0,0,0,0,0.0,0.0,36,0,12,294,330,0,239.0,6.638888888888889,7.882689650443946,3,18.0,0.5092248284867631,3,95.0,0.2496380029142776,4,75.0,0.4765005565109423,2,51.0,0.30828663313564114,12,239.0
840.0,-3.5,0,0,0,0.0,0.0,34,0,14,297,331,0,304.0,8.941176470588236,6.615588179798966,5,38.0,0.13880492038878356,3,110.0,0.23038303276696387,4,95.0,0.41880876234299413,2,61.0,0.46349217649319163,14,304.0
845.0,-3.75,0,0,0,0.0,0.0,28,0,15,303,331,0,377.0,13.464285714285714,4.879906188610585,6,66.0,0.002441283422466067,3,125.0,0.22790652317696486,4,115.0,0.2767698433040291,2,71.0,0.4793640210356533,15,377.0
850.0,-4.75,0,0,0,0.0,0.0,29,0,19,306,335,0,464.0,16.0,3.0931800860943928,7,101.0,0.12500890805336567,4,142.0,0.33190797289174495,6,140.0,0.11940928189230274,2,81.0,0.10308250439733276,19,464.0
855.0,-5.5,0,0,0,0.0,0.0,28,0,22,308,336,0,571.0,20.392857142857142,2.456187477842366,7,136.0,0.11446917295320576,4,162.0,0.3828860516006908,7,175.0,0.08561338374597463,4,98.0,0.00026017857162474094,22,571.0
860.0,-2.25,0,0,0,0.0,0.0,31,0,9,309,340,0,98.0,3.161290322580645,5.82783621735215,2,98.0,0.4729113475064326,2,65.0,0.5074900282786785,3,100.0,0.09391416438621708,2,17.0,0.264825932540462,9,280.0
865.0,-2.25,0,0,0,0.0,0.0,33,0,9,309,342,0,103.0,3.121212121212121,7.8209964619113155,1,57.0,0.5792510934829551,3,25.0,0.5067339381661627,3,51.0,0.14749329252340826,2,28.0,0.5653590296324351,9,161.0
870.0,-3.0,0,0,0,0.0,0.0,34,0,12,310,344,0,156.0,4.588235294117647,7.956946674711911,2,9.0,0.5063090823167739,5,46.0,0.4719544175029795,3,65.0,0.25,2,38.0,0.6147773187358807,12,158.0
875.0,-3.25,0,0,0,0.0,0.0,32,0,13,314,346,0,221.0,6.90625,7.128370021979362,3,24.0,0.40618779990336484,5,70.0,0.45534066884669305,3,80.0,0.23216821319528716,2,47.0,0.4600402754239675,13,221.0
880.0,-3.5,0,0,0,0.0,0.0,34,0,14,314,348,0,291.0,8.558823529411764,7.462855097537228,4,44.0,0.2976963320893849,5,95.0,0.39172631859997203,3,95.0,0.36248762726625383,2,57.0,0.0,14,291.0
885.0,-3.75,0,0,0,0.0,0.0,29,0,15,319,348,0,363.0,12.517241379310345,6.143951238638036,5,66.0,0.00020798958139605733,5,120.0,0.3404643076299184,3,110.0,0.37838183418065074,2,67.0,0.325954072374316,15,363.0
890.0,-3.75,0,0,0,0.0,0.0,27,0,15,322,349,0,438.0,16.22222222222222,5.711777318810909,5,91.0,0.16666666666666666,5,145.0,0.15699744606487576,3,125.0,0.0,2,77.0,0.45421863076462493,15,438.0
895.0,-3.75,0,0,0,0.0,0.0,26,0,15,325,351,0,513.0,19.73076923076923,5.3839609034902844,5,116.0,0.1554027861293969,5,170.0,0.21701133391809102,3,140.0,0.24466010426311913,2,87.0,0.472067297151021,15,513.0
900.0,-4.0,0,0,0,0.0,0.0,24,0,16,329,353,0,590.0,24.583333333333332,3.0000392472899287,5,141.0,0.10456219778375825,6,197.0,0.17000821511859918,3,155.0,0.381772852513732,2,97.0,0.025579408738070426,16,590.0
905.0,-1.25,0,0,0,0.0,0.0,24,0,5,330,354,0,20.0,0.8333333333333334,4.697988986296104,1,83.0,0.29083068754071084,2,121.0,0.07281594699989381,0,52.0,0.5168879541844448,2,8.0,0.22848643204612795,5,264.0
910.0,-1.5,0,0,0,0.0,0.0,25,0,6,330,355,0,41.0,1.64,8.462054540592653,1,28.0,0.5184400242805037,1,50.0,0.39754708010232864,2,5.0,0.5230815701277358,2,19.0,0.570182514898107,6,102.0
915.0,-1.5,0,0,0,0.0,0.0,25,0,6,331,356,0,71.0,2.84,9.636633322600938,1,12.0,0.0,1,17.0,0.6172677167209394,2,15.0,0.6468934805079557,2,29.0,0.6403971330486943,6,73.0
920.0,-1.5,0,0,0,0.0,0.0,23,0,6,335,358,0,101.0,4.391304347826087,9.391572583654794,1,17.0,0.6057284825600854,1,22.0,0.47496642829638164,2,24.0,0.5778267641675152,2,38.0,0.6387792557885059,6,101.0
925.0,-1.5,0,0,0,0.0,0.0,24,0,6,335,359,0,131.0,5.458333333333333,9.541280194815004,1,22.0,0.7412019678967693,1,27.0,0.0,2,34.0,0.0,2,48.0,0.5951697021054336,6,131.0
930.0,-1.5,0,0,0,0.0,0.0,21,0,6,340,361,0,161.0,7.666666666666667,7.841577854664262,1,27.0,0.4804230645918881,1,32.0,0.45645765415593453,2,44.0,0.3231993893312002,2,58.0,0.23551565559673468,6,161.0
935.0,-1.75,0,0,0,0.0,0.0,20,0,7,342,362,0,196.0,9.8,7.76699396869049,2,37.0,0.48654438985453224,1,37.0,0.45700836026972486,2,54.0,0.4662678837702017,2,68.0,0.0,7,196.0
940.0,-2.0,0,0,0,0.0,0.0,18,0,8,347,365,0,232.0,12.88888888888889,6.219327642045764,2,47.0,0.5546444406986445,1,42.0,0.5134003617082332,3,65.0,0.23316193393548282,2,78.0,0.0,8,232.0
945.0,-2.75,0,0,0,0.0,0.0,16,0,11,350,366,0,279.0,17.4375,3.4770495906917542,4,61.0,0.3161310559452355,2,50.0,0.48166972352598897,3,80.0,0.08645119590314918,2,88.0,0.0,11,279.0
950.0,-1.25,0,0,0,0.0,0.0,16,0,5,350,366,0,32.0,2.0,4.701034710474143,2,12.0,0.10042329259576221,1,8.0,0.4295216221513476,2,15.0,0.0,0,0.0,0.6263597584631379,5,35.0
955.0,-1.75,0,0,0,0.0,0.0,21,0,7,350,371,0,63.0,3.0,8.364607382158491,2,19.0,0.42354400473523857,3,20.0,0.5764652811047414,2,25.0,0.302659339035346,0,1.0,0.8575715105028305,7,65.0
960.0,-1.75,0,0,0,0.0,0.0,22,0,7,350,372,0,98.0,4.454545454545454,8.472400983077499,2,29.0,0.4761292112393334,3,35.0,0.49810782470490705,2,35.0,0.4708142804305565,0,1.0,0.7567009893670694,7,100.0
965.0,-2.0,0,0,0,0.0,0.0,20,0,8,353,373,0,137.0,6.85,7.246862117588094,2,39.0,0.4738827309991137,4,53.0,0.23223719451287073,2,45.0,0.3082177587345257,0,0.0,1.0,8,137.0
970.0,-2.25,0,0,0,0.0,0.0,21,0,9,353,374,0,180.0,8.571428571428571,7.332135776758969,2,49.0,0.3198704660766899,5,76.0,0.2722567271313423,2,55.0,0.3060548809288773,0,0.0,0.9210452778418692,9,180.0
975.0,-2.25,0,0,0,0.0,0.0,19,0,9,357,376,0,225.0,11.842105263157896,6.671801412339477,2,59.0,0.42677657616467796,5,101.0,0.35154180861599793,2,65.0,0.32823514129729003,0,0.0,0.9564527958194489,9,225.0
980.0,-2.25,0,0,0,0.0,0.0,19,0,9,358,377,0,270.0,14.210526315789474,6.315272263511896,2,69.0,0.4455469985054476,5,126.0,0.27667642689187744,2,75.0,0.14974650535313375,0,0.0,0.791289138498577,9,270.0
985.0,-2.75,0,0,0,0.0,0.0,21,0,11,359,380,0,321.0,15.285714285714286,4.407839744115647,2,79.0,0.25129440464440844,5,151.0,0.21044518582909788,3,88.0,0.23011147894102726,1,3.0,0.0006978641922325343,11,321.0
990.0,-3.75,0,0,0,0.0,0.0,22,0,15,362,384,0,388.0,17.636363636363637,3.9560684783551094,4,95.0,0.3096653993053394,7,182.0,0.18930570019492285,3,103.0,0.4841952335467054,1,8.0,0.0,15,388.0
995.0,-1.5,0,0,0,0.0,0.0,22,0,6,362,384,0,44.0,2.0,4.0164782027281545,1,12.0,0.11277643930581185,3,114.0,0.09922313160386964,1,13.0,0.5464848197010677,1,13.0,0.3816993338106014,6,152.0
1000.0,-1.25,0,0,0,0.0,0.0,25,0,5,362,387,0,59.0,2.36,8.263459375631546,1,6.0,0.46925354716571527,1,51.0,0.5460166187984102,2,23.0,0.5757639910933883,1,19.0,0.7265649254798034,5,99.0
1005.0,-1.5,0,0,0,0.0,0.0,29,0,6,362,391,0,88.0,3.0344827586206895,8.99299087388789,1,11.0,0.6511266597444707,1,19.0,0.6510503804406221,3,37.0,0.45877737596956447,1,24.0,0.7490422946443434,6,91.0
1010.0,-1.75,0,0,0,0.0,0.0,30,0,7,364,394,0,123.0,4.1,8.956181930606549,1,16.0,0.649276554495637,1,23.0,0.7302221116438887,4,56.0,0.39032958843974974,1,28.0,0.6810467025056536,7,123.0
1015.0,-2.25,0,0,0,0.0,0.0,32,0,9,364,396,0,161.0,5.03125,7.835179860128944,3,24.0,0.20406195646218978,1,28.0,0.649746553910365,4,76.0,0.20942868843542406,1,33.0,0.6805429582699413,9,161.0
1020.0,-2.75,0,0,0,0.0,0.0,33,0,11,366,399,0,212.0,6.424242424242424,7.098890067008284,4,42.0,0.28163372893598265,1,33.0,0.45818932793560696,5,99.0,0.19150133526071028,1,38.0,0.6464415553491945,11,212.0
1025.0,-3.25,0,0,0,0.0,0.0,30,0,13,371,401,0,276.0,9.2,6.07324430737039,5,67.0,0.31396334841512685,1,38.0,0.0,6,128.0,0.23917611262286229,1,43.0,0.5447666889888546,13,276.0
1030.0,-4.25,0,0,0,0.0,0.0,29,0,17,373,402,0,349.0,12.03448275862069,3.196007896032852,6,93.0,0.048248179992352244,1,43.0,0.46372912270283606,7,159.0,0.11395579591711456,3,54.0,0.10121339488433595,17,349.0
1035.0,-5.75,0,0,0,0.0,0.0,27,0,23,376,403,0,450.0,16.666666666666668,1.9958378475169074,8,129.0,4.010465659974523e-05,1,48.0,0.49681082060584913,8,195.0,0.07134038775281136,6,78.0,0.00010885731729439038,23,450.0
1040.0,-3.0,0,0,0,0.0,0.0,29,0,12,378,407,0,115.0,3.9655172413793105,4.179742942225249,3,90.0,0.3112265438565749,0,0.0,0.4104173319915573,4,129.0,0.28007501598649903,5,50.0,0.10906928183441372,12,269.0
1045.0,-1.5,0,0,0,0.0,0.0,31,0,6,378,409,0,78.0,2.5161290322580645,7.065411510122828,0,30.0,0.5320798171556237,1,4.0,0.7401205363056516,0,67.0,0.3132719496703122,5,76.0,0.40513829715815214,6,177.0
1050.0,-1.5,0,0,0,0.0,0.0,34,0,6,378,412,0,108.0,3.176470588235294,9.559756671421315,0,9.0,0.8530082984896243,1,9.0,0.7859329296754942,0,14.0,0.5233836976643593,5,101.0,0.4270087457326901,6,133.0
1055.0,-1.5,0,0,0,0.0,0.0,34,0,6,380,414,0,138.0,4.0588235294117645,9.72212490746916,0,0.0,0.7393783110160264,1,13.0,0.8139365836593266,0,0.0,0.8965654648426721,5,125.0,0.44865492305471116,6,138.0
1060.0,-1.75,0,0,0,0.0,0.0,33,0,7,381,414,0,171.0,5.181818181818182,8.38136933328451,1,3.0,0.22535937687729055,1,18.0,0.6296087124755027,0,0.0,1.0,5,150.0,0.4046728924814845,7,171.0
1065.0,-2.75,0,0,0,0.0,0.0,32,0,11,385,417,0,220.0,6.875,7.280242391881972,4,18.0,0.31640499163260594,2,27.0,0.3466503910515706,0,0.0,0.9615282966836217,5,175.0,0.32308027311893817,11,220.0
1070.0,-3.0,0,0,0,0.0,0.0,34,0,12,386,420,0,279.0,8.205882352941176,7.202283777397857,4,38.0,0.41723473219780166,3,41.0,0.30058429692802013,0,0.0,0.965257474363941,5,200.0,0.1308220301656425,12,279.0
1075.0,-4.0,0,0,0,0.0,0.0,31,0,16,392,423,0,349.0,11.258064516129032,4.988391955565128,5,59.0,0.2364787605690875,4,59.0,0.21359767312236733,0,0.0,0.6823140769067285,7,231.0,5.988301051959194e-05,16,349.0
1080.0,-5.0,0,0,0,0.0,0.0,27,0,20,398,425,0,440.0,16.296296296296298,2.507893186099281,6,87.0,0.2528917630752052,5,81.0,0.06866141799219695,2,6.0,0.32439926420665627,7,266.0,0.0,20,440.0
1085.0,-2.0,0,0,0,0.0,0.0,28,0,8,399,427,0,69.0,2.4642857142857144,4.418598499037176,3,64.0,0.32768649907412684,1,36.0,0.2913132382185803,2,16.0,0.28623379102769697,2,179.0,0.17768522012998653,8,295.0
1090.0,-2.5,0,0,0,0.0,0.0,29,0,10,399,428,0,116.0,4.0,7.657435652548788,4,43.0,0.34455183404029843,1,20.0,0.5300578398638284,3,30.0,0.5294403401876976,2,87.0,0.5693567073259409,10,180.0
1095.0,-2.75,0,0,0,0.0,0.0,31,0,11,399,430,0,171.0,5.516129032258065,8.372866559422189,5,58.0,0.15050663116029608,1,23.0,0.5393039801171184,3,45.0,0.5556627674550576,2,47.0,0.665253699795206,11,173.0
1100.0,-2.75,0,0,0,0.0,0.0,32,0,11,402,434,0,226.0,7.0625,8.309665069967409,5,83.0,0.40974049470870294,1,28.0,0.5755190853666569,3,59.0,0.43324774199988986,2,56.0,0.4606289705316061,11,226.0
1105.0,-2.75,0,0,0,0.0,0.0,30,0,11,405,435,0,281.0,9.366666666666667,7.587256201318714,5,108.0,0.29398647127432365,1,33.0,0.5613980130007362,3,74.0,0.4639519971856001,2,66.0,0.30701767928482815,11,281.0
1110.0,-3.25,0,0,0,0.0,0.0,29,0,13,408,437,0,341.0,11.758620689655173,6.21866116247651,7,138.0,0.11074643338092839,1,38.0,0.4857009970053161,3,89.0,0.2402488490243373,2,76.0,0.4517560629976973,13,341.0
1115.0,-3.75,0,0,0,0.0,0.0,25,0,15,413,438,0,414.0,16.56,4.672782179848274,8,178.0,0.061620896004007296,1,43.0,0.6285642615692032,4,107.0,0.187200337710991,2,86.0,0.4279728117335524,15,414.0
1120.0,-4.0,0,0,0,0.0,0.0,24,0,16,415,439,0,491.0,20.458333333333332,2.5525289338337607,9,220.0,3.71612243738949e-05,1,48.0,0.31037014731859314,4,127.0,0.25023844544104873,2,96.0,0.07102267619851728,16,491.0
1125.0,-5.0,0,0,0,0.0,0.0,25,0,20,416,441,0,586.0,23.44,1.9581946666211787,9,265.0,0.0,2,58.0,0.3479915928976839,5,149.0,0.1584616249805673,4,114.0,6.190965111580051e-06,20,586.0
1130.0,-2.25,0,0,0,0.0,0.0,26,0,9,417,443,0,115.0,4.423076923076923,4.923915720807779,4,202.0,0.19875442293302786,2,13.0,0.47360588369922657,1,63.0,0.3230049792436973,2,18.0,0.21419927833288888,9,296.0
1135.0,-1.5,0,0,0,0.0,0.0,30,0,6,417,447,0,66.0,2.2,8.133632721791537,0,83.0,0.2882845860653965,3,27.0,0.5718509205420668,1,12.0,0.6919717447174156,2,29.0,0.5823639128238701,6,151.0
1140.0,-1.75,0,0,0,0.0,0.0,28,0,7,419,447,0,100.0,3.5714285714285716,9.081476614385775,0,37.0,0.7181644558380906,4,46.0,0.5935322300909368,1,17.0,0.6331072067673523,2,39.0,0.6470128306142916,7,139.0
1145.0,-2.0,0,0,0,0.0,0.0,32,0,8,420,452,0,136.0,4.25,8.992810965072387,0,0.0,0.7900243834434743,5,66.0,0.5325798733945347,1,22.0,0.0,2,48.0,0.645720809141089,8,136.0
1150.0,-2.25,0,0,0,0.0,0.0,31,0,9,421,452,0,180.0,5.806451612903226,8.246597224538636,0,0.0,0.9279567524803539,6,95.0,0.3317961103081179,1,27.0,0.0,2,58.0,0.4743919583789589,9,180.0
1155.0,-3.0,0,0,0,0.0,0.0,30,0,12,424,454,0,233.0,7.766666666666667,6.689576600434047,1,2.0,0.2761227238377685,8,131.0,0.08702099838227928,1,32.0,0.5,2,68.0,0.301371944529864,12,233.0
1160.0,-3.5,0,0,0,0.0,0.0,25,0,14,429,454,0,302.0,12.08,5.642536774280857,3,16.0,0.24054931956898906,8,171.0,0.0,1,37.0,0.47429430567747133,2,78.0,0.0,14,302.0
1165.0,-3.5,0,0,0,0.0,0.0,23,0,14,434,457,0,372.0,16.17391304347826,3.9565169745739976,3,31.0,0.37801123026773426,8,211.0,0.0,1,42.0,0.18060830682681897,2,88.0,0.0,14,372.0
1170.0,-4.0,0,0,0,0.0,0.0,20,0,16,438,458,0,450.0,22.5,2.1835975777073435,4,50.0,0.3461448612543911,8,251.0,0.1012082567616797,2,51.0,5.88696298340226e-06,2,98.0,0.0,16,450.0
1175.0,-1.25,0,0,0,0.0,0.0,21,0,5,438,459,0,93.0,4.428571428571429,4.646640032095284,1,26.0,0.1813690208698045,3,182.0,0.11969056102312312,1,9.0,0.5450190667416721,0,0.0,0.77976909814437,5,217.0
1180.0,-0.75,0,0,0,0.0,0.0,21,0,3,438,459,0,29.0,1.380952380952381,9.001493654104145,2,15.0,0.15649376640487986,0,80.0,0.3096767433554749,1,15.0,0.7528058602195598,0,1.0,0.9293104667285009,3,111.0
1185.0,-0.75,0,0,0,0.0,0.0,23,0,3,438,461,0,44.0,1.9130434782608696,10.350181076700736,2,25.0,0.3240755092622814,0,27.0,0.8991659441985441,1,20.0,0.5900861671292311,0,1.0,0.8934963258572739,3,73.0
1190.0,-1.0,0,0,0,0.0,0.0,21,0,4,441,462,0,62.0,2.9523809523809526,10.15223510862739,2,35.0,0.478640087573293,0,0.0,0.9964474457857355,2,27.0,0.40916357849918195,0,0.0,0.9037051287739353,4,62.0
1195.0,-1.0,0,0,0,0.0,0.0,21,0,4,441,462,0,82.0,3.9047619047619047,9.84472105408565,2,45.0,0.29732632688156635,0,0.0,1.0,2,37.0,0.3106361454525921,0,0.0,0.8415740649673417,4,82.0
1200.0,-1.0,0,0,0,0.0,0.0,18,0,4,446,464,0,102.0,5.666666666666667,9.614964552700165,2,55.0,0.4739446317757171,0,0.0,0.9881140306404588,2,47.0,0.3037740522939259,0,0.0,0.9560767715361769,4,102.0
1205.0,-1.0,0,0,0,0.0,0.0,17,0,4,449,466,0,122.0,7.176470588235294,9.63621685801553,2,65.0,0.49968633802151574,0,0.0,0.9663139980213529,2,57.0,0.3077270444350551,0,0.0,0.8215946460173761,4,122.0
1210.0,-1.5,0,0,0,0.0,0.0,17,0,6,452,469,0,144.0,8.470588235294118,7.0450475327475335,3,76.0,0.3807722149659819,0,0.0,0.5745950537967364,2,67.0,0.33206193215909885,1,1.0,0.006705200433781367,6,144.0
1215.0,-2.0,0,0,0,0.0,0.0,19,0,8,454,473,0,181.0,9.526315789473685,6.741269753395902,3,91.0,0.4354005553344921,2,7.0,0.5493584076929816,2,77.0,0.47039093543009247,1,6.0,0.0,8,181.0
1220.0,-1.75,0,0,0,0.0,0.0,20,0,7,456,476,0,45.0,2.25,6.223232793194579,2,12.0,0.4359895929111553,3,20.0,0.31587988993313093,1,2.0,0.7373865566929407,1,11.0,0.3107059906429037,7,45.0
1225.0,-2.25,0,0,0,0.0,0.0,20,0,9,456,476,0,85.0,4.25,6.704721134926601,2,22.0,0.47353950998358385,5,41.0,0.314115824880865,1,7.0,0.6398521834972134,1,17.0,0.6594625629691437,9,87.0
1230.0,-2.75,0,0,0,0.0,0.0,22,0,11,456,478,0,136.0,6.181818181818182,6.564163203748678,3,33.0,0.25034782710868303,6,71.0,0.30479204515827746,1,12.0,0.6528923367238654,1,22.0,0.720813204127244,11,138.0
1235.0,-2.75,0,0,0,0.0,0.0,23,0,11,456,479,0,191.0,8.304347826086957,6.772976650716843,3,48.0,0.37660647989061313,6,100.0,0.13844674714748925,1,17.0,0.46460616570091473,1,26.0,0.6927967153380007,11,191.0
1240.0,-2.75,0,0,0,0.0,0.0,24,0,11,457,481,0,246.0,10.25,6.971636795278656,3,63.0,0.46275153329816154,6,130.0,0.0,1,22.0,0.48171191364428556,1,31.0,0.4725852274442435,11,246.0
1245.0,-2.75,0,0,0,0.0,0.0,22,0,11,461,483,0,301.0,13.681818181818182,5.607484373303727,3,78.0,0.4268901704459631,6,160.0,0.13584682254828967,1,27.0,0.0,1,36.0,0.6156362577125281,11,301.0
1250.0,-3.25,0,0,0,0.0,0.0,27,0,13,463,490,0,362.0,13.407407407407407,5.922893046825072,5,99.0,0.42769631040074374,6,190.0,0.30207683779972805,1,32.0,0.6185315221802424,1,41.0,0.4894699145426977,13,362.0
1255.0,-4.25,0,0,0,0.0,0.0,29,0,17,464,493,0,435.0,15.0,4.468476645946095,8,131.0,0.30286348397394386,7,221.0,0.1706321140580447,1,37.0,0.7409741635794822,1,46.0,0.1406409813633688,17,435.0
1260.0,-5.25,0,0,0,0.0,0.0,30,0,21,464,494,0,533.0,17.766666666666666,2.2618222156575603,8,171.0,0.0778448906651508,9,265.0,0.14144189192933887,2,43.0,0.43049706296022316,2,54.0,0.0009004120155914714,21,533.0
1265.0,-3.75,0,0,0,0.0,0.0,30,0,15,465,495,0,141.0,4.7,2.871822196460026,7,119.0,0.13819781120402239,5,199.0,0.06967487846467121,2,8.0,0.17065414943656523,1,8.0,0.30937378785512326,15,334.0
1270.0,-2.25,0,0,0,0.0,0.0,31,0,9,465,496,0,103.0,3.3225806451612905,6.269296590570491,4,91.0,0.26591136697328616,1,127.0,0.2438963412403266,3,24.0,0.49542185713740644,1,14.0,0.7379685857085531,9,256.0
1275.0,-2.25,0,0,0,0.0,0.0,33,0,9,465,498,0,148.0,4.484848484848484,8.59152769726319,4,76.0,0.4185404324298012,1,40.0,0.40516147329424745,3,39.0,0.5148912614652357,1,18.0,0.7291024901368922,9,173.0
1280.0,-2.25,0,0,0,0.0,0.0,31,0,9,467,498,0,193.0,6.225806451612903,8.971884572089277,4,91.0,0.3271443436733185,1,26.0,0.0,3,53.0,0.5243695749277405,1,23.0,0.7177654101760568,9,193.0
1285.0,-2.25,0,0,0,0.0,0.0,29,0,9,470,499,0,238.0,8.206896551724139,8.459971377279155,4,111.0,0.1947900662164305,1,31.0,0.0,3,68.0,0.5809518313192996,1,28.0,0.6687176145279106,9,238.0
1290.0,-2.25,0,0,0,0.0,0.0,30,0,9,471,501,0,283.0,9.433333333333334,8.150893373418816,4,131.0,0.0,1,36.0,0.0,3,83.0,0.5325253856999503,1,33.0,0.5524422701934467,9,283.0
1295.0,-2.5,0,0,0,0.0,0.0,29,0,10,476,505,0,331.0,11.413793103448276,7.558672279637887,4,151.0,0.40618452890503665,1,41.0,0.4696444159951944,4,101.0,0.33936425069152343,1,38.0,0.0,10,331.0
1300.0,-3.5,0,0,0,0.0,0.0,29,0,14,479,508,0,389.0,13.413793103448276,6.410053322021357,4,171.0,0.4389949776407984,1,46.0,0.6642541019519023,8,129.0,0.0005440870212414837,1,43.0,0.0,14,389.0
1305.0,-3.75,0,0,0,0.0,0.0,28,0,15,485,513,0,462.0,16.5,4.843241085327742,5,194.0,0.39411366266410264,1,51.0,0.5763362384478435,8,169.0,3.512768375501844e-06,1,48.0,0.0,15,462.0
1310.0,-1.75,0,0,0,0.0,0.0,28,0,7,487,515,0,50.0,1.7857142857142858,4.925710576042022,3,110.0,0.2587109263595928,1,5.0,0.5493265953677018,3,105.0,0.19434435813035092,0,0.0,0.7366701236048002,7,220.0
1315.0,-1.75,0,0,0,0.0,0.0,30,0,7,487,517,0,63.0,2.1,6.881478596904186,2,28.0,0.37746828992551157,3,15.0,0.3892545859411192,2,57.0,0.3280532936648134,0,1.0,0.9717395221326101,7,101.0
1320.0,-2.25,0,0,0,0.0,0.0,31,0,9,487,518,0,104.0,3.3548387096774195,8.053183124952255,3,28.0,0.48700898576087887,4,33.0,0.4777502722389297,2,44.0,0.0,0,1.0,0.8721343126737384,9,106.0
1325.0,-2.5,0,0,0,0.0,0.0,32,0,10,489,521,0,150.0,4.6875,7.6304233689265555,4,44.0,0.333267605503495,4,52.0,0.5350007606090901,2,54.0,0.3289065223886917,0,0.0,0.7914843136368337,10,150.0
1330.0,-2.75,0,0,0,0.0,0.0,34,0,11,489,523,0,205.0,6.029411764705882,7.687357194400622,5,69.0,0.313457632048029,4,72.0,0.5198832904528411,2,64.0,0.32616865630253605,0,0.0,0.7939244830738605,11,205.0
1335.0,-2.75,0,0,0,0.0,0.0,33,0,11,491,524,0,260.0,7.878787878787879,7.162256971879704,5,94.0,0.2437069723404493,4,92.0,0.43807365760352035,2,74.0,0.0,0,0.0,1.0,11,260.0
1340.0,-3.5,0,0,0,0.0,0.0,30,0,14,495,525,0,321.0,10.7,5.7725600389570975,6,121.0,0.23203631322515908,6,116.0,0.19948254934792675,2,84.0,0.0,0,0.0,0.9740517035305923,14,321.0
1345.0,-3.75,0,0,0,0.0,0.0,27,0,15,500,527,0,396.0,14.666666666666666,4.654118486462175,6,151.0,0.18681295419565927,7,151.0,0.23797977871240988,2,94.0,0.0,0,0.0,0.7606613568159925,15,396.0
1350.0,-5.0,0,0,0,0.0,0.0,24,0,20,504,528,0,482.0,20.083333333333332,2.220402536056262,8,188.0,0.10711023825837977,9,189.0,0.16230158118026614,2,104.0,0.0,1,1.0,0.0004605562843926484,20,482.0
1355.0,-2.5,0,0,0,0.0,0.0,25,0,10,505,530,0,87.0,3.48,3.7649854703765606,4,129.0,0.07074085417712242,5,136.0,0.24860461908927062,0,0.0,0.7088944897066115,1,6.0,0.36696024678048417,10,271.0
1360.0,-1.5,0,0,0,0.0,0.0,28,0,6,505,533,0,74.0,2.642857142857143,7.228737195499461,2,76.0,0.5248465752270358,3,78.0,0.17881878317248434,0,1.0,0.9335839122773099,1,12.0,0.6865273750323522,6,167.0
1365.0,-1.5,0,0,0,0.0,0.0,29,0,6,505,534,0,104.0,3.586206896551724,9.667595039773092,2,30.0,0.6400883203033089,3,58.0,0.29246640055363393,0,1.0,0.8839830570837305,1,17.0,0.7755168049202118,6,106.0
1370.0,-1.75,0,0,0,0.0,0.0,29,0,7,507,536,0,136.0,4.689655172413793,9.207349685112144,3,42.0,0.37004127819188115,3,73.0,0.19166197076666033,0,0.0,0.8599807823278541,1,21.0,0.7584204956994969,7,136.0
1375.0,-2.0,0,0,0,0.0,0.0,32,0,8,507,539,0,174.0,5.4375,9.054269185127476,4,60.0,0.19479197240635357,3,88.0,0.22859106976006133,0,0.0,0.8328406760323842,1,26.0,0.6820254448011109,8,174.0
1380.0,-2.0,0,0,0,0.0,0.0,31,0,8,511,542,0,214.0,6.903225806451613,8.853102896555589,4,80.0,0.3293201022115084,3,103.0,0.3726303570701831,0,0.0,0.7582982577525366,1,31.0,0.5364705333673848,8,214.0
1385.0,-2.25,0,0,0,0.0,0.0,27,0,9,516,543,0,259.0,9.592592592592593,7.577995981046126,4,100.0,0.14858146381816065,3,118.0,0.41126774241318415,1,5.0,0.5959126445767938,1,36.0,0.0,9,259.0
1390.0,-3.25,0,0,0,0.0,0.0,24,0,13,520,544,0,311.0,12.958333333333334,4.654056015526789,5,122.0,0.0001811257112242386,4,135.0,0.17704049521832477,3,13.0,0.3141589444235244,1,41.0,0.0,13,311.0
1395.0,-3.75,0,0,0,0.0,0.0,23,0,15,524,547,0,383.0,16.652173913043477,3.496014043051626,5,147.0,0.35184338419494526,5,158.0,0.04476729145858336,4,32.0,0.15659198717731418,1,46.0,0.0,15,383.0
1400.0,-1.0,0,0,0,0.0,0.0,22,0,4,526,548,0,29.0,1.3181818181818181,5.9622418799693575,0,66.0,0.5114973898608074,3,72.0,0.23015339073156665,1,20.0,0.3101840219361211,0,0.0,0.7355959274142206,4,158.0
1405.0,-1.25,0,0,0,0.0,0.0,24,0,5,526,550,0,51.0,2.125,8.873714279907992,1,13.0,0.43925884509700996,3,40.0,0.5409950410799149,1,10.0,0.5402840493832468,0,1.0,0.8738923250431088,5,64.0
1410.0,-1.25,0,0,0,0.0,0.0,27,0,5,526,553,0,76.0,2.814814814814815,9.510913127029664,1,7.0,0.6316076216133524,3,55.0,0.5886799755553506,1,15.0,0.0,0,1.0,0.7812676069547928,5,78.0
1415.0,-1.75,0,0,0,0.0,0.0,26,0,7,529,555,0,106.0,4.076923076923077,8.919514760625812,2,14.0,0.4688380412568015,4,72.0,0.4375480642356046,1,20.0,0.6557924858660127,0,0.0,0.7786933564287133,7,106.0
1420.0,-2.25,0,0,0,0.0,0.0,29,0,9,530,559,0,146.0,5.0344827586206895,8.5299043937093,3,25.0,0.4733536988541472,5,96.0,0.33287830131304286,1,25.0,0.7038517215784359,0,0.0,0.7950080767702017,9,146.0
1425.0,-2.25,0,0,0,0.0,0.0,27,0,9,533,560,0,191.0,7.074074074074074,7.935621086443608,3,40.0,0.45335869844091603,5,121.0,0.16060336668673897,1,30.0,0.6429284915544465,0,0.0,0.9610945312328489,9,191.0
1430.0,-2.5,0,0,0,0.0,0.0,25,0,10,536,561,0,240.0,9.6,6.7464301974502545,4,59.0,0.23910032358916355,5,146.0,0.15911706292120606,1,35.0,0.0,0,0.0,0.9305572845014404,10,240.0
1435.0,-3.25,0,0,0,0.0,0.0,23,0,13,541,564,0,300.0,13.043478260869565,5.569041243021872,6,87.0,0.30427639651474764,5,171.0,0.16411195209050441,1,40.0,0.49697184376769027,1,2.0,0.5719067496913692,13,300.0
1440.0,-3.5,0,0,0,0.0,0.0,23,0,14,544,567,0,368.0,16.0,4.2481413834539765,6,117.0,0.351524348681767,5,196.0,0.269559178641078,1,45.0,0.3922208612829316,2,10.0,0.16624900163558703,14,368.0
1445.0,-1.75,0,0,0,0.0,0.0,24,0,7,544,568,0,41.0,1.7083333333333333,4.381748999316677,3,69.0,0.14692750094837825,1,109.0,0.46681108896399576,0,0.0,0.26204903176568706,3,22.0,0.19688045510809932,7,200.0
1450.0,-1.75,0,0,0,0.0,0.0,24,0,7,544,568,0,59.0,2.4583333333333335,6.768357875467356,2,39.0,0.21787659062863385,1,37.0,0.44370707865638315,1,6.0,0.7127555827735841,3,38.0,0.5123788237373512,7,120.0
1455.0,-1.75,0,0,0,0.0,0.0,27,0,7,544,571,0,94.0,3.4814814814814814,9.582985937721848,2,20.0,0.44391425897677184,1,14.0,0.5894733932927109,1,11.0,0.7867818755507768,3,53.0,0.5764798237077291,7,98.0
1460.0,-1.75,0,0,0,0.0,0.0,27,0,7,545,572,0,129.0,4.777777777777778,9.27596249500351,2,28.0,0.32408024022744264,1,19.0,0.6605141402636647,1,15.0,0.6971575354268739,3,67.0,0.5644808706351008,7,129.0
1465.0,-2.0,0,0,0,0.0,0.0,29,0,8,546,575,0,167.0,5.758620689655173,8.771171454482094,2,38.0,0.3694820156495239,1,24.0,0.6162282334633118,2,23.0,0.43686413833096316,3,82.0,0.4770506382667545,8,167.0
1470.0,-2.25,0,0,0,0.0,0.0,30,0,9,549,579,0,212.0,7.066666666666666,8.75779045169753,3,53.0,0.5902127110126959,1,29.0,0.5909684526576148,2,33.0,0.0,3,97.0,0.2359743128752938,9,212.0
1475.0,-2.5,0,0,0,0.0,0.0,27,0,10,555,582,0,258.0,9.555555555555555,8.271663441676825,4,69.0,0.48375567529109115,1,34.0,0.7273975979538182,2,43.0,0.32819595277236446,3,112.0,0.4399132048415626,10,258.0
1480.0,-3.0,0,0,0,0.0,0.0,27,0,12,558,585,0,311.0,11.518518518518519,5.43151884226656,4,89.0,0.26711605258387794,2,40.0,0.3446239489426802,2,53.0,0.47746213148257355,4,129.0,0.2517138122979779,12,311.0
1485.0,-5.0,0,0,0,0.0,0.0,25,0,20,561,586,0,394.0,15.76,2.036740414112454,8,124.0,0.1873615288035879,3,53.0,0.19643941028893294,3,64.0,0.13666304835335646,6,153.0,0.0006363089633621804,20,394.0
1490.0,-2.5,0,0,0,0.0,0.0,27,0,10,561,588,0,80.0,2.962962962962963,4.159468984630496,3,70.0,0.2603172792206658,3,23.0,0.27352608877426793,1,7.0,0.19528883883568704,3,70.0,0.19200725833169624,10,170.0
1495.0,-3.0,0,0,0,0.0,0.0,30,0,12,561,591,0,127.0,4.233333333333333,7.602055377944386,4,52.0,0.45494654530529255,4,41.0,0.39160962988278253,1,11.0,0.5,3,42.0,0.4810997188146027,12,146.0
1500.0,-3.25,0,0,0,0.0,0.0,33,0,13,561,594,0,188.0,5.696969696969697,8.090228822846882,5,56.0,0.27286169461321036,4,61.0,0.5785948270884587,1,16.0,0.6071029024354034,3,57.0,0.37823186572680456,13,190.0
1505.0,-3.5,0,0,0,0.0,0.0,31,0,14,565,596,0,254.0,8.193548387096774,7.3677780957242085,6,82.0,0.13587509691128277,4,80.0,0.6004243711275349,1,21.0,0.6556893529062543,3,71.0,0.0,14,254.0
1510.0,-3.5,0,0,0,0.0,0.0,32,0,14,566,598,0,324.0,10.125,6.550443433338891,6,112.0,0.23958826799588528,4,100.0,0.3261299183236136,1,26.0,0.0,3,86.0,0.3520604181663991,14,324.0
1515.0,-4.25,0,0,0,0.0,0.0,31,0,17,571,602,0,403.0,13.0,5.26100155856533,6,142.0,0.29153694456894286,7,129.0,0.13105851525287818,1,31.0,0.6241591042564235,3,101.0,0.350141370599289,17,403.0
1520.0,-4.5,0,0,0,0.0,0.0,30,0,18,573,603,0,493.0,16.433333333333334,3.975177866075621,6,172.0,0.15994855917198852,8,169.0,0.18596585825246748,1,36.0,0.6580405955152183,3,116.0,0.08460232211482954,18,493.0
1525.0,-5.25,0,0,0,0.0,0.0,30,0,21,576,606,0,592.0,19.733333333333334,2.6070342653711522,8,208.0,0.09772770746505155,8,209.0,0.18938719658307643,1,41.0,0.4114987715308076,4,134.0,7.045485297708319e-06,21,592.0
1530.0,-6.5,0,0,0,0.0,0.0,32,0,26,576,608,0,713.0,22.28125,2.3005125379321507,9,253.0,0.09858795852689457,10,255.0,0.10357707216944965,3,51.0,0.35672569265378645,4,154.0,0.0,26,713.0
1535.0,-3.75,0,0,0,0.0,0.0,33,0,15,577,610,0,183.0,5.545454545454546,3.6838369933040145,5,187.0,0.06162742532151723,6,195.0,0.16811518911597886,3,16.0,0.3192788238006091,1,61.0,0.33999386017314354,15,459.0
1540.0,-2.25,0,0,0,0.0,0.0,34,0,9,577,611,0,88.0,2.588235294117647,6.149898488146647,1,115.0,0.29853407186975406,3,129.0,0.22633106763053398,4,35.0,0.39937151888666367,1,19.0,0.6791000080486465,9,298.0
1545.0,-2.0,0,0,0,0.0,0.0,36,0,8,578,614,0,113.0,3.138888888888889,8.17471125303435,1,38.0,0.6402746631709705,1,67.0,0.3359248479987841,5,59.0,0.4884145988309853,1,24.0,0.7882589234400018,8,188.0
1550.0,-2.0,0,0,0,0.0,0.0,33,0,8,581,614,0,153.0,4.636363636363637,8.302825796371451,1,17.0,0.4870116986218074,1,41.0,0.5036744868020304,5,83.0,0.4000686576661023,1,28.0,0.7534902058871493,8,169.0
1555.0,-2.25,0,0,0,0.0,0.0,33,0,9,581,614,0,197.0,5.96969696969697,8.69712084269835,1,22.0,0.0,1,30.0,0.5036383443104201,6,112.0,0.36108751756881174,1,33.0,0.7336893356320173,9,197.0
1560.0,-2.25,0,0,0,0.0,0.0,33,0,9,584,617,0,242.0,7.333333333333333,8.544577734502226,1,27.0,0.63172862715478,1,35.0,0.4830393994372277,6,142.0,0.28659101261894143,1,38.0,0.6394369747396391,9,242.0
1565.0,-2.25,0,0,0,0.0,0.0,29,0,9,589,618,0,287.0,9.89655172413793,7.267415351602067,1,32.0,0.4936152139767887,1,40.0,0.6303945275078989,6,172.0,0.11317839592639531,1,43.0,0.48928020896730867,9,287.0
1570.0,-3.5,0,0,0,0.0,0.0,24,0,14,595,619,0,345.0,14.375,2.7921893722425537,2,41.0,0.003273228724635015,2,47.0,0.32079137020878973,8,206.0,0.11123322256468358,2,51.0,0.06758698040507995,14,345.0
1575.0,-4.5,0,0,0,0.0,0.0,25,0,18,596,621,0,430.0,17.2,2.239088140581492,3,56.0,0.37493037781200855,2,57.0,0.0025532200606872197,8,246.0,0.10422900556408511,5,71.0,0.002065957669233018,18,430.0
1580.0,-2.75,0,0,0,0.0,0.0,24,0,11,598,622,0,127.0,5.291666666666667,3.7724452378918882,1,14.0,0.6627370714281506,2,17.0,0.1963048833230082,3,175.0,0.05016736876447119,5,43.0,0.1371678100820291,11,249.0
1585.0,-2.5,0,0,0,0.0,0.0,25,0,10,598,623,0,148.0,5.92,6.4059023092394405,1,19.0,0.525792376901975,2,28.0,0.5447518555337723,2,102.0,0.34766418372191404,5,69.0,0.3083693345692876,10,218.0
1590.0,-2.75,0,0,0,0.0,0.0,25,0,11,600,625,0,201.0,8.04,6.62193772068142,2,27.0,0.4714134931067255,2,38.0,0.440965895744996,2,44.0,0.3106584555343865,5,94.0,0.42871845558423427,11,203.0
1595.0,-2.75,0,0,0,0.0,0.0,27,0,11,600,627,0,256.0,9.481481481481481,6.9339850865560075,2,37.0,0.4663572021307886,2,47.0,0.4891881180675778,2,54.0,0.3146545245154228,5,118.0,0.34479349222875644,11,256.0
1600.0,-2.75,0,0,0,0.0,0.0,28,0,11,600,628,0,311.0,11.107142857142858,6.605554261328261,2,47.0,0.24251439576237774,2,57.0,0.45977204107799785,2,64.0,0.30409952897113707,5,143.0,0.31946359671050356,11,311.0
1605.0,-3.0,0,0,0,0.0,0.0,28,0,12,601,629,0,371.0,13.25,6.383250085498957,3,62.0,0.24757601759129752,2,67.0,0.31346273138891095,2,74.0,0.3266022954757444,5,168.0,0.16006162424423567,12,371.0
1610.0,-3.25,0,0,0,0.0,0.0,24,0,13,606,630,0,434.0,18.083333333333332,4.88863018873207,3,77.0,0.06275720089328048,3,80.0,0.37746742417908735,2,84.0,0.3066332781699595,5,193.0,0.15543273755126816,13,434.0
1615.0,-3.5,0,0,0,0.0,0.0,20,0,14,610,630,0,503.0,25.15,2.41583538658006,4,96.0,5.132242430679516e-05,3,95.0,0.2054645836161962,2,94.0,0.039665472966311954,5,218.0,0.12493655789733175,14,503.0
1620.0,-4.25,0,0,0,0.0,0.0,20,0,17,611,631,0,581.0,29.05,1.145103953981605,4,116.0,0.18356379734629222,4,113.0,0.0025827888911779456,3,107.0,8.912362324575567e-05,6,245.0,9.895091344838756e-05,17,581.0
1625.0,-0.75,0,0,0,0.0,0.0,22,0,3,612,634,0,23.0,1.0454545454545454,6.389569091615782,0,34.0,0.6273284292796566,1,26.0,0.3712719825432418,1,8.0,0.5421043353872648,1,156.0,0.24320486053978735,3,224.0
1630.0,-0.75,0,0,0,0.0,0.0,23,0,3,612,635,0,38.0,1.6521739130434783,9.83247184574794,0,0.0,0.6407174124688935,1,13.0,0.4801416857335978,1,14.0,0.7003636856800464,1,62.0,0.7296915087538028,3,89.0
1635.0,-1.0,0,0,0,0.0,0.0,24,0,4,612,636,0,58.0,2.4166666666666665,9.709352557943797,1,5.0,0.6191623358034706,1,18.0,0.0,1,19.0,0.5617712126697803,1,18.0,0.6835075499565844,4,60.0
1640.0,-1.25,0,0,0,0.0,0.0,20,0,5,617,637,0,81.0,4.05,8.57493230451393,1,10.0,0.36229922994050245,1,23.0,0.49127366735922745,2,27.0,0.46421859755991646,1,22.0,0.6374952281743347,5,82.0
1645.0,-1.75,0,0,0,0.0,0.0,18,0,7,621,639,0,113.0,6.277777777777778,6.5053993823474965,3,22.0,0.3098178507960209,1,28.0,0.4659074368403071,2,36.0,0.0,1,27.0,0.4613170005018793,7,113.0
1650.0,-2.0,0,0,0,0.0,0.0,19,0,8,622,641,0,153.0,8.052631578947368,6.914326778676512,4,42.0,0.40180691540525476,1,33.0,0.46159072297275294,2,46.0,0.0,1,32.0,0.4904652094135758,8,153.0
1655.0,-2.0,0,0,0,0.0,0.0,21,0,8,623,644,0,193.0,9.19047619047619,7.011548619871896,4,62.0,0.47548990372064037,1,38.0,0.4953203642861963,2,56.0,0.3301025432966882,1,37.0,0.31628120196451015,8,193.0
1660.0,-2.75,0,0,0,0.0,0.0,21,0,11,627,648,0,239.0,11.380952380952381,5.5827391017575625,6,86.0,0.33266192813020823,1,43.0,0.4297370370822373,2,66.0,0.5426616674294569,2,44.0,0.0002900937487425369,11,239.0
1665.0,-3.25,0,0,0,0.0,0.0,23,0,13,628,651,0,300.0,13.043478260869565,3.600729462680075,7,119.0,0.17461318913242665,2,51.0,0.35009484178042016,2,76.0,0.4766745362191059,2,54.0,0.0,13,300.0
1670.0,-2.0,0,0,0,0.0,0.0,25,0,8,628,653,0,56.0,2.24,4.819446799461543,4,87.0,0.24822813952617356,2,10.0,0.4337159273454385,1,4.0,0.411632539276915,1,12.0,0.2843502571038792,8,113.0
1675.0,-1.75,0,0,0,0.0,0.0,28,0,7,628,656,0,77.0,2.75,7.31377428642493,3,55.0,0.4635897371260056,2,21.0,0.4888572290462165,1,9.0,0.4651391741423722,1,18.0,0.6779681972953313,7,103.0
1680.0,-2.25,0,0,0,0.0,0.0,30,0,9,629,659,0,117.0,3.9,7.818878179436241,4,49.0,0.5041906104953905,3,34.0,0.5667053600956686,1,14.0,0.0,1,23.0,0.6782150974224835,9,120.0
1685.0,-2.75,0,0,0,0.0,0.0,33,0,11,630,663,0,169.0,5.121212121212121,8.335426220182695,6,75.0,0.47682656538129814,3,48.0,0.574303975266671,1,19.0,0.4647903154459739,1,27.0,0.5471683860629778,11,169.0
1690.0,-2.75,0,0,0,0.0,0.0,32,0,11,631,663,0,224.0,7.0,7.214677474823517,6,105.0,0.24768930898240155,3,63.0,0.5504526271959087,1,24.0,0.4832336493438002,1,32.0,0.4721155091679946,11,224.0
1695.0,-3.5,0,0,0,0.0,0.0,30,0,14,633,663,0,288.0,9.6,6.307775014475655,8,142.0,0.1015536389350108,4,80.0,0.48591882719882373,1,29.0,0.0,1,37.0,0.49562761484678575,14,288.0
1700.0,-3.5,0,0,0,0.0,0.0,26,0,14,638,664,0,358.0,13.76923076923077,4.992555379632281,8,182.0,0.0,4,100.0,0.39599019931404533,1,34.0,0.0,1,42.0,0.4813129562033111,14,358.0
1705.0,-4.25,0,0,0,0.0,0.0,26,0,17,639,665,0,435.0,16.73076923076923,3.404212775348856,8,222.0,0.0,6,126.0,0.26796386356886465,1,39.0,0.0,2,48.0,0.00017676805463828752,17,435.0
1710.0,-4.75,0,0,0,0.0,0.0,23,0,19,643,666,0,524.0,22.782608695652176,1.6394022704587605,8,262.0,0.10675469435371254,8,160.0,0.0982630866191222,1,44.0,0.0,2,58.0,0.0,19,524.0
1715.0,-2.25,0,0,0,0.0,0.0,24,0,9,644,668,0,127.0,5.291666666666667,4.058312541474863,3,188.0,0.21498725507123118,5,99.0,0.181404814638804,0,0.0,0.7563488810160359,1,11.0,0.3462439071758843,9,298.0
1720.0,-1.25,0,0,0,0.0,0.0,25,0,5,644,669,0,72.0,2.88,7.693204321642204,0,118.0,0.4231734635426231,4,64.0,0.2617403279726059,0,1.0,0.9482789822863221,1,17.0,0.6757151779649606,5,200.0
1725.0,-1.25,0,0,0,0.0,0.0,23,0,5,646,669,0,97.0,4.217391304347826,8.992157966824996,0,26.0,0.5702620070970092,4,76.0,0.0,0,1.0,0.8619710326021796,1,22.0,0.7776828941281714,5,125.0
1730.0,-1.25,0,0,0,0.0,0.0,24,0,5,646,670,0,122.0,5.083333333333333,9.683535197665934,0,0.0,0.9125654274985487,4,96.0,0.0,0,0.0,0.8353446885759289,1,26.0,0.7113879234922408,5,122.0
1735.0,-1.25,0,0,0,0.0,0.0,30,0,5,646,676,0,147.0,4.9,10.113392475763382,0,0.0,0.8705364129770019,4,116.0,0.2,0,0.0,0.8586109289694899,1,31.0,0.4623877302470178,5,147.0
1740.0,-1.25,0,0,0,0.0,0.0,27,0,5,650,677,0,172.0,6.37037037037037,10.224943355884866,0,0.0,0.93707331881595,4,136.0,0.19191008145017158,0,0.0,0.9272329306758246,1,36.0,0.0,5,172.0
1745.0,-1.5,0,0,0,0.0,0.0,26,0,6,654,680,0,198.0,7.615384615384615,8.382258117533821,0,0.0,0.7984639148707482,4,156.0,0.2798485989728466,1,1.0,0.4353429739302473,1,41.0,0.0,6,198.0
1750.0,-3.0,0,0,0,0.0,0.0,22,0,12,660,682,0,245.0,11.136363636363637,5.186664660720958,2,4.0,0.511163945675413,5,178.0,0.1560209436602016,4,17.0,0.27497681901031173,1,46.0,0.0,12,245.0
1755.0,-3.5,0,0,0,0.0,0.0,21,0,14,663,684,0,311.0,14.80952380952381,3.0564536523643318,3,16.0,0.32524944340212797,5,203.0,0.089070537178847,5,41.0,0.248912039619962,1,51.0,0.0,14,311.0
1760.0,-2.0,0,0,0,0.0,0.0,23,0,8,663,686,0,57.0,2.4782608695652173,5.675741398466995,3,17.0,0.3689380604185582,2,110.0,0.25436180961121024,3,35.0,0.3427102942096645,0,0.0,0.633678136100257,8,162.0
1765.0,-2.25,0,0,0,0.0,0.0,25,0,9,663,688,0,98.0,3.92,8.526386744811177,4,33.0,0.31603180040298556,2,26.0,0.5906912746345656,3,40.0,0.34581089225991696,0,1.0,0.9161436650496549,9,100.0
1770.0,-2.5,0,0,0,0.0,0.0,24,0,10,665,689,0,144.0,6.0,7.27020116830463,5,54.0,0.11496078432210181,2,36.0,0.4914869435210829,3,55.0,0.2413299969905869,0,1.0,0.8797770342425315,10,146.0
1775.0,-2.75,0,0,0,0.0,0.0,25,0,11,666,691,0,196.0,7.84,6.938341260963592,6,81.0,0.00014933431469558954,2,45.0,0.4742297779115289,3,70.0,0.22907856229787849,0,0.0,0.8526085387234023,11,196.0
1780.0,-3.0,0,0,0,0.0,0.0,22,0,12,670,692,0,254.0,11.545454545454545,5.592831015837989,6,111.0,0.13359054491708774,3,58.0,0.3167054372616577,3,85.0,0.0,0,0.0,0.9451458976381533,12,254.0
1785.0,-3.25,0,0,0,0.0,0.0,20,0,13,672,692,0,317.0,15.85,3.6857614078027785,6,141.0,0.13360753877184217,4,76.0,0.002633694796965883,3,100.0,0.0,0,0.0,0.9798557731030993,13,317.0
1790.0,-3.5,0,0,0,0.0,0.0,20,0,14,675,695,0,387.0,19.35,3.145238781593652,6,171.0,0.0,5,101.0,0.33585049323906535,3,115.0,0.0,0,0.0,0.7698157903662347,14,387.0
1795.0,-3.75,0,0,0,0.0,0.0,20,0,15,676,696,0,458.0,22.9,3.1952892237873725,6,201.0,0.0,5,126.0,0.41492271217043536,3,130.0,0.2347928854445462,1,1.0,0.005003122330077645,15,458.0
1800.0,-4.25,0,0,0,0.0,0.0,22,0,17,676,698,0,537.0,24.40909090909091,2.366270477743073,6,231.0,0.0,7,155.0,0.17470379296020155,3,145.0,0.38248573576189254,1,6.0,0.0,17,537.0
