step,reward,agent_decisions,shield_interventions,shield_rate,expert_agreements,expert_agreement_rate,sensor_corruption_rate,incident_active,system_total_running,system_total_backlogged,system_total_stopped,system_total_arrived,system_total_departed,system_total_teleported,system_total_waiting_time,system_mean_waiting_time,system_mean_speed,1_stopped,1_accumulated_waiting_time,1_average_speed,2_stopped,2_accumulated_waiting_time,2_average_speed,5_stopped,5_accumulated_waiting_time,5_average_speed,6_stopped,6_accumulated_waiting_time,6_average_speed,agents_total_stopped,agents_total_accumulated_waiting_time
5.0,0.0,4,0,0.0,4,1.0,0.0,0,3,0,0,0,3,0,0.0,0.0,12.422999909874077,0,0.0,0.9547359259934323,0,0.0,1.0,0,0.0,0.9312684692184237,0,0.0,1.0,0,0.0
10.0,0.0,8,0,0.0,8,1.0,0.0,0,7,0,0,0,7,0,0.0,0.0,12.721014866359642,0,0.0,0.9138487927176143,0,0.0,1.0,0,0.0,0.9368876156395936,0,0.0,1.0,0,0.0
15.0,-0.25,12,0,0.0,12,1.0,0.0,0,8,0,1,0,8,0,1.0,0.125,9.500829722013084,1,1.0,0.7626008668838914,0,0.0,1.0,0,0.0,0.5562645809532923,0,0.0,1.0,1,1.0
20.0,-0.5,16,0,0.0,16,1.0,0.0,0,10,0,2,0,10,0,5.0,0.5,5.013011911851165,0,1.0,0.39261383736072086,0,0.0,1.0,2,5.0,0.3323673672808759,0,0.0,1.0,2,6.0
25.0,-0.5,20,0,0.0,20,1.0,0.0,0,13,0,2,0,13,0,8.0,0.6153846153846154,8.711958233277645,2,8.0,0.5328982300538907,0,2.0,0.9098010573769646,0,4.0,0.5711263293916675,0,0.0,1.0,2,14.0
30.0,0.0,24,0,0.0,24,1.0,0.0,0,17,0,0,0,17,0,0.0,0.0,11.899316506560544,0,6.0,0.7902084430030888,0,2.0,0.9497426987451917,0,0.0,0.9709934234696367,0,2.0,0.8977766564155059,0,10.0
35.0,-0.5,28,0,0.0,28,1.0,0.0,0,19,0,2,0,19,0,3.0,0.15789473684210525,9.57553427932145,1,2.0,0.6109234576490497,1,3.0,0.5394894553568561,0,2.0,0.9230716025593665,0,2.0,0.9085175997445788,2,9.0
40.0,-1.25,32,0,0.0,32,1.0,0.0,0,22,0,5,0,22,0,14.0,0.6363636363636364,5.660246724580471,3,12.0,0.4874315670579344,1,4.0,0.12134502696528364,0,2.0,0.8512901559675012,1,3.0,0.4414962404803194,5,21.0
45.0,-1.75,36,0,0.0,36,1.0,0.0,0,23,0,7,0,23,0,41.0,1.7826086956521738,4.929633169942354,5,32.0,0.19849154528050186,2,9.0,0.2342948119501086,0,2.0,0.4173909833319615,0,6.0,0.3922972930131215,7,49.0
50.0,-1.75,40,0,0.0,40,1.0,0.0,0,27,0,7,0,27,0,32.0,1.1851851851851851,6.8320107603458275,5,47.0,0.26763304335592253,0,6.0,0.34105183332112965,2,9.0,0.5664050103513034,0,0.0,0.387613535337787,7,62.0
55.0,-0.5,44,0,0.0,44,1.0,0.0,0,27,0,2,2,29,0,11.0,0.4074074074074074,9.250706217681488,2,39.0,0.41627343096390274,0,2.0,0.9320862454822946,0,6.0,0.608036237618079,0,2.0,0.9790053225298427,2,49.0
60.0,-1.0,48,0,0.0,48,1.0,0.0,0,27,0,4,5,32,0,11.0,0.4074074074074074,8.127998856723666,2,38.0,0.44912077223551367,0,2.0,0.9056580617181761,2,7.0,0.21575658954747573,0,2.0,0.9260620319758656,4,49.0
65.0,-1.5,52,0,0.0,52,1.0,0.0,0,25,0,6,8,33,0,23.0,0.92,4.796203927765486,4,49.0,0.1952558969370783,0,2.0,0.18299281181933194,1,10.0,0.4395055964649405,1,3.0,0.08410691203455045,6,64.0
70.0,-2.0,56,0,0.0,56,1.0,0.0,0,25,0,8,11,36,0,25.0,1.0,5.85856916695144,5,55.0,0.17236370298160572,3,9.0,0.0013731107636217519,0,3.0,0.8617086745475371,0,4.0,0.7114445194569279,8,71.0
75.0,-1.5,60,0,0.0,60,1.0,0.0,0,26,0,6,11,37,0,31.0,1.1923076923076923,7.59983385565017,2,42.0,0.31597063070331627,3,26.0,0.4283110671252702,1,3.0,0.6654865361570665,0,2.0,0.9065167962135232,6,73.0
80.0,-1.0,64,0,0.0,64,1.0,0.0,0,27,0,4,11,38,0,6.0,0.2222222222222222,5.146538636684864,1,31.0,0.20011001557783997,0,22.0,0.5595536850056302,1,3.0,0.26443720870511644,2,5.0,0.24571918379924634,4,61.0
85.0,-1.25,68,0,0.0,68,1.0,0.0,0,31,0,5,12,43,0,24.0,0.7741935483870968,6.434766292850208,3,43.0,0.27440809320826304,0,0.0,0.4140361845111884,2,11.0,0.5470489335056349,0,6.0,0.11683240695561577,5,60.0
90.0,-1.0,72,0,0.0,72,1.0,0.0,0,31,0,4,13,44,0,12.0,0.3870967741935484,7.845534511557877,4,50.0,0.1574015858361759,0,0.0,0.8511226555061062,0,10.0,0.47665186442126817,0,0.0,0.5520046208012277,4,60.0
95.0,-0.25,76,0,0.0,76,1.0,0.0,0,29,0,1,16,45,0,3.0,0.10344827586206896,9.806276543374098,1,28.0,0.38284647138746875,0,2.0,0.8546228676751283,0,0.0,0.3899010531006469,0,2.0,0.9440625912938769,1,32.0
100.0,-0.25,80,0,0.0,80,1.0,0.0,0,26,0,1,23,49,0,3.0,0.11538461538461539,11.808198002022056,1,13.0,0.6121882474084254,0,2.0,0.8704021355616346,0,0.0,0.9778977703399858,0,2.0,0.9497908479830238,1,17.0
105.0,-0.5,84,0,0.0,84,1.0,0.0,0,25,0,2,27,52,0,4.0,0.16,11.033145676776861,1,8.0,0.5809123837981468,1,2.0,0.7373216850424394,0,0.0,0.9467769253357698,0,0.0,0.8984397118661201,2,10.0
110.0,-1.0,88,0,0.0,88,1.0,0.0,0,28,0,4,27,55,0,15.0,0.5357142857142857,9.212840111871603,3,19.0,0.20334512980778927,1,2.0,0.26344347369761245,0,2.0,0.9624503202758631,0,0.0,0.9373954846628814,4,23.0
115.0,-1.5,92,0,0.0,92,1.0,0.0,0,30,0,6,28,58,0,23.0,0.7666666666666667,9.238531381978417,2,25.0,0.26251112959326717,4,14.0,0.2918866486071196,0,2.0,0.9407243210521432,0,2.0,0.936588333428038,6,43.0
120.0,-0.5,96,0,0.0,96,1.0,0.0,0,26,0,2,34,60,0,9.0,0.34615384615384615,9.325314898525447,0,5.0,0.6709303795062307,1,21.0,0.5805083730685789,1,5.0,0.4686333950137095,0,2.0,0.9069932650542143,2,33.0
125.0,0.0,100,0,0.0,100,1.0,0.0,0,28,0,0,35,63,0,0.0,0.0,9.035243978064193,0,5.0,0.6565545251544449,0,8.0,0.5634806620990671,0,2.0,0.1611383308248727,0,2.0,0.6802439769304738,0,17.0
130.0,-1.5,104,0,0.0,104,1.0,0.0,0,27,0,6,37,64,0,24.0,0.8888888888888888,8.677623409151503,2,13.0,0.34597681992364976,2,7.0,0.34791591059525995,1,4.0,0.46056507345739167,1,7.0,0.4811507693192071,6,31.0
135.0,-1.0,108,0,0.0,108,1.0,0.0,0,24,0,4,40,64,0,7.0,0.2916666666666667,6.726325425269262,2,14.0,0.06293938611817494,1,7.0,0.0805449023825278,0,0.0,0.9800879634184083,1,2.0,0.002230130816761294,4,23.0
140.0,-0.75,112,0,0.0,112,1.0,0.0,0,19,0,3,46,65,0,18.0,0.9473684210526315,8.735336611303628,0,6.0,0.4139378725732489,2,13.0,0.47223830062232136,0,0.0,1.0,1,11.0,0.6857922352575393,3,30.0
145.0,-0.25,116,0,0.0,116,1.0,0.0,0,18,0,1,49,67,0,2.0,0.1111111111111111,8.65490721020571,1,8.0,0.44363323832221074,0,10.0,0.5978524944546371,0,0.0,1.0,0,4.0,0.9457105891224542,1,22.0
150.0,-1.25,120,0,0.0,120,1.0,0.0,0,19,0,5,50,69,0,19.0,1.0,6.960477189689553,4,24.0,0.2724669513770569,0,0.0,0.5801723869479318,0,0.0,1.0,1,3.0,0.3291472775847867,5,27.0
155.0,-1.5,124,0,0.0,124,1.0,0.0,0,20,0,6,50,70,0,18.0,0.9,6.134246212256646,4,34.0,0.16527964703810363,1,2.0,0.3368162419630114,0,0.0,0.9051778491440735,1,2.0,0.08771567317389226,6,38.0
160.0,-1.0,128,0,0.0,128,1.0,0.0,0,21,0,4,53,74,0,25.0,1.1904761904761905,8.70763022334911,1,23.0,0.4264056669158062,2,14.0,0.6704227922782149,0,0.0,0.9218486221000652,1,6.0,0.0,4,43.0
165.0,-0.5,132,0,0.0,132,1.0,0.0,0,23,0,2,55,78,0,15.0,0.6521739130434783,8.919568099697237,1,21.0,0.46035589389936016,0,10.0,0.7216477548016601,1,3.0,0.6516270004896,0,0.0,1.0,2,34.0
170.0,-1.25,136,0,0.0,136,1.0,0.0,0,22,0,5,57,79,0,26.0,1.1818181818181819,6.865341089311095,4,33.0,0.23253871481655647,1,2.0,0.47472548809949405,0,0.0,0.7512173982383956,0,0.0,1.0,5,35.0
175.0,-1.0,140,0,0.0,140,1.0,0.0,0,22,0,4,57,79,0,32.0,1.4545454545454546,6.249327905567427,3,45.0,0.18769884118533206,1,6.0,0.08177413546890361,0,0.0,1.0,0,2.0,0.8886570756727064,4,53.0
180.0,-0.75,144,0,0.0,144,1.0,0.0,0,23,0,3,60,83,0,37.0,1.608695652173913,9.811104863536139,1,34.0,0.5210773880298097,2,12.0,0.5280571591295167,0,0.0,0.995038972002953,0,4.0,0.867883247035885,3,50.0
185.0,-0.5,148,0,0.0,148,1.0,0.0,0,24,0,2,62,86,0,36.0,1.5,9.461145022361046,2,43.0,0.43012776938552366,0,9.0,0.7050594115111717,0,0.0,0.9780867082147386,0,2.0,0.8530301464556349,2,54.0
190.0,-1.5,152,0,0.0,152,1.0,0.0,0,26,0,6,62,88,0,59.0,2.269230769230769,7.084365207814768,5,64.0,0.28166524328191545,0,0.0,0.6156915295601255,0,0.0,0.9835120454984474,1,4.0,0.2783386845308504,6,68.0
195.0,-1.5,156,0,0.0,156,1.0,0.0,0,27,0,6,63,90,0,66.0,2.4444444444444446,6.634297404208804,4,78.0,0.25189126232244086,1,2.0,0.013878830567767501,0,0.0,0.9542783652167414,1,6.0,0.29535856393334936,6,86.0
200.0,-1.0,160,0,0.0,160,1.0,0.0,0,26,0,4,67,93,0,77.0,2.9615384615384617,7.422982370225361,2,76.0,0.18860745060313816,2,13.0,0.43419309486736,0,0.0,0.81754613553591,0,1.0,0.6280486177758807,4,90.0
205.0,-0.75,164,0,0.0,164,1.0,0.0,0,26,0,3,69,95,0,7.0,0.2692307692307692,8.213019923428769,2,41.0,0.30037303569396623,0,9.0,0.6692400939919461,0,0.0,0.9332534615379072,1,2.0,0.4823347708001859,3,52.0
210.0,-1.25,168,0,0.0,168,1.0,0.0,0,28,0,5,71,99,0,26.0,0.9285714285714286,8.530283118045027,5,36.0,0.35955756897009283,0,0.0,0.5970594185163792,0,2.0,0.6677659611245828,0,1.0,0.6953842716494861,5,39.0
215.0,-1.5,172,0,0.0,172,1.0,0.0,0,29,0,6,73,102,0,27.0,0.9310344827586207,8.66537565435983,3,42.0,0.33019573162224625,0,0.0,0.9256822184428277,3,11.0,0.5631032895232491,0,0.0,0.8517060297059285,6,53.0
220.0,-1.0,176,0,0.0,176,1.0,0.0,0,28,0,4,75,103,0,8.0,0.2857142857142857,6.863814901451057,1,15.0,0.22550149895960375,0,2.0,0.9198895313240587,3,18.0,0.18644845117981557,0,0.0,1.0,4,35.0
225.0,-1.0,180,0,0.0,180,1.0,0.0,0,25,0,4,80,105,0,13.0,0.52,7.086552725885891,1,13.0,0.3621453180434907,0,2.0,0.687911580740751,3,21.0,0.34582258717357234,0,2.0,0.9011098697798713,4,38.0
230.0,-1.75,184,0,0.0,184,1.0,0.0,0,26,0,7,80,106,0,24.0,0.9230769230769231,6.71340893240361,4,26.0,0.31647003325087825,1,5.0,0.5657554529261777,2,27.0,0.277381671121054,0,2.0,0.9718776058879168,7,60.0
235.0,-1.5,188,0,0.0,188,1.0,0.0,0,25,0,6,82,107,0,31.0,1.24,6.11732073594134,1,24.0,0.34434571345192905,0,0.0,0.02153806624861374,5,34.0,0.14276840258607854,0,0.0,0.9763235345057474,6,58.0
240.0,-2.0,192,0,0.0,192,1.0,0.0,0,24,0,8,83,107,0,36.0,1.5,7.325700683904749,2,13.0,0.37299173194706947,2,10.0,0.543063026466047,4,45.0,0.06263595066270317,0,2.0,0.9804912360665188,8,70.0
245.0,-0.75,196,0,0.0,196,1.0,0.0,0,23,0,3,87,110,0,23.0,1.0,8.453320812973233,2,17.0,0.38362542474823724,0,8.0,0.7235195541795786,1,31.0,0.407113873924987,0,4.0,0.8586851857696206,3,60.0
250.0,-1.0,200,0,0.0,200,1.0,0.0,0,23,0,4,89,112,0,32.0,1.391304347826087,8.082576300824913,3,31.0,0.3709070629991272,0,0.0,0.642895894562459,1,16.0,0.4790090691585709,0,4.0,0.7152086565773347,4,51.0
255.0,-1.25,204,0,0.0,204,1.0,0.0,0,24,0,5,90,114,0,27.0,1.125,8.236646799212414,1,24.0,0.3154460774653455,0,0.0,1.0,3,28.0,0.45682509998406456,1,7.0,0.5318282456807734,5,59.0
260.0,-0.75,208,0,0.0,208,1.0,0.0,0,26,0,3,91,117,0,17.0,0.6538461538461539,8.597016610682278,1,14.0,0.6175222717686448,0,0.0,1.0,1,25.0,0.5274047495986793,1,1.0,0.04928667830735394,3,40.0
265.0,-0.5,212,0,0.0,212,1.0,0.0,0,22,0,2,97,119,0,10.0,0.45454545454545453,8.790218250491625,0,0.0,0.6334803179287581,0,0.0,1.0,0,4.0,0.6767674600150897,2,12.0,0.42808316495268817,2,16.0
270.0,-1.0,216,0,0.0,216,1.0,0.0,0,22,0,4,99,121,0,9.0,0.4090909090909091,7.195857256157794,1,4.0,0.7748732392530788,0,2.0,0.9236987506986724,3,9.0,0.2508024107406214,0,9.0,0.6813498379112188,4,24.0
275.0,-1.75,220,0,0.0,220,1.0,0.0,0,22,0,7,100,122,0,29.0,1.3181818181818181,5.6817069860825695,0,0.0,0.7920733017672082,0,2.0,0.9226689655788547,7,34.0,0.009900695347743863,0,0.0,0.5644193130784647,7,36.0
280.0,-2.25,224,0,0.0,223,0.9955357142857143,0.0,0,22,0,9,100,122,0,53.0,2.409090909090909,6.103460475363594,1,1.0,0.45445023004518337,1,3.0,0.4934232061262179,7,67.0,0.1939615082097115,0,0.0,1.0,9,71.0
285.0,-1.75,228,0,0.0,227,0.9956140350877193,0.0,0,23,0,7,102,125,0,82.0,3.5652173913043477,7.632538219272794,1,6.0,0.7470483749975431,0,0.0,0.3032412334523142,6,85.0,0.36348814200034835,0,0.0,1.0,7,91.0
290.0,-1.75,232,0,0.0,231,0.9956896551724138,0.0,0,21,0,7,105,126,0,62.0,2.9523809523809526,5.877702481188584,2,13.0,0.45195520291691954,0,0.0,0.9469661468837839,5,92.0,0.15366953291885155,0,0.0,1.0,7,105.0
295.0,-1.5,236,0,0.0,235,0.9957627118644068,0.0,0,21,0,6,107,128,0,43.0,2.0476190476190474,6.025184099968903,2,23.0,0.3485353107235503,0,0.0,0.8990692296565155,4,74.0,0.2027395283910911,0,2.0,0.8737919025573471,6,99.0
300.0,-1.5,240,0,0.0,239,0.9958333333333333,0.0,0,21,0,6,110,131,0,49.0,2.3333333333333335,5.638275217840161,4,40.0,0.3091232425274199,0,0.0,0.7350034837862556,2,74.0,0.2800425198702588,0,2.0,0.9059018198062722,6,116.0
305.0,-1.75,244,0,0.0,243,0.9959016393442623,0.0,0,21,0,7,110,131,0,27.0,1.2857142857142858,6.1502468227804945,1,31.0,0.27911911332915657,1,2.0,0.5009363373875104,5,71.0,0.2088924091888265,0,0.0,0.9163615906385684,7,104.0
310.0,-0.75,248,0,0.0,247,0.9959677419354839,0.0,0,24,0,3,110,134,0,15.0,0.625,8.08656239501424,0,8.0,0.6556981643864317,0,2.0,0.8955770167299087,3,67.0,0.09422045670746064,0,0.0,1.0,3,77.0
315.0,-0.75,252,0,0.0,251,0.996031746031746,0.0,0,24,0,3,113,137,0,14.0,0.5833333333333334,9.492356697614587,2,14.0,0.47460878926939004,0,2.0,0.9520240603610393,1,30.0,0.5334436043913008,0,4.0,0.8616028347046113,3,50.0
320.0,-1.25,256,0,0.0,255,0.99609375,0.0,0,22,0,5,116,138,0,23.0,1.0454545454545454,6.972128270504873,3,29.0,0.3613169442322051,1,3.0,0.4901100041734349,1,10.0,0.3402195527406708,0,4.0,0.8412474554824608,5,46.0
325.0,-1.5,260,0,0.0,259,0.9961538461538462,0.0,0,25,0,6,116,141,0,19.0,0.76,5.626115947965424,3,28.0,0.13328654829592768,0,1.0,0.3717684109904053,3,19.0,0.2857255657344609,0,2.0,0.6146714116016255,6,50.0
330.0,-1.25,264,0,0.0,263,0.9962121212121212,0.0,0,27,0,5,116,143,0,18.0,0.6666666666666666,7.723211102140166,1,10.0,0.39821103870895397,0,2.0,0.894055072575742,1,17.0,0.4888475999176072,3,8.0,0.19228495821505703,5,37.0
335.0,-1.0,268,1,0.0037313432835820895,267,0.996268656716418,0.0,0,27,0,4,118,145,0,26.0,0.9629629629629629,7.519834621637936,0,2.0,0.33760549607238804,0,2.0,0.708934555860163,0,4.0,0.6892987642084965,4,30.0,0.3122750505165841,4,38.0
340.0,-2.25,272,1,0.003676470588235294,271,0.9963235294117647,0.0,0,28,0,9,120,148,0,39.0,1.3928571428571428,5.431020544218155,3,11.0,0.23232039762561726,2,8.0,0.32340751378640265,2,9.0,0.42537856868711466,2,36.0,0.4118667761172589,9,64.0
345.0,-2.75,276,1,0.0036231884057971015,275,0.9963768115942029,0.0,0,29,0,11,122,151,0,66.0,2.2758620689655173,4.324750629400627,0,11.0,0.6201266485611427,3,13.0,0.0036674877173995643,5,27.0,0.30928653124650596,3,36.0,0.036353620643683235,11,87.0
350.0,-2.5,280,1,0.0035714285714285713,279,0.9964285714285714,0.0,0,33,0,10,122,155,0,56.0,1.696969696969697,5.665056935896049,0,0.0,0.723796596365685,4,35.0,0.37120791063530423,4,37.0,0.25080093967448075,2,36.0,0.25355518704459534,10,108.0
355.0,-1.0,284,1,0.0035211267605633804,283,0.9964788732394366,0.0,0,35,0,4,123,158,0,21.0,0.6,7.309017184681274,1,4.0,0.49326556507848957,1,34.0,0.4141517031410436,2,27.0,0.3357628732217422,0,12.0,0.7392782188042805,4,77.0
360.0,-1.0,288,1,0.003472222222222222,287,0.9965277777777778,0.0,0,35,0,4,125,160,0,26.0,0.7428571428571429,7.073346882696896,3,15.0,0.13474984999026363,0,12.0,0.29210001842282196,1,20.0,0.350239852134288,0,4.0,0.7719192687509198,4,51.0
365.0,-1.25,292,1,0.003424657534246575,291,0.9965753424657534,0.0,0,35,0,5,127,162,0,22.0,0.6285714285714286,7.227657547267441,3,22.0,0.0510410102883557,0,0.0,0.6768842546941491,1,9.0,0.30095982575063124,1,6.0,0.6830031044736421,5,37.0
370.0,-2.25,296,1,0.0033783783783783786,295,0.9966216216216216,0.0,0,34,2,9,130,164,0,51.0,1.5,5.94297285814506,3,31.0,0.23213531508402466,1,2.0,0.0008302598212695109,4,26.0,0.3011702638187072,1,1.0,0.12599665945600938,9,60.0
375.0,-2.0,300,1,0.0033333333333333335,299,0.9966666666666667,0.0,0,32,0,8,135,167,0,36.0,1.125,5.042508545992116,0,25.0,0.5701531890875369,1,7.0,8.43400879409718e-06,4,38.0,0.21095892637276037,3,12.0,0.0003864981932353077,8,82.0
380.0,-0.5,304,1,0.003289473684210526,303,0.9967105263157895,0.0,0,30,0,2,140,170,0,5.0,0.16666666666666666,5.809420851901806,0,0.0,0.7302490206146217,0,2.0,0.8750247044249964,2,35.0,0.18435349573891532,0,15.0,0.4820205177819192,2,52.0
385.0,-1.0,308,1,0.003246753246753247,307,0.9967532467532467,0.0,0,32,0,4,141,173,0,11.0,0.34375,7.119830317424441,1,4.0,0.6147147271960494,0,2.0,0.898445063830155,3,30.0,0.1626161437199029,0,2.0,0.7101568458797738,4,38.0
390.0,-1.0,312,1,0.003205128205128205,311,0.9967948717948718,0.0,0,35,0,4,141,176,0,15.0,0.42857142857142855,6.973690274867337,2,12.0,0.4956584282981151,0,0.0,0.5911393963274314,2,30.0,0.2252901237925973,0,0.0,0.6153778640552469,4,42.0
395.0,-2.25,316,1,0.0031645569620253164,315,0.9968354430379747,0.0,0,33,1,9,144,177,0,47.0,1.4242424242424243,5.489360132233995,4,27.0,0.152811896242744,1,3.0,0.0,4,40.0,0.20587974544556195,0,0.0,0.6115845682912308,9,70.0
400.0,-1.75,320,1,0.003125,319,0.996875,0.0,0,35,2,7,146,181,0,32.0,0.9142857142857143,5.279008413829448,4,30.0,0.1674343033799294,0,0.0,1.0,3,47.0,0.18942932826981576,0,0.0,1.0,7,77.0
405.0,-1.5,324,1,0.0030864197530864196,323,0.9969135802469136,0.0,0,34,1,6,149,183,0,45.0,1.3235294117647058,5.779786361542769,5,44.0,0.15654894815634718,0,0.0,0.9182624954116988,1,35.0,0.2675149736042084,0,4.0,0.8959075891313318,6,83.0
410.0,-1.0,328,1,0.003048780487804878,327,0.9969512195121951,0.0,0,32,0,4,152,184,0,23.0,0.71875,6.317221897804517,3,48.0,0.05146343979044264,0,0.0,0.9260359344047697,1,14.0,0.28156668507644905,0,4.0,0.9208112300483465,4,66.0
415.0,-0.25,332,1,0.0030120481927710845,331,0.9969879518072289,0.0,0,31,0,1,155,186,0,1.0,0.03225806451612903,7.825105699075009,0,25.0,0.3438933106488668,0,2.0,0.8281970970822401,0,8.0,0.2824975436733014,1,3.0,0.7926038746646403,1,38.0
420.0,-0.5,336,1,0.002976190476190476,335,0.9970238095238095,0.0,0,32,0,2,156,188,0,9.0,0.28125,9.835182505319914,0,0.0,0.997056842749637,0,2.0,0.8631062415892108,2,14.0,0.4581747466322255,0,0.0,0.6731542366946672,2,16.0
425.0,-1.0,340,1,0.0029411764705882353,339,0.9970588235294118,0.0,0,35,0,4,157,192,0,10.0,0.2857142857142857,7.588392708795646,0,0.0,0.7836700486688407,1,3.0,0.5057554605414994,0,9.0,0.5813667860519415,3,9.0,0.3741853565973191,4,21.0
430.0,-2.5,344,1,0.0029069767441860465,343,0.997093023255814,0.0,0,36,0,10,159,195,0,27.0,0.75,4.868829059615862,1,3.0,0.6598220563974692,3,9.0,0.2109380547331558,3,9.0,0.3472408267528903,3,20.0,0.056407279393735715,10,41.0
435.0,-2.5,348,1,0.0028735632183908046,347,0.9971264367816092,0.0,0,40,0,10,160,200,0,57.0,1.425,5.609725325403472,3,12.0,0.49776453245311303,2,18.0,0.31841394849143595,5,30.0,0.20363823072295115,0,16.0,0.15413635781347415,10,76.0
440.0,-3.0,352,1,0.002840909090909091,351,0.9971590909090909,0.0,0,38,0,12,162,200,0,71.0,1.868421052631579,4.714095499708868,2,16.0,0.3563254561851648,2,15.0,0.052724932956268844,8,65.0,0.008132530968581166,0,8.0,0.45905341750633355,12,104.0
445.0,-2.75,356,1,0.0028089887640449437,355,0.9971910112359551,0.0,0,37,0,11,166,203,0,79.0,2.135135135135135,7.1984929417938375,0,6.0,0.5768819918216345,3,21.0,0.4780396595512275,8,92.0,0.11381311920019224,0,2.0,0.7929920011174942,11,121.0
450.0,-0.75,360,1,0.002777777777777778,359,0.9972222222222222,0.0,0,34,0,3,170,204,0,25.0,0.7352941176470589,7.35621917497484,0,2.0,0.31908120145587227,0,20.0,0.6076785867143988,3,86.0,0.1403105466291777,0,4.0,0.8845601198852218,3,112.0
455.0,-1.25,364,1,0.0027472527472527475,363,0.9972527472527473,0.0,0,32,0,5,172,204,0,13.0,0.40625,6.931172902829309,4,14.0,0.00993186276766906,0,2.0,0.4590787631342448,0,54.0,0.307955886535005,1,5.0,0.6250106839093731,5,75.0
460.0,-1.5,368,1,0.002717391304347826,367,0.9972826086956522,0.0,0,29,0,6,175,204,0,19.0,0.6551724137931034,6.019059900907939,2,24.0,0.12445020786186597,3,8.0,0.04382706830223327,0,32.0,0.6770285421689779,1,4.0,0.5334692781910528,6,68.0
465.0,-2.5,372,1,0.002688172043010753,371,0.9973118279569892,0.0,0,30,0,10,177,207,0,56.0,1.8666666666666667,5.771674584227747,1,13.0,0.6660097716370593,6,34.0,0.3135688616404735,0,22.0,0.3732249473808763,3,15.0,0.30721152718896433,10,84.0
470.0,-2.25,376,1,0.0026595744680851063,375,0.9973404255319149,0.0,0,30,0,9,178,208,0,68.0,2.2666666666666666,4.7715202105113645,1,18.0,0.6060562822855987,3,47.0,0.38014313008558653,3,33.0,0.23516106065435272,2,22.0,0.07068724949194156,9,120.0
475.0,-1.0,380,1,0.002631578947368421,379,0.9973684210526316,0.0,0,29,0,4,180,209,0,58.0,2.0,6.240731968681286,1,23.0,0.5130028256203286,2,43.0,0.2980563660925319,0,26.0,0.32195298985395415,1,14.0,0.23311179246279742,4,106.0
480.0,-0.75,384,1,0.0026041666666666665,383,0.9973958333333334,0.0,0,29,0,3,181,210,0,6.0,0.20689655172413793,7.978456409138775,1,2.0,0.40461210454700014,2,33.0,0.12310624015423785,0,0.0,0.7337953214771687,0,5.0,0.6706677421810049,3,40.0
485.0,-1.5,388,1,0.002577319587628866,387,0.9974226804123711,0.0,0,25,0,6,185,210,0,29.0,1.16,8.712159881219762,1,6.0,0.2796856346562513,5,32.0,0.0016837285179971341,0,2.0,0.925100778481416,0,4.0,0.8611935949451915,6,44.0
490.0,-1.0,392,1,0.002551020408163265,391,0.9974489795918368,0.0,0,24,0,4,187,211,0,26.0,1.0833333333333333,8.670032897463079,2,12.0,0.0001364580583743423,2,33.0,0.0715208785416283,0,2.0,0.8980938896792033,0,2.0,0.8639977909646621,4,49.0
495.0,-0.5,396,1,0.0025252525252525255,395,0.9974747474747475,0.0,0,23,0,2,190,213,0,22.0,0.9565217391304348,8.318326257538086,2,22.0,0.3086936976772776,0,15.0,0.4158079663289771,0,2.0,0.7346622307519817,0,2.0,0.1448896447103201,2,41.0
500.0,-1.25,400,1,0.0025,399,0.9975,0.0,0,20,0,5,193,213,0,15.0,0.75,7.77285170756924,0,9.0,0.35519844003447276,0,0.0,1.0,2,7.0,0.31745611257598705,3,12.0,0.23831026356080093,5,28.0
505.0,-0.25,404,1,0.0024752475247524753,403,0.9975247524752475,0.0,0,16,0,1,198,214,0,1.0,0.0625,8.585851816158025,0,0.0,0.9206568986222341,0,2.0,0.7728873143960959,1,6.0,0.13291456739242696,0,12.0,0.40923879699058247,1,20.0
510.0,-0.25,408,1,0.0024509803921568627,407,0.9975490196078431,0.0,0,16,0,1,201,217,0,6.0,0.375,10.578270497214803,0,0.0,0.9713620626396291,0,2.0,0.8014712670542948,1,6.0,0.4626902808131406,0,0.0,0.3058855824824815,1,8.0
515.0,-0.25,412,1,0.0024271844660194173,411,0.9975728155339806,0.0,0,16,0,1,203,219,0,4.0,0.25,9.780823962607688,0,0.0,0.9391433630229894,0,2.0,0.47422616897428327,0,0.0,0.9419589731015621,1,4.0,0.000349799052044191,1,6.0
520.0,-0.75,416,1,0.002403846153846154,415,0.9975961538461539,0.0,0,19,0,3,205,224,0,8.0,0.42105263157894735,9.404331930409201,0,0.0,0.8797473202166979,3,10.0,0.45737389586581334,0,0.0,0.8513591701990796,0,2.0,0.9413427149530407,3,12.0
525.0,-0.5,420,1,0.002380952380952381,419,0.9976190476190476,0.0,0,16,0,2,208,224,0,3.0,0.1875,7.767650838168496,1,2.0,0.42275482057169256,1,11.0,0.43859482142168965,0,0.0,0.8490996284613661,0,2.0,0.9536784285610935,2,15.0
530.0,-0.75,424,1,0.0023584905660377358,423,0.9976415094339622,0.0,0,18,0,3,208,226,0,17.0,0.9444444444444444,7.708875573161304,3,17.0,0.28746523151430825,0,1.0,0.44010182045488727,0,0.0,1.0,0,0.0,0.9817630372672452,3,18.0
535.0,-1.0,428,1,0.002336448598130841,427,0.9976635514018691,0.0,0,20,0,4,209,229,0,22.0,1.1,8.791559544829969,3,27.0,0.3781126111791386,1,3.0,0.4809927196300037,0,0.0,0.9904765738341712,0,0.0,0.9034125733238477,4,30.0
540.0,-1.0,432,1,0.0023148148148148147,431,0.9976851851851852,0.0,0,20,0,4,210,230,0,38.0,1.9,9.131733084055323,4,38.0,0.16514165625996094,0,0.0,0.9478115965094291,0,2.0,0.9231672040445187,0,0.0,0.9348987827370363,4,40.0
545.0,-0.5,436,1,0.0022935779816513763,435,0.9977064220183486,0.0,0,17,0,2,214,231,0,13.0,0.7647058823529411,9.108175920036125,2,39.0,0.06370513089396194,0,0.0,0.9481972600669321,0,2.0,0.9083962392390804,0,2.0,0.955689582426059,2,43.0
550.0,0.0,440,1,0.0022727272727272726,439,0.9977272727272727,0.0,0,17,0,0,216,233,0,0.0,0.0,9.784667141979149,0,16.0,0.5033167942433163,0,2.0,0.9142970108173394,0,2.0,0.343311593732571,0,2.0,0.9309721771009383,0,22.0
555.0,-0.5,444,1,0.0022522522522522522,443,0.9977477477477478,0.0,0,17,0,2,218,235,0,9.0,0.5294117647058824,10.293359281714501,0,0.0,0.9440308193771687,0,2.0,0.9429536021199271,2,11.0,0.484685390519344,0,2.0,0.5788819098842242,2,15.0
560.0,-0.5,448,1,0.002232142857142857,447,0.9977678571428571,0.0,0,18,0,2,218,236,0,8.0,0.4444444444444444,8.350109782041981,0,0.0,0.917877145584153,0,2.0,0.5278561393149844,0,7.0,0.5848027863578733,2,10.0,0.34239957606546423,2,19.0
565.0,-1.0,452,1,0.0022123893805309734,451,0.9977876106194691,0.0,0,20,0,4,219,239,0,10.0,0.5,6.38530622261989,1,2.0,0.47264741513059183,3,10.0,0.11785616364874675,0,0.0,0.6871957849319755,0,8.0,0.41057507593921533,4,20.0
570.0,-2.75,456,1,0.0021929824561403508,455,0.9978070175438597,0.0,0,20,0,11,220,240,0,49.0,2.45,5.432551030377089,3,13.0,0.3646539846221053,6,33.0,0.0010219937477448779,1,4.0,0.5419374386139445,1,1.0,0.0020946959494321797,11,51.0
575.0,-2.0,460,1,0.002173913043478261,459,0.9978260869565218,0.0,0,19,0,8,222,241,0,63.0,3.3157894736842106,5.048733536869764,3,28.0,0.4658547611866403,3,44.0,0.057077748066468245,2,12.0,0.0913303423850312,0,0.0,1.0,8,84.0
580.0,-2.0,464,1,0.0021551724137931034,463,0.9978448275862069,0.0,0,18,0,8,224,242,0,71.0,3.9444444444444446,5.368517344974336,5,45.0,0.18037730090961282,0,26.0,0.43045704832391696,3,26.0,4.8227171030913215e-06,0,0.0,1.0,8,97.0
585.0,-0.75,468,1,0.002136752136752137,467,0.9978632478632479,0.0,0,19,0,3,225,244,0,15.0,0.7894736842105263,7.7365559011081775,3,48.0,0.380218429714243,0,0.0,1.0,0,19.0,0.15483400105567968,0,0.0,1.0,3,67.0
590.0,-0.25,472,1,0.00211864406779661,471,0.9978813559322034,0.0,0,17,0,1,228,245,0,11.0,0.6470588235294118,9.83872597605151,1,21.0,0.4242721004734227,0,2.0,0.8911561409130333,0,0.0,0.929284537254053,0,2.0,0.8050315406635743,1,25.0
595.0,0.0,476,1,0.0021008403361344537,475,0.9978991596638656,0.0,0,18,0,0,230,248,0,0.0,0.0,10.082274783921106,0,5.0,0.3435447327392561,0,2.0,0.8788533789671036,0,0.0,0.946295241508992,0,2.0,0.9255755441742789,0,9.0
600.0,-0.5,480,1,0.0020833333333333333,479,0.9979166666666667,0.0,0,18,0,2,232,250,0,8.0,0.4444444444444444,11.012781295283027,2,12.0,0.4860315891841942,0,0.0,0.8380206944198276,0,2.0,0.8275795327091545,0,0.0,0.9791333549885876,2,14.0
