step,reward,unseen_states,system_total_running,system_total_backlogged,system_total_stopped,system_total_arrived,system_total_departed,system_total_teleported,system_total_waiting_time,system_mean_waiting_time,system_mean_speed,1_stopped,1_accumulated_waiting_time,1_average_speed,2_stopped,2_accumulated_waiting_time,2_average_speed,5_stopped,5_accumulated_waiting_time,5_average_speed,6_stopped,6_accumulated_waiting_time,6_average_speed,agents_total_stopped,agents_total_accumulated_waiting_time
5.0,0.0,0,3,0,0,0,3,0,0.0,0.0,11.879117550961851,0,0.0,0.8910867608860031,0,0.0,0.9098863837673995,0,0.0,1.0,0,0.0,1.0,0,0.0
10.0,0.0,0,5,0,0,0,5,0,0.0,0.0,13.663461004132733,0,0.0,0.8937333409985566,0,0.0,0.9929357203898248,0,0.0,1.0,0,0.0,1.0,0,0.0
15.0,0.0,0,8,0,0,0,8,0,0.0,0.0,11.673631152989667,0,0.0,0.8525439851590269,0,0.0,0.4964684584573508,0,0.0,0.9648977208268015,0,0.0,1.0,0,0.0
20.0,-0.02,0,12,0,3,0,12,0,8.0,0.6666666666666666,8.989379114925773,1,4.0,0.506427573854328,2,4.0,0.4698332466950926,0,0.0,0.9442390011461796,0,0.0,0.9652171491734544,3,8.0
25.0,0.0025000000000000005,0,16,0,0,0,16,0,0.0,0.0,9.49895662141239,0,3.0,0.45915411678417256,0,4.0,0.6709748910865921,0,0.0,0.9319096540811371,0,0.0,0.9643374447588717,0,7.0
30.0,-0.0025000000000000005,0,19,0,1,0,19,0,4.0,0.21052631578947367,10.504588323440666,1,4.0,0.6602707336178566,0,0.0,0.9087831951095868,0,2.0,0.8018630057139927,0,2.0,0.6059945046496782,1,8.0
35.0,-0.0025000000000000005,0,23,0,2,0,23,0,5.0,0.21739130434782608,9.935762688251646,0,0.0,0.9471469163123243,0,0.0,0.943100121809783,0,2.0,0.6302016391503251,2,7.0,0.6081369080452348,2,9.0
40.0,-0.042499999999999996,0,26,0,4,0,26,0,19.0,0.7307692307692307,7.838227489710966,1,2.0,0.6201602013029636,0,2.0,0.7028961781609804,1,4.0,0.45446263841344325,2,18.0,0.4543487022085972,4,26.0
45.0,-0.02250000000000001,0,29,0,3,0,29,0,26.0,0.896551724137931,6.424041106919109,0,1.0,0.5556866035782435,0,2.0,0.6092096494634096,1,4.0,0.26700343763507894,2,28.0,0.3868886661675316,3,35.0
50.0,-0.05749999999999999,0,30,0,7,0,30,0,50.0,1.6666666666666667,7.679497132218774,1,5.0,0.7358183088246406,1,3.0,0.5068515212894446,1,8.0,0.47299894451124685,4,42.0,0.28438088958511387,7,58.0
55.0,0.022500000000000003,0,33,0,5,0,33,0,14.0,0.42424242424242425,8.11547675960796,1,1.0,0.5572477955593184,1,3.0,0.3687095487886108,0,4.0,0.6700224193842711,3,41.0,0.34299395771359303,5,49.0
60.0,0.027499999999999993,0,31,0,4,4,35,0,16.0,0.5161290322580645,8.512663988359067,2,8.0,0.3992438964772418,1,9.0,0.48630695788060985,0,2.0,0.6986710648922295,1,19.0,0.40096960650167396,4,38.0
65.0,0.010000000000000002,0,29,0,2,8,37,0,4.0,0.13793103448275862,7.054015875380691,0,8.0,0.4445420732644608,0,5.0,0.7585985915131892,0,0.0,0.4146280629830061,2,21.0,0.17335858468785265,2,34.0
70.0,-0.0575,0,26,0,8,13,39,0,35.0,1.3461538461538463,7.673040326557919,1,5.0,0.6788365926537191,1,4.0,0.00013814109903381697,2,11.0,0.6240712650673168,4,37.0,0.32501858941948814,8,57.0
75.0,0.014999999999999996,0,27,0,3,13,40,0,14.0,0.5185185185185185,7.996261477540795,1,2.0,0.6030187955678578,0,0.0,1.0,0,9.0,0.5796450937852305,2,40.0,0.40273434615377074,3,51.0
80.0,0.0425,0,31,1,3,15,46,0,11.0,0.3548387096774194,9.693064805598018,1,7.0,0.7321792752520493,0,2.0,0.9210390976956416,1,4.0,0.2518109514932935,1,21.0,0.6058290518773749,3,34.0
85.0,-0.002499999999999997,0,32,0,2,19,51,0,13.0,0.40625,9.334454951695395,1,12.0,0.7409802852162112,0,2.0,0.9141339830741663,0,0.0,0.14860397608549725,1,21.0,0.4796596009987555,2,35.0
90.0,-0.04000000000000001,1,30,0,6,22,52,0,32.0,1.0666666666666667,8.053210261851813,1,17.0,0.6108126096893827,1,3.0,0.4580686290254297,0,0.0,1.0,4,31.0,0.22626347391063975,6,51.0
95.0,-0.04,2,31,0,7,23,54,0,42.0,1.3548387096774193,6.896059057942801,4,32.0,0.36562008056899264,0,3.0,0.4940378150961093,0,0.0,1.0,3,32.0,0.19413711921716517,7,67.0
100.0,0.055,2,30,0,4,26,56,0,16.0,0.5333333333333333,7.989107269619197,4,32.0,0.32033281477758263,0,0.0,0.5882740913690361,0,0.0,1.0,0,13.0,0.3478099775353821,4,45.0
105.0,0.030000000000000006,2,28,0,4,29,57,0,14.0,0.5,9.461461820339796,3,29.0,0.3100297208450435,0,0.0,0.5978008692172654,0,2.0,0.9615955291301019,1,2.0,8.184091216109782e-05,4,33.0
110.0,-0.012499999999999997,2,28,0,4,33,61,0,7.0,0.25,7.696686741146719,3,35.0,0.36589196656158124,1,1.0,0.32403489312578077,0,2.0,0.7154352876036386,0,0.0,1.0,4,38.0
115.0,-0.0325,2,24,0,5,38,62,0,24.0,1.0,6.696580892631204,3,37.0,0.3878674647315417,2,12.0,0.5703200597764554,0,2.0,0.11563321269748057,0,0.0,1.0,5,51.0
120.0,-0.012499999999999997,2,24,0,5,41,65,0,13.0,0.5416666666666666,6.0631667896582515,2,36.0,0.341752573393691,0,9.0,0.6434599084069347,3,11.0,0.00012172283048967124,0,0.0,0.8122611160850955,5,56.0
125.0,0.03249999999999999,2,27,0,6,42,69,0,24.0,0.8888888888888888,7.280577649865483,5,26.0,0.15451160507059344,1,4.0,0.6902255853613181,0,13.0,0.6463291541250153,0,0.0,0.9793609313314318,6,43.0
130.0,-3.469446951953614e-18,2,32,0,7,42,74,0,23.0,0.71875,8.840961887173837,6,40.0,0.29616858886220226,1,1.0,0.49022832233763564,0,2.0,0.9418548753208457,0,0.0,1.0,7,43.0
135.0,-0.017499999999999998,2,32,0,3,45,77,0,21.0,0.65625,8.938163197566418,2,38.0,0.41220145368899475,1,8.0,0.6980046297564568,0,2.0,0.4888601552691183,0,2.0,0.8698406043101284,3,50.0
140.0,0.0275,2,29,0,4,49,78,0,8.0,0.27586206896551724,7.60563490780929,0,25.0,0.3064768733298513,1,3.0,0.6910189487978862,3,9.0,0.24716573172879036,0,2.0,0.9135949513533472,4,39.0
145.0,-0.0175,2,29,0,4,50,79,0,16.0,0.5517241379310345,6.578583499338839,3,26.0,0.1907889989543569,1,6.0,0.5580905206498269,0,12.0,0.4451379975125608,0,2.0,0.5224898699005083,4,46.0
150.0,-0.01750000000000001,2,30,0,8,50,80,0,29.0,0.9666666666666667,6.788205026019117,3,28.0,0.27779338283725347,3,16.0,0.0015049379252782492,1,7.0,0.6909578224605617,1,2.0,0.31591055241488536,8,53.0
155.0,0.04000000000000001,2,31,0,3,52,83,0,8.0,0.25806451612903225,8.046147871198144,1,14.0,0.49420325680881844,0,14.0,0.6193037396914148,0,2.0,0.2778320392949767,2,7.0,0.0013398975757981165,3,37.0
160.0,0.01500000000000001,2,26,0,5,58,84,0,16.0,0.6153846153846154,9.11318999552098,2,10.0,0.500014399576991,0,2.0,0.89863176038518,3,11.0,0.0017853298299867375,0,8.0,0.7536922738456796,5,31.0
165.0,0.015,2,24,0,1,61,85,0,3.0,0.125,8.28901817826526,0,7.0,0.41486357781670247,1,3.0,0.6946071429144461,0,11.0,0.15504739435700168,0,4.0,0.8515198195976643,1,25.0
170.0,0.007499999999999999,2,24,0,3,62,86,0,15.0,0.625,9.621373457439638,2,10.0,0.32195312547140653,1,8.0,0.5307534879349612,0,2.0,0.9510892664416257,0,2.0,0.57450501265955,3,22.0
175.0,-0.022500000000000003,2,26,0,3,64,90,0,22.0,0.8461538461538461,10.035667601207063,0,5.0,0.6340411377427173,2,17.0,0.45006375758406153,0,2.0,0.9071107909488981,1,7.0,0.0,3,31.0
180.0,0.030000000000000006,2,25,0,2,68,93,0,7.0,0.28,9.052874731434947,1,4.0,0.6354240534603441,0,10.0,0.6952261359296257,1,5.0,0.4373787693291793,0,0.0,1.0,2,19.0
185.0,0.030000000000000002,2,21,0,1,74,95,0,1.0,0.047619047619047616,8.889492830062547,1,1.0,0.5301601181696632,0,2.0,0.6558466873601706,0,2.0,0.597061465598226,0,2.0,0.9177488905762927,1,7.0
190.0,-0.009999999999999998,2,21,0,2,76,97,0,7.0,0.3333333333333333,9.768835314248218,1,6.0,0.6366539641232545,1,1.0,0.031859487398432966,0,2.0,0.7849164399162868,0,2.0,0.8840164550189672,2,11.0
195.0,-0.007500000000000001,2,25,0,3,77,102,0,12.0,0.48,9.097530240998015,0,0.0,0.810383804982798,3,12.0,0.22911723551226518,0,2.0,0.6000152212848959,0,0.0,0.858124731531844,3,14.0
200.0,-0.02,2,26,0,2,79,105,0,4.0,0.15384615384615385,9.628104716873578,0,0.0,0.9676280936747312,0,15.0,0.614392453474563,1,4.0,0.5426265046116895,1,3.0,0.6486913618961263,2,22.0
205.0,0.010000000000000002,2,23,0,2,83,106,0,10.0,0.43478260869565216,9.589706261467464,0,0.0,0.8428822010882905,0,2.0,0.8941706316434098,1,6.0,0.3739006820981688,1,10.0,0.7536190768400581,2,18.0
210.0,-0.030000000000000006,2,22,0,5,84,106,0,28.0,1.2727272727272727,8.350074665166433,1,2.0,0.47286171960463846,0,0.0,0.7151391017454437,3,14.0,0.20977571420406407,1,14.0,0.7412482034232606,5,30.0
215.0,0.020000000000000004,2,26,0,2,84,110,0,5.0,0.19230769230769232,7.413837495603364,0,2.0,0.486283715252226,0,0.0,1.0,1,17.0,0.54434595914091,1,3.0,0.15363097900694223,2,22.0
220.0,0.0175,2,23,0,2,87,110,0,7.0,0.30434782608695654,10.27818599389911,0,0.0,0.7907383619685037,0,2.0,0.9543101993282695,1,5.0,0.6075336266373322,1,8.0,0.5369276873389552,2,15.0
225.0,-0.0375,2,20,0,5,91,111,0,22.0,1.1,7.849475393477374,1,3.0,0.22793170435929735,0,2.0,0.9142752520330385,1,6.0,0.4901451407767672,3,19.0,0.43457668518217824,5,30.0
230.0,-0.0875,2,23,0,9,93,116,0,59.0,2.5652173913043477,6.457994941096747,2,11.0,0.5656952460237659,0,0.0,0.9830187531179132,3,18.0,0.522552049771816,4,36.0,0.07271105798397505,9,65.0
235.0,0.014999999999999996,2,23,0,4,94,117,0,30.0,1.3043478260869565,6.604742437463633,0,6.0,0.7531350831099551,0,0.0,0.9396444925152464,1,17.0,0.3512193141863826,3,36.0,0.05334010896014627,4,59.0
240.0,0.024999999999999994,2,26,0,4,95,121,0,41.0,1.5769230769230769,9.461112782486229,1,1.0,0.6546777486026851,0,2.0,0.9449718426644972,1,7.0,0.5283971088292303,2,39.0,0.5284511911068649,4,49.0
245.0,-0.002499999999999992,2,24,0,2,97,121,0,46.0,1.9166666666666667,9.861890719981991,0,0.0,0.6148507281659031,0,2.0,0.9304916688177184,0,0.0,0.48927698566567923,2,48.0,0.620098746931912,2,50.0
250.0,-0.03750000000000002,2,23,0,4,100,123,0,63.0,2.739130434782609,8.95969645500722,0,0.0,1.0,0,0.0,0.6041710276418528,2,9.0,0.5713782737074377,2,56.0,0.5381586679377492,4,65.0
255.0,0.04500000000000001,2,24,0,3,102,126,0,6.0,0.25,9.11040482188455,0,0.0,0.94484535306847,1,3.0,0.46347599512167836,1,13.0,0.5934382729395244,1,31.0,0.2944190423790907,3,47.0
260.0,0.08499999999999999,2,22,0,2,104,126,0,7.0,0.3181818181818182,9.25812433692105,0,0.0,0.9391973906213498,0,0.0,0.9223024932187058,1,5.0,0.38269840300120656,1,8.0,0.6217113875621205,2,13.0
265.0,-0.004999999999999999,2,19,0,3,108,127,0,7.0,0.3684210526315789,8.531565303851869,0,0.0,0.9231927545027593,0,0.0,0.9656400766011197,3,11.0,0.0747850459581986,0,4.0,0.8703974976244219,3,15.0
270.0,-0.03750000000000001,2,19,0,4,111,130,0,26.0,1.368421052631579,10.402267746504629,0,0.0,0.9958949408917976,0,0.0,1.0,4,28.0,0.1904081486483539,0,2.0,0.9585697939322569,4,30.0
275.0,-0.004999999999999988,2,21,0,2,112,133,0,12.0,0.5714285714285714,10.169556808844572,0,0.0,0.8643815368821993,0,0.0,0.9434177477847683,1,29.0,0.45910178035418525,1,3.0,0.49860121199657575,2,32.0
280.0,0.032499999999999994,2,17,0,1,116,133,0,8.0,0.47058823529411764,10.062406440894835,0,0.0,0.9059436737863676,0,0.0,0.9434973268143974,0,9.0,0.44236096911882383,1,10.0,0.6525091310730201,1,19.0
285.0,0.03,2,15,0,3,120,135,0,5.0,0.3333333333333333,7.891017341336778,2,4.0,0.0006327489691159158,0,0.0,0.8120679964205779,1,1.0,0.342408592758519,0,2.0,0.9210190505007101,3,7.0
290.0,-0.05000000000000001,2,19,0,5,120,139,0,27.0,1.4210526315789473,8.219797439577244,2,14.0,0.328982828868003,0,0.0,0.6042804738475823,3,13.0,0.4821903754511743,0,0.0,0.9282877116925154,5,27.0
295.0,0.0025000000000000066,2,19,0,2,121,140,0,3.0,0.15789473684210525,8.64545108741161,0,9.0,0.5228137679503332,1,2.0,0.0024562072903515065,1,15.0,0.5043944938289578,0,0.0,1.0,2,26.0
300.0,0.0525,2,22,0,0,122,144,0,0.0,0.0,10.286149443045005,0,0.0,0.8480261095436731,0,2.0,0.8676069647664426,0,1.0,0.4646126057759085,0,2.0,0.8766622371300968,0,5.0
305.0,-0.005,2,20,0,1,127,147,0,1.0,0.05,10.420046621307003,0,0.0,0.949206332259666,0,2.0,0.8987097479985007,1,1.0,0.3651396143932354,0,4.0,0.9310204730410548,1,7.0
310.0,-0.0275,2,20,0,4,128,148,0,16.0,0.8,7.769266782175736,0,0.0,0.7269997475008402,0,0.0,0.46937424975137537,4,16.0,0.3041451825355952,0,2.0,0.7705103148883022,4,18.0
315.0,-0.037500000000000006,2,24,0,4,128,152,0,16.0,0.6666666666666666,7.924943002117234,0,0.0,0.6548179922571177,1,5.0,0.664588203826596,2,25.0,0.3653149440765706,1,3.0,0.0018186353958992514,4,33.0
320.0,0.045000000000000005,2,27,0,1,128,155,0,1.0,0.037037037037037035,9.572105667526902,1,1.0,0.7550367725292608,0,1.0,0.7507902433748063,0,11.0,0.43187615419555014,0,2.0,0.9026437698817246,1,15.0
325.0,0.015,2,24,0,0,133,157,0,0.0,0.0,10.090815732547439,0,0.0,0.7004533861536743,0,1.0,0.8221740483308693,0,4.0,0.39436008808709117,0,4.0,0.8570058048766718,0,9.0
330.0,-0.017499999999999998,2,24,0,3,134,158,0,8.0,0.3333333333333333,9.524223280012812,2,4.0,0.4741898143184085,0,0.0,0.8926463608722474,1,10.0,0.32235875837910805,0,2.0,0.7600760100169397,3,16.0
335.0,0.010000000000000002,2,27,0,1,135,162,0,2.0,0.07407407407407407,8.948222405125177,0,4.0,0.5271998546184012,0,0.0,0.6852666555755111,0,4.0,0.7767975622144204,1,4.0,0.2580085157122712,1,12.0
340.0,-0.0024999999999999988,2,31,0,2,137,168,0,4.0,0.12903225806451613,9.9887686804995,1,3.0,0.7715033203742718,0,2.0,0.8822894591589736,0,2.0,0.6825915133822514,1,6.0,0.4199721651700001,2,13.0
345.0,0.02,2,29,0,0,141,170,0,0.0,0.0,10.142631047846892,0,0.0,0.6511711018163873,0,2.0,0.8539915758624943,0,0.0,0.5838120727233485,0,3.0,0.8571267317254129,0,5.0
350.0,-0.0325,2,27,0,5,144,171,0,13.0,0.48148148148148145,7.988019336892866,2,5.0,0.4747436818258395,0,0.0,0.46926275992041633,2,8.0,0.6445875306946757,1,5.0,0.432713146675399,5,18.0
355.0,-0.05,2,25,0,6,146,171,0,24.0,0.96,5.799176720417091,0,5.0,0.6031116058742335,2,7.0,0.29988496523647323,0,6.0,0.47894123012089906,4,20.0,0.0673908697174893,6,38.0
360.0,-0.0375,2,24,0,7,148,172,0,35.0,1.4583333333333333,6.454039049494085,2,4.0,0.32424454133915176,0,7.0,0.6420209020038082,1,5.0,0.2220524536435947,4,37.0,0.3764520909366024,7,53.0
365.0,-0.027500000000000007,2,25,0,4,151,176,0,48.0,1.92,8.804811036275202,0,4.0,0.6867123028492372,0,2.0,0.8093710823528779,0,5.0,0.43360825747628023,4,53.0,0.5375554115778913,4,64.0
370.0,-0.022499999999999985,2,28,0,4,151,179,0,68.0,2.4285714285714284,9.699955976817957,0,0.0,0.8281045687219826,0,0.0,0.7834575653380937,0,2.0,0.8895262807993856,4,71.0,0.3338750343834662,4,73.0
375.0,0.014999999999999986,2,26,0,3,154,180,0,24.0,0.9230769230769231,8.027169730947318,0,0.0,0.948914821402051,0,0.0,0.23425852551636517,0,2.0,0.8676281953166733,3,65.0,0.1678084818976612,3,67.0
380.0,0.060000000000000005,2,26,0,3,157,183,0,10.0,0.38461538461538464,8.325824625016198,0,0.0,0.7720740581716133,0,2.0,0.5907677649506218,1,4.0,0.11550955508130085,2,37.0,0.35830935522221546,3,43.0
385.0,-0.007499999999999997,2,24,0,2,161,185,0,5.0,0.20833333333333334,8.402692702359523,0,0.0,0.9569834441175864,0,0.0,0.8187768017970735,0,4.0,0.445028843791843,2,42.0,0.39216664974484916,2,46.0
390.0,-0.010000000000000004,2,24,0,3,163,187,0,19.0,0.7916666666666666,9.34192700619345,0,0.0,0.7438004789827093,0,0.0,0.6149500598855862,0,0.0,0.9452607333378836,3,50.0,0.45282610728208156,3,50.0
395.0,-0.055000000000000014,2,24,0,6,164,188,0,41.0,1.7083333333333333,7.305208638003433,0,0.0,0.7098024400359669,2,4.0,0.0015720768462282322,0,0.0,0.9513894141521226,4,68.0,0.10812637298451937,6,72.0
400.0,0.025,2,23,0,4,168,191,0,18.0,0.782608695652174,8.18773686709206,0,0.0,0.8947493176252713,0,5.0,0.7992847958591185,1,2.0,0.4733879094653034,3,55.0,0.20296558500279718,4,62.0
405.0,0.09500000000000001,2,23,0,0,172,195,0,0.0,0.0,10.161362090507584,0,0.0,0.7853566523884882,0,1.0,0.9292968137916072,0,0.0,0.6443430507592229,0,23.0,0.6148623672002915,0,24.0
410.0,0.04,2,23,0,2,172,195,0,6.0,0.2608695652173913,10.499136865462107,1,3.0,0.7523164098447185,0,0.0,0.8136388497245207,0,0.0,0.9843315442180978,1,5.0,0.6327687264831591,2,8.0
415.0,0.01,2,23,0,1,173,196,0,2.0,0.08695652173913043,8.37714231551792,0,0.0,0.2431911226100976,0,0.0,0.16460490164280792,0,0.0,0.9363377003159356,1,4.0,0.3629356833315473,1,4.0
420.0,-0.0525,2,22,0,4,177,199,0,20.0,0.9090909090909091,9.60727949612422,2,9.0,0.3100206113921997,0,3.0,0.7662639153539776,0,0.0,0.9376276051974403,2,13.0,0.3091118179262288,4,25.0
425.0,0.017499999999999998,2,16,0,0,183,199,0,0.0,0.0,9.739569389843204,0,7.0,0.5833367912152573,0,2.0,0.9296758164013291,0,0.0,0.7424424635012601,0,9.0,0.6309872589161232,0,18.0
430.0,0.02,2,15,0,2,185,200,0,6.0,0.4,9.381613060721257,0,0.0,1.0,0,0.0,0.009612420141910721,1,5.0,0.6467897167100947,1,5.0,0.5962462757098244,2,10.0
435.0,8.673617379884035e-19,2,17,0,1,185,202,0,5.0,0.29411764705882354,8.917041350898236,0,0.0,0.9071961815063528,1,5.0,0.0,0,3.0,0.8193313941580723,0,2.0,0.05307941997013793,1,10.0
440.0,-0.012499999999999997,2,16,0,3,188,204,0,9.0,0.5625,8.351366216832433,0,0.0,0.9472864239075598,0,0.0,1.0,1,3.0,0.4705568680489153,2,12.0,0.5209676920537247,3,15.0
445.0,0.0049999999999999975,2,16,0,0,190,206,0,0.0,0.0,9.422065754222814,0,0.0,0.689094587450489,0,0.0,1.0,0,3.0,0.5363293956624271,0,10.0,0.7620456879994054,0,13.0
450.0,0.005000000000000001,2,19,0,3,191,210,0,9.0,0.47368421052631576,9.570477592815132,1,4.0,0.714359738380059,0,0.0,0.9759098776435258,1,3.0,0.31019010993579216,1,4.0,0.3964967780650159,3,11.0
455.0,0.0175,2,21,0,0,191,212,0,0.0,0.0,10.074725067472704,0,0.0,0.829954481683728,0,0.0,0.9207708076087567,0,3.0,0.5935438636285648,0,1.0,0.23468393983586794,0,4.0
460.0,-0.01,2,21,0,1,194,215,0,4.0,0.19047619047619047,10.90455122931834,1,4.0,0.5924607249236076,0,2.0,0.9324876802679979,0,0.0,0.5265937971349745,0,2.0,0.7946340286293485,1,8.0
465.0,0.0075,2,20,0,0,197,217,0,0.0,0.0,11.285833980734774,0,1.0,0.6686831137678553,0,2.0,0.9450472953061357,0,0.0,0.9818387491179454,0,2.0,0.8998553532412888,0,5.0
470.0,0.0024999999999999996,2,21,0,0,198,219,0,0.0,0.0,9.48059191508818,0,0.0,0.6491004152580406,0,0.0,0.6550955705204835,0,2.0,0.7082129754851821,0,2.0,0.5982069811808695,0,4.0
475.0,-0.02,2,21,0,3,200,221,0,8.0,0.38095238095238093,9.337847788945608,0,0.0,0.5466895438999141,1,3.0,0.493603485023431,0,2.0,0.8617499862883673,2,7.0,0.00013383265080340605,3,12.0
480.0,-0.009999999999999998,2,20,0,2,201,221,0,5.0,0.25,8.657350872472433,1,3.0,0.4946954391967563,0,4.0,0.6491940651540984,1,4.0,0.3994886597433137,0,5.0,0.5662524665591786,2,16.0
485.0,0.02,2,16,0,1,206,222,0,1.0,0.0625,8.845528851472984,1,1.0,0.4614184666577678,0,2.0,0.9952692976869304,0,2.0,0.33359160339393373,0,3.0,0.9152914879668294,1,8.0
490.0,-0.0175,2,15,0,3,207,222,0,10.0,0.6666666666666666,9.520687756189732,1,6.0,0.45411270488502736,0,0.0,1.0,1,4.0,0.4901079641219887,1,5.0,0.7052773872675177,3,15.0
495.0,0.0125,2,19,0,1,208,227,0,7.0,0.3684210526315789,10.892482877025612,0,0.0,0.8748132407149007,0,0.0,1.0,0,2.0,0.9418626771369387,1,8.0,0.5672052330754028,1,10.0
500.0,-0.0024999999999999988,2,21,0,3,210,231,0,5.0,0.23809523809523808,9.646712229510149,1,2.0,0.789389469538579,0,2.0,0.9160477784272711,1,4.0,0.6673885602588421,1,3.0,0.3341847074346778,3,11.0
505.0,-0.0125,2,19,0,3,214,233,0,12.0,0.631578947368421,9.298864805027485,1,1.0,0.6038922452399541,0,2.0,0.9642639689068501,0,0.0,0.8811935124498996,2,13.0,0.32210873916488764,3,16.0
510.0,-0.017499999999999998,2,23,0,4,215,238,0,11.0,0.4782608695652174,8.296514522150648,2,8.0,0.540418501845145,0,0.0,0.7483402102688177,1,4.0,0.5750644327089932,1,11.0,0.10835865767420819,4,23.0
515.0,-0.010000000000000002,2,24,0,3,216,240,0,12.0,0.5,8.572766605764164,0,8.0,0.6941433440845948,2,6.0,0.48039609709440906,0,5.0,0.6470030205398877,1,8.0,1.3343933195362049e-05,3,27.0
520.0,0.04,2,26,0,1,217,243,0,1.0,0.038461538461538464,8.577117686008348,0,0.0,0.5528731797949945,0,6.0,0.6076413708947332,1,3.0,0.49399260491866925,0,2.0,0.9120124879690572,1,11.0
525.0,0.002499999999999998,2,30,0,1,219,249,0,3.0,0.1,10.695960463603209,1,3.0,0.6876642150988712,0,2.0,0.8118266187528522,0,1.0,0.5400251325383036,0,4.0,0.8938354496150717,1,10.0
530.0,-0.0075000000000000015,2,29,0,3,220,249,0,7.0,0.2413793103448276,8.52665036270161,1,3.0,0.7132127533259185,1,5.0,0.6288056959671332,0,0.0,0.06371528438774346,1,5.0,0.6212352919636535,3,13.0
535.0,-0.085,2,30,0,10,221,251,0,39.0,1.3,6.635533918262063,2,9.0,0.47810573218643915,5,19.0,0.2108901445736827,0,4.0,0.5894534212501887,3,15.0,0.4880797161777935,10,47.0
540.0,-0.11500000000000002,3,31,0,12,222,253,0,81.0,2.6129032258064515,6.312276726445538,0,4.0,0.697008198824335,9,55.0,0.16707088132104114,0,2.0,0.922233192041912,3,32.0,0.3377896817400792,12,93.0
545.0,-0.125,3,33,0,11,224,257,0,123.0,3.727272727272727,6.304235733199195,0,0.0,0.7776137846732164,6,88.0,0.29436239144175497,0,0.0,0.9601905357545485,5,55.0,0.16511904980884512,11,143.0
550.0,-0.065,3,32,0,10,227,259,0,127.0,3.96875,6.839946649450941,0,0.0,0.9325912944627507,6,106.0,0.3748508694756374,0,0.0,0.97116408694017,4,63.0,0.29922754145847197,10,169.0
555.0,0.03749999999999999,4,34,0,8,228,262,0,101.0,2.9705882352941178,7.048381015094151,0,0.0,0.7005615216716171,5,109.0,0.2728093960709618,0,0.0,0.9183650886030452,3,45.0,0.44169802776061146,8,154.0
560.0,0.04500000000000001,5,34,0,7,230,264,0,29.0,0.8529411764705882,6.074411740831257,0,0.0,0.431809759970316,4,90.0,0.3529929348179702,0,0.0,0.9622574488115865,3,46.0,0.1828433364213082,7,136.0
565.0,0.15000000000000002,6,34,0,6,232,266,0,38.0,1.1176470588235294,7.611959748305871,1,1.0,0.006494404926755656,3,47.0,0.460026073290113,0,0.0,0.9673830434742127,2,28.0,0.2243104886918236,6,76.0
570.0,-0.039999999999999994,7,34,0,9,235,269,0,71.0,2.088235294117647,7.331203506585401,0,0.0,1.0,5,51.0,0.3720220143339233,0,0.0,0.9543227706407426,4,41.0,0.056973226218108,9,92.0
575.0,-0.14500000000000002,8,35,0,14,238,273,0,134.0,3.8285714285714287,6.441353100086538,0,0.0,0.8667990832402312,7,77.0,0.0968630192991765,0,2.0,0.9589253858901247,7,71.0,0.12456607838094017,14,150.0
580.0,-0.2025,9,30,0,18,245,275,0,215.0,7.166666666666667,4.953878412660832,0,0.0,0.9748166613605441,11,123.0,0.0010045460099359705,0,2.0,0.8379175022038087,7,106.0,0.12044682108182346,18,231.0
585.0,-0.21999999999999997,11,29,0,18,248,277,0,305.0,10.517241379310345,3.5058363396804615,0,0.0,0.3725742409499642,11,178.0,0.0808870688769473,0,0.0,0.9256448171271011,7,141.0,0.12931968288288478,18,319.0
590.0,-0.24000000000000005,13,29,0,20,249,278,0,399.0,13.758620689655173,1.922824618645995,0,2.0,0.16975609916984802,11,233.0,0.0809716380123369,1,1.0,0.28926287136864753,8,179.0,0.030829275732759207,20,415.0
595.0,-0.25750000000000006,14,34,0,21,249,283,0,499.0,14.676470588235293,3.7766916393735084,0,0.0,0.9649493433642312,12,291.0,0.04410711572986947,0,5.0,0.6496662918116147,9,222.0,5.239801602549578e-06,21,518.0
600.0,-0.2724999999999999,16,34,0,23,250,284,0,609.0,17.91176470588235,4.040664952812862,0,0.0,0.976396614757445,14,356.0,2.8714572039823776e-06,0,2.0,0.8717965900444149,9,269.0,0.15383940862456794,23,627.0
605.0,-0.2825,18,34,0,23,250,284,0,724.0,21.294117647058822,2.9849915969763527,0,0.0,0.6675396983203603,14,426.0,0.11649571312019313,0,0.0,0.2609018763407329,9,314.0,0.1871394690875103,23,740.0
610.0,-0.30500000000000005,20,36,0,26,250,286,0,846.0,23.5,2.891572414622301,0,0.0,0.9068821989255332,14,496.0,0.11518774619429711,1,4.0,0.48375238967278233,11,362.0,0.006370239361848243,26,862.0
615.0,-0.32250000000000006,22,36,0,28,251,287,0,975.0,27.083333333333332,2.640611876448278,1,1.0,0.5025611099279969,15,570.0,0.02631468382464803,0,0.0,0.9791808821948877,12,420.0,1.239987311041596e-05,28,991.0
620.0,-0.35000000000000003,23,36,0,28,253,289,0,1113.0,30.916666666666668,2.876734580595562,0,0.0,0.9680067057831313,16,649.0,1.603019246947083e-05,0,0.0,0.948730307915258,12,482.0,0.13413305258105995,28,1131.0
625.0,-0.3574999999999997,25,39,0,29,254,293,0,1254.0,32.15384615384615,2.708116169861713,0,0.0,0.8411888465391693,16,731.0,0.08469199955279899,0,0.0,0.8991403788354104,13,543.0,0.0125836356999886,29,1274.0
630.0,-0.3775000000000004,27,43,0,31,254,297,0,1405.0,32.674418604651166,2.7218581021160198,0,0.0,0.625269409857567,17,814.0,0.05130476575298333,0,0.0,0.8816417821596171,14,611.0,2.2675537661991666e-05,31,1425.0
635.0,-0.4149999999999996,29,44,0,34,254,298,0,1571.0,35.70454545454545,2.544421585580549,2,9.0,0.5477523286641438,18,901.0,0.00026908574601011617,0,0.0,0.8836113383418559,14,681.0,0.0,34,1591.0
640.0,-0.40250000000000014,31,44,0,32,255,299,0,1722.0,39.13636363636363,1.8791465354623147,0,10.0,0.3701127921300244,18,991.0,0.020231038101608728,0,0.0,0.6482126065697619,14,751.0,0.15296664095890922,32,1752.0
645.0,-0.4074999999999999,33,47,0,36,255,302,0,1893.0,40.276595744680854,1.7214798180317588,2,5.0,0.43536104623771904,19,1087.0,0.08851712502518376,0,0.0,1.0,15,823.0,0.012417471654179819,36,1915.0
650.0,-0.465,35,48,0,40,255,303,0,2074.0,43.208333333333336,1.7602417789227023,2,8.0,0.40167727432587663,21,1189.0,0.1117739736313591,0,0.0,1.0,17,904.0,2.794871345125066e-05,40,2101.0
655.0,-0.22999999999999993,37,51,0,38,255,306,0,1994.0,39.09803921568628,2.2019141769288457,2,13.0,0.6592752959991152,22,1295.0,0.008584756627488869,0,2.0,0.8342935007155551,14,883.0,0.016793047415102402,38,2193.0
660.0,0.027500000000000024,39,51,2,34,256,307,0,1877.0,36.80392156862745,2.797355755291268,1,10.0,0.665526285918785,24,1412.0,6.8160455982337185e-06,0,2.0,0.8806145219871517,9,758.0,0.07821579785458566,34,2182.0
665.0,0.08499999999999985,41,54,2,30,256,310,0,1927.0,35.68518518518518,4.3490259163545355,1,6.0,0.6498161455693685,24,1534.0,0.10016065960611548,0,0.0,0.9867205453743926,5,608.0,0.14071705949738567,30,2148.0
670.0,-0.13499999999999984,42,52,2,30,258,310,0,2059.0,39.59615384615385,4.247051987242617,2,15.0,0.5109812639314506,24,1654.0,0.09461605581313363,0,0.0,1.0,4,533.0,0.33316028030101896,30,2202.0
675.0,0.33499999999999974,43,52,2,26,260,312,0,1523.0,29.28846153846154,3.348738359397854,1,11.0,0.31363960469392677,24,1657.0,0.012413668294572307,0,0.0,0.9766095768988587,1,400.0,0.2743054845099935,26,2068.0
680.0,1.06,44,49,3,25,263,312,0,1011.0,20.632653061224488,4.346569278186944,2,9.0,0.353915603444961,20,1535.0,0.0588855063879645,0,2.0,0.9128627263085066,3,98.0,0.29438912018840563,25,1644.0
685.0,0.6524999999999999,45,46,4,18,267,313,0,688.0,14.956521739130435,5.258689979287238,1,9.0,0.44678289605405747,16,1300.0,0.09444760041571848,0,2.0,0.871771074969848,1,72.0,0.5885128377942634,18,1383.0
690.0,0.4650000000000001,46,45,4,15,269,314,0,447.0,9.933333333333334,5.992221937735058,2,10.0,0.46857489291819654,12,1160.0,0.2399455637145352,1,3.0,0.3177338711515711,0,24.0,0.5934632602050957,15,1197.0
695.0,0.7124999999999997,48,46,4,13,272,318,0,352.0,7.6521739130434785,5.8726509097766755,0,5.0,0.6911173566869189,10,897.0,0.2229771317027336,0,0.0,0.4517444112812219,3,10.0,0.39228767041722223,13,912.0
700.0,0.46000000000000013,50,48,3,19,274,322,0,437.0,9.104166666666666,5.7919653321938185,1,3.0,0.7914935953670286,11,682.0,0.2715683447276269,1,7.0,0.7371623764725899,6,36.0,0.2755704229895641,19,728.0
705.0,2.7755575615628914e-17,51,47,2,18,278,325,0,317.0,6.74468085106383,4.483783618916494,1,8.0,0.7086789251769517,8,645.0,0.2595304107885806,0,2.0,0.8730430202777579,9,73.0,0.11445162144280291,18,728.0
710.0,0.07250000000000015,53,52,0,20,278,330,0,213.0,4.096153846153846,5.085696042301299,2,17.0,0.6832432101064037,6,556.0,0.23821269001884024,1,3.0,0.6855948690902319,11,123.0,0.004753518068353268,20,699.0
715.0,0.11499999999999994,55,55,0,23,278,333,0,229.0,4.163636363636364,5.177451815512985,1,8.0,0.5318163757448866,7,454.0,0.21693165395984484,1,1.0,0.6232859202842242,14,190.0,0.00013668409529149261,23,653.0
720.0,-0.13999999999999999,57,52,0,28,282,334,0,358.0,6.884615384615385,4.786142771181514,3,12.0,0.4588142746875532,9,426.0,0.3072203249795326,2,9.0,0.4144575407744894,14,262.0,0.06574609313440637,28,709.0
725.0,-0.1625000000000001,59,52,0,28,286,338,0,468.0,9.0,4.171155336261756,1,15.0,0.38087810712259484,12,415.0,0.21954373857696613,1,12.0,0.3862261250276873,14,332.0,0.06407467666664304,28,774.0
730.0,-0.30000000000000004,61,51,0,29,288,339,0,609.0,11.941176470588236,4.521942116321957,2,11.0,0.2508845331475099,12,473.0,0.05232493080096528,1,10.0,0.7433207825038222,14,400.0,0.0,29,894.0
735.0,-0.3424999999999999,63,50,0,28,291,341,0,738.0,14.76,3.9329119979508436,0,11.0,0.3021472632695358,13,538.0,0.072794550598692,1,12.0,0.5259643443964829,14,470.0,0.0,28,1031.0
740.0,-0.32000000000000006,65,48,0,30,296,344,0,871.0,18.145833333333332,2.77159078439845,1,3.0,0.5003047725590315,14,609.0,0.10755691205836428,1,7.0,0.2473529511457302,14,540.0,0.0,30,1159.0
745.0,-0.3899999999999999,67,44,0,33,301,345,0,1029.0,23.386363636363637,2.678547685037252,0,0.0,0.9908242712624645,16,688.0,0.13638653635071554,3,15.0,0.28747734261612223,14,612.0,0.10839215143225381,33,1315.0
750.0,-0.3775000000000001,69,47,0,31,301,348,0,1168.0,24.851063829787233,3.1872448580612027,0,0.0,0.9773655700124275,16,766.0,0.06575735214854395,1,18.0,0.46239962193929346,14,682.0,0.1578691661136089,31,1466.0
755.0,-0.37749999999999995,71,49,0,34,301,350,0,1333.0,27.20408163265306,3.34144750389444,0,0.0,0.9545227562046945,17,850.0,5.728185426840962e-07,2,14.0,0.6272348689270677,15,753.0,0.031088645730360076,34,1617.0
760.0,-0.40499999999999986,73,52,0,35,301,353,0,1487.0,28.596153846153847,3.38897349049949,0,0.0,0.9738072098893205,17,935.0,0.08694883660307051,1,11.0,0.4976412472258347,17,833.0,0.00011566514961862857,35,1779.0
765.0,-0.4224999999999997,75,47,0,35,306,353,0,1662.0,35.361702127659576,2.713252813727427,0,0.0,0.9426834155895463,17,1020.0,0.08946798042632159,1,8.0,0.5621982053012082,17,920.0,0.0914707491664815,35,1948.0
770.0,-0.4150000000000007,77,47,0,37,307,354,0,1830.0,38.93617021276596,1.7421363950976667,1,1.0,0.4493360149404167,17,1105.0,0.039221441561519896,2,3.0,0.35472793098686045,17,1005.0,0.12241114810861828,37,2114.0
775.0,-0.48499999999999965,79,47,0,42,307,354,0,2024.0,43.06382978723404,0.7549828555950903,1,1.0,0.0037524294001008204,20,1200.0,5.480178614663395e-05,3,15.0,0.0004561206698122606,18,1092.0,0.005613371970115492,42,2308.0
780.0,-0.5125,81,48,0,41,307,355,0,2212.0,46.083333333333336,1.3210732932245384,1,6.0,0.4850521224926678,20,1302.0,0.04526365278759706,0,15.0,0.11943150811836911,20,1190.0,1.8467702454602398e-05,41,2513.0
785.0,-0.4524999999999999,83,49,0,40,309,358,0,2406.0,49.10204081632653,1.7255589015358679,0,0.0,0.8061192070916596,20,1402.0,0.040402179872481514,0,0.0,1.0,20,1292.0,0.08007856377819428,40,2694.0
790.0,-0.5175000000000003,85,52,1,43,309,361,0,2611.0,50.21153846153846,1.8292115034637955,1,1.0,0.65348156344999,22,1506.0,0.00010954562089270605,0,2.0,0.9483807145425901,20,1392.0,0.07218085711080768,43,2901.0
795.0,-0.54,87,54,2,45,309,363,0,2827.0,52.351851851851855,1.6614962734108332,0,0.0,0.6818552837492187,22,1616.0,0.0,0,2.0,0.8809020602052464,23,1499.0,8.27180999906512e-05,45,3117.0
800.0,-0.5750000000000004,89,56,2,46,309,365,0,3055.0,54.55357142857143,1.6670493256105539,1,3.0,0.6508437153903486,22,1728.0,0.07337373910030132,0,2.0,0.3200079759172895,23,1614.0,0.02241185428351943,46,3347.0
805.0,-0.2699999999999997,91,56,3,43,309,365,0,2944.0,52.57142857142857,1.7925076261155586,0,0.0,0.567818334245127,22,1838.0,0.054783307308732314,1,7.0,0.0,20,1610.0,0.10061470677906707,43,3455.0
810.0,0.06249999999999983,93,58,3,39,309,367,0,2600.0,44.827586206896555,2.225010809850385,0,0.0,0.6734017385548738,23,1951.0,0.0003611268713496335,0,2.0,0.9503216232618146,16,1477.0,0.06479296201978389,39,3430.0
815.0,0.31500000000000017,95,59,3,40,309,368,0,2380.0,40.33898305084746,3.0329600404917803,2,4.0,0.38639212962943575,24,2071.0,0.0,0,2.0,0.9362142510306105,14,1227.0,0.11262662290469234,40,3304.0
820.0,0.04500000000000004,97,59,4,40,311,370,0,2368.0,40.13559322033898,3.2520966079385847,3,16.0,0.25007048276366944,24,2191.0,0.039644849827474085,1,4.0,0.6434195205824808,12,1075.0,0.18549985780111744,40,3286.0
825.0,0.8199999999999998,99,59,5,36,313,372,0,2186.0,37.05084745762712,3.643533443045701,0,15.0,0.6433980718735185,21,2112.0,0.051672912099964795,3,13.0,0.24747600458660135,12,818.0,0.19680734473171452,36,2958.0
830.0,0.7025,100,56,7,29,316,372,0,1537.0,27.446428571428573,3.7438771675337534,0,0.0,0.9100399454533937,17,1860.0,0.07602108951580865,0,13.0,0.5751542916241272,12,804.0,0.16938324348942768,29,2677.0
835.0,1.1575,102,54,8,22,318,372,0,965.0,17.87037037037037,4.920452113350246,0,0.0,0.15965116271839852,13,1498.0,0.10813949259014342,1,5.0,0.7473206661863412,8,711.0,0.2718371199563018,22,2214.0
840.0,1.0375,104,53,8,17,321,374,0,446.0,8.415094339622641,5.970085903826638,2,8.0,0.47712117962370293,8,1209.0,0.18137578228413717,1,8.0,0.46883088074750384,6,574.0,0.3133798079107615,17,1799.0
845.0,0.6449999999999999,106,52,8,13,324,376,0,360.0,6.923076923076923,6.599947987369756,0,6.0,0.7409148064613267,6,1016.0,0.3422692112294244,0,0.0,0.018565349960953402,7,519.0,0.2932287960643507,13,1541.0
850.0,0.8375000000000001,108,51,6,18,329,380,0,443.0,8.686274509803921,6.3290384706542016,0,0.0,0.7220242118917434,6,730.0,0.3503020707353539,1,6.0,0.6859606710860957,11,470.0,0.2017716205411004,18,1206.0
855.0,0.08250000000000002,109,51,5,19,333,384,0,302.0,5.921568627450981,5.248429857464879,0,0.0,0.6348599338796035,4,674.0,0.27207532097598053,0,2.0,0.9127731020757923,15,497.0,0.06135475146078203,19,1173.0
860.0,0.12750000000000006,111,52,3,22,336,388,0,282.0,5.423076923076923,5.3806797184476345,1,4.0,0.731137637361468,4,542.0,0.3350052414642612,0,0.0,0.7048540488230451,17,576.0,0.00012154763244334255,22,1122.0
865.0,0.03249999999999975,113,51,2,24,339,390,0,393.0,7.705882352941177,4.709287906065383,0,0.0,0.5315932250056725,7,448.0,0.26460531360134254,0,0.0,1.0,17,661.0,0.0,24,1109.0
870.0,-0.3324999999999998,115,49,0,28,343,392,0,524.0,10.693877551020408,4.2076071228099,1,2.0,0.3000835012826835,10,492.0,0.21987442511269364,0,2.0,0.9084757480897809,17,746.0,0.05528731917018436,28,1242.0
875.0,-0.36500000000000005,117,45,0,31,348,393,0,670.0,14.88888888888889,3.1976615755940054,1,3.0,0.00016225765256319027,13,552.0,0.015088897423639119,0,2.0,0.9391903190096607,17,831.0,0.05420484364895888,31,1388.0
880.0,-0.40499999999999997,119,44,0,33,351,395,0,832.0,18.90909090909091,2.994223851977742,1,8.0,0.0,15,626.0,0.08862335311976832,0,0.0,0.8878301234393033,17,916.0,0.0,33,1550.0
885.0,-0.385,121,43,0,33,353,396,0,986.0,22.930232558139537,2.8801429715351463,0,0.0,1.0,16,703.0,0.05462247424464245,0,0.0,0.9637068853831838,17,1001.0,0.0,33,1704.0
890.0,-0.41249999999999976,123,41,0,33,356,397,0,1151.0,28.073170731707318,2.533088054859027,0,0.0,1.0,16,781.0,0.0,0,2.0,0.9624570912550384,17,1086.0,0.10321999998922445,33,1869.0
895.0,-0.4125000000000003,125,42,0,33,358,400,0,1316.0,31.333333333333332,2.558696112769943,0,0.0,0.9874290836954804,16,861.0,0.0,0,2.0,0.870155636013636,17,1171.0,0.08165070307620073,33,2034.0
900.0,-0.4174999999999999,127,42,0,36,359,401,0,1485.0,35.357142857142854,1.2846018451692554,0,0.0,0.9123714261213874,16,941.0,0.02255551089519348,1,1.0,0.03328913914945255,19,1259.0,0.00037665780202092853,36,2201.0
905.0,-0.4424999999999999,129,43,0,36,359,402,0,1661.0,38.627906976744185,1.5284651496064658,0,0.0,0.9332393314862739,17,1023.0,0.022355852040860574,0,1.0,0.30876473016980144,19,1354.0,1.4283496959893098e-06,36,2378.0
910.0,-0.4624999999999999,131,42,0,38,360,402,0,1845.0,43.92857142857143,1.17700520530972,1,1.0,0.000826541033047137,18,1111.0,1.5678450660015756e-05,0,0.0,0.9159368588953511,19,1451.0,0.09029715461654281,38,2563.0
915.0,-0.46500000000000025,133,44,0,38,360,404,0,2031.0,46.15909090909091,1.516296402298883,0,0.0,0.9820582154159653,19,1203.0,4.762800823289914e-05,0,0.0,0.916791940072732,19,1546.0,0.0742445063048991,38,2749.0
920.0,-0.48750000000000027,135,45,1,40,360,405,0,2224.0,49.422222222222224,1.3647877603281253,0,0.0,0.9951181774190213,19,1300.0,0.04720500323025297,0,0.0,0.9002481169808478,21,1644.0,0.0003416885023735593,40,2944.0
925.0,-0.4999999999999991,137,46,2,40,360,406,0,2424.0,52.69565217391305,1.6265308825885225,0,0.0,1.0,19,1395.0,0.04687162245810147,0,0.0,0.9331431751410909,21,1749.0,0.0,40,3144.0
930.0,-0.5025000000000004,139,47,2,41,361,408,0,2625.0,55.851063829787236,1.7034146919947992,0,0.0,0.9993402679011401,20,1491.0,0.00012816841380772377,0,0.0,0.9347670904235451,21,1854.0,0.0,41,3345.0
935.0,-0.5125000000000002,141,47,2,41,362,409,0,2830.0,60.212765957446805,1.4953009757603353,0,0.0,0.9618056332684697,20,1591.0,0.0,0,0.0,0.04152142469892711,21,1959.0,0.04327447255414867,41,3550.0
940.0,-0.5225000000000002,143,49,3,42,362,411,0,3039.0,62.02040816326531,1.9264142640945519,0,0.0,0.9192048917592666,20,1691.0,0.04533983106397279,1,4.0,1.209145691802317e-05,21,2064.0,0.03431984418845795,42,3759.0
945.0,-0.5075000000000001,145,50,4,42,363,413,0,3242.0,64.84,1.9714283450759336,0,0.0,0.9227481380484197,20,1791.0,0.06707106772950877,0,0.0,0.9228432695132937,22,2171.0,1.6218948660281826e-05,42,3962.0
950.0,0.037499999999999645,147,52,5,40,363,415,0,3092.0,59.46153846153846,2.2929118896606293,0,0.0,0.7293356901337644,21,1894.0,0.019219900504893438,0,0.0,0.9681532773234831,19,2053.0,0.054845219009296,40,3947.0
955.0,0.9250000000000003,149,57,5,36,363,420,0,2728.0,47.85964912280702,3.4268467681590415,0,0.0,0.8813345846071015,22,2003.0,0.023760168955624616,0,0.0,0.7947747526298065,14,1574.0,0.04639300845927862,36,3577.0
960.0,0.12500000000000067,151,59,6,34,363,422,0,2358.0,39.96610169491525,4.567163394012767,0,0.0,0.9417112166139461,22,2113.0,0.07899676807591902,2,4.0,0.4783698654424557,10,1410.0,0.13526701417126116,34,3527.0
965.0,0.44749999999999934,153,57,6,28,365,422,0,2075.0,36.40350877192982,4.347556992429326,0,0.0,0.5315235943803918,22,2223.0,0.040707484560139874,0,4.0,0.5303857464549393,6,1121.0,0.20574433643631804,28,3348.0
970.0,0.17750000000000016,155,54,7,31,370,424,0,2224.0,41.18518518518518,4.746707199090599,2,5.0,0.32553724655300653,23,2337.0,0.0015297399866804702,0,0.0,0.9766205063272237,6,935.0,0.47122973787271605,31,3277.0
975.0,0.9874999999999998,156,53,7,27,372,425,0,2010.0,37.924528301886795,4.703905294338647,0,4.0,0.587637291982414,21,2235.0,0.018699471093306,0,0.0,0.8602853510408859,6,643.0,0.3524763347511896,27,2882.0
980.0,0.9400000000000006,157,50,7,21,375,425,0,1336.0,26.72,4.51258008325198,0,0.0,0.890839364486618,16,1908.0,0.1399562150787119,0,0.0,0.7426501788088786,5,598.0,0.20947281488436872,21,2506.0
985.0,1.2924999999999995,159,47,7,17,378,425,0,842.0,17.914893617021278,5.20612515485716,0,0.0,0.895843171617578,12,1505.0,0.1640944092700852,0,0.0,0.3264736354690826,5,484.0,0.2557902147002346,17,1989.0
990.0,0.9825000000000002,162,45,7,13,382,427,0,382.0,8.488888888888889,6.353159733285434,0,0.0,0.861327086582801,9,1216.0,0.18224915886327345,0,0.0,0.9137747047209175,4,380.0,0.29013459940859304,13,1596.0
995.0,0.44499999999999995,165,44,7,15,385,429,0,290.0,6.590909090909091,6.422360489103929,1,2.0,0.6280831796560664,8,1032.0,0.2696696663217257,0,0.0,0.9674386581583428,6,384.0,0.22401425533057168,15,1418.0
1000.0,0.6375000000000001,168,44,6,18,387,431,0,374.0,8.5,5.246044263493688,4,16.0,0.2886526892237629,8,739.0,0.2938512155940377,0,0.0,0.5730171779323642,6,408.0,0.1920822214833483,18,1163.0
1005.0,0.07500000000000004,169,44,5,21,390,434,0,410.0,9.318181818181818,4.258607425293899,9,49.0,0.0032326723162860783,9,781.0,0.24948673906106394,0,1.0,0.6558273516844262,3,302.0,0.31637292830672,21,1133.0
1010.0,0.36750000000000005,171,46,3,22,392,438,0,468.0,10.173913043478262,4.626409225386417,10,98.0,0.16069274264280875,12,836.0,0.18669748090398647,0,0.0,0.9411969172803063,0,52.0,0.46376414870451205,22,986.0
1015.0,-0.31250000000000033,173,47,1,27,395,442,0,593.0,12.617021276595745,3.600913934465298,10,148.0,0.2190202057182402,15,905.0,0.11747894858307621,0,0.0,0.643333286470066,2,58.0,0.3286714610847866,27,1111.0
1020.0,-0.3899999999999997,175,49,1,34,397,446,0,749.0,15.285714285714286,2.410056189891249,10,198.0,0.15385169159475096,17,987.0,0.06174125452727999,1,5.0,0.697453623934406,6,77.0,0.005432607627522963,34,1267.0
1025.0,-0.44750000000000023,177,51,0,38,398,449,0,928.0,18.19607843137255,1.992389297697913,11,253.0,0.14542697652637446,20,1082.0,0.029191216669083846,0,0.0,0.757867245197133,7,111.0,8.918713602296306e-06,38,1446.0
1030.0,-0.4749999999999998,179,53,0,40,398,451,0,1110.0,20.943396226415093,2.3897547734892695,11,308.0,0.15384615384615385,24,1195.0,0.0012333094849770229,0,0.0,0.5744857582650666,5,133.0,0.23935720570810534,40,1636.0
1035.0,-0.49499999999999994,181,53,0,41,399,452,0,1315.0,24.81132075471698,2.7071744314149617,11,363.0,0.18878577151936923,25,1320.0,8.479118525997214e-06,0,0.0,0.658847546954861,5,151.0,0.35858791665469175,41,1834.0
1040.0,-0.37499999999999994,183,53,0,38,399,452,0,1440.0,27.169811320754718,2.925094145259035,11,418.0,0.11712304962273618,25,1445.0,3.145034926817146e-07,0,0.0,0.859336784105227,2,121.0,0.16690294305945688,38,1984.0
1045.0,-0.28,185,53,0,40,401,454,0,1586.0,29.92452830188679,3.023651510975006,13,476.0,0.12554948559366153,25,1570.0,0.0,0,0.0,0.9315277873613196,2,50.0,0.2431793268306337,40,2096.0
1050.0,-0.4875000000000001,187,50,0,40,405,455,0,1776.0,35.52,2.2916822984454157,13,541.0,0.18081196289101467,25,1695.0,0.0,0,0.0,0.8257103081447184,2,55.0,0.08242777728473628,40,2291.0
1055.0,-0.49249999999999994,189,50,0,42,407,457,0,1978.0,39.56,1.981988552574285,15,608.0,0.16135827369536795,25,1820.0,0.0,0,0.0,1.0,2,60.0,0.0,42,2488.0
1060.0,-0.43500000000000033,191,51,0,42,409,460,0,2164.0,42.431372549019606,1.8553480479374027,16,684.0,0.11993434491477432,26,1946.0,0.00023895785987141982,0,0.0,0.9910232739588124,0,32.0,0.21994927718130597,42,2662.0
1065.0,-0.10749999999999978,193,50,1,42,411,461,0,2012.0,40.24,1.5272481282504566,18,769.0,0.049828378095195025,24,1936.0,0.01404985361520454,0,0.0,0.9724678111952981,0,0.0,1.0,42,2705.0
1070.0,0.3300000000000003,195,49,2,38,412,461,0,1773.0,36.183673469387756,1.9329151183730733,19,860.0,0.000173050520370762,19,1713.0,0.04583272608256552,0,0.0,1.0,0,0.0,0.9860418453604775,38,2573.0
1075.0,-0.027500000000000302,197,49,2,38,414,463,0,1963.0,40.06122448979592,2.584051510824758,19,955.0,0.046948644537144965,19,1629.0,0.06964793999371503,0,0.0,1.0,0,0.0,0.954624575169682,38,2584.0
1080.0,-0.07750000000000012,199,50,3,38,415,465,0,2153.0,43.06,2.4723800208244366,19,1050.0,0.06681298552248675,19,1565.0,0.0,0,0.0,0.7837333565519473,0,0.0,0.397716491281501,38,2615.0
1085.0,-0.4875000000000004,201,47,3,40,418,465,0,2348.0,49.95744680851064,1.4947095340915388,20,1148.0,0.002876475556921515,19,1660.0,0.0,0,0.0,0.8471404940765841,1,2.0,0.0008248953151209478,40,2810.0
1090.0,-0.4924999999999996,203,44,4,40,421,465,0,2545.0,57.84090909090909,0.8897785856240545,21,1252.0,6.23967250036101e-07,19,1755.0,0.0,0,0.0,1.0,0,0.0,0.9370937792219353,40,3007.0
1095.0,-0.5,205,44,4,40,422,466,0,2745.0,62.38636363636363,1.0771731183419406,21,1357.0,0.045454545454545456,19,1850.0,0.0,0,0.0,1.0,0,0.0,0.7956095950862769,40,3207.0
1100.0,-0.49999999999999956,207,44,5,40,422,466,0,2945.0,66.93181818181819,1.0815035512057352,21,1462.0,0.04208693719899599,19,1945.0,0.0,0,0.0,1.0,0,0.0,0.8543497850849575,40,3407.0
1105.0,-0.23749999999999982,209,43,5,37,423,466,0,2896.0,67.34883720930233,0.9287911372622683,18,1462.0,0.04313840870888449,19,2040.0,0.0,0,0.0,1.0,0,0.0,1.0,37,3502.0
1110.0,-0.07500000000000062,211,44,6,33,423,467,0,2860.0,65.0,1.9713504808843345,14,1395.0,0.07243433838080081,19,2137.0,0.12364857649378767,0,0.0,0.9083134948237663,0,0.0,1.0,33,3532.0
1115.0,-0.04499999999999993,213,45,6,32,423,468,0,2996.0,66.57777777777778,3.113698821936274,13,1318.0,0.16002078598187588,19,2232.0,0.1756738870134368,0,0.0,0.9026974211692281,0,0.0,1.0,32,3550.0
1120.0,-0.16999999999999993,215,48,6,32,425,473,0,3156.0,65.75,3.8061416110215567,13,1293.0,0.22688563795894154,19,2325.0,0.21992356868966062,0,0.0,0.7843785854039361,0,0.0,1.0,32,3618.0
1125.0,-0.4025000000000003,217,51,7,33,425,476,0,3317.0,65.03921568627452,3.7243567950118153,13,1358.0,0.22473105746970254,20,2421.0,0.15706168468169415,0,0.0,0.9251810991491043,0,0.0,1.0,33,3779.0
1130.0,-0.4249999999999994,219,52,7,36,426,478,0,3487.0,67.0576923076923,2.6919920572828886,14,1425.0,0.11458041105669124,22,2524.0,0.07135911733038391,0,0.0,0.9476814351040369,0,0.0,0.947106189728322,36,3949.0
1135.0,-0.4800000000000004,221,52,7,39,426,478,0,3679.0,70.75,2.0726183358926886,15,1500.0,0.05645850865550118,24,2641.0,0.010031224161757949,0,0.0,0.7372116792281882,0,0.0,0.9718536942656731,39,4141.0
1140.0,-0.53,223,54,9,45,427,481,0,3891.0,72.05555555555556,1.8229346127709773,15,1575.0,0.20633047609176297,28,2773.0,0.023276329964113555,2,5.0,0.055285198055320485,0,0.0,0.9618684355952111,45,4353.0
1145.0,-0.5524999999999999,225,56,9,44,427,483,0,4104.0,73.28571428571429,2.2332018832215987,15,1650.0,0.22558746495357082,29,2916.0,0.031239257689516912,0,8.0,0.20882761943801398,0,0.0,1.0,44,4574.0
1150.0,-0.5375000000000002,227,56,9,45,427,483,0,4325.0,77.23214285714286,2.0136989941168535,16,1726.0,0.09932698718954329,29,3061.0,0.030477101460720007,0,0.0,1.0,0,2.0,0.93356069342784,45,4789.0
1155.0,-0.5874999999999995,229,55,11,47,429,484,0,4560.0,82.9090909090909,1.5965222713393268,17,1811.0,3.3439950796678128e-06,30,3211.0,0.05476326984327796,0,0.0,0.9269119694313916,0,2.0,0.9414126035262417,47,5024.0
1160.0,-0.5949999999999996,231,56,11,49,430,486,0,4800.0,85.71428571428571,1.1791607184433626,17,1896.0,0.09895868431208232,32,3366.0,0.000823482841604909,0,0.0,0.9119563078931185,0,0.0,0.5808141153726087,49,5262.0
1165.0,-0.1875000000000009,233,58,11,47,430,488,0,4540.0,78.27586206896552,1.6990093141004254,14,1806.0,0.11566248827601221,33,3531.0,7.122133379281542e-07,0,0.0,0.9659188615738766,0,0.0,0.8303218565953056,47,5337.0
1170.0,0.2699999999999999,235,61,11,44,430,491,0,3938.0,64.55737704918033,2.7271212661471287,11,1531.0,0.23346732988788726,33,3696.0,2.379280242766311e-07,0,2.0,0.8823555128154328,0,0.0,0.9951671535623795,44,5229.0
1175.0,0.6975000000000007,238,59,12,44,433,492,0,3992.0,67.66101694915254,2.5489919513797368,11,1087.0,0.19424823221161394,33,3861.0,0.0,0,2.0,0.9230482820778265,0,0.0,0.4852664161987511,44,4950.0
1180.0,0.2550000000000002,241,60,12,47,433,493,0,4220.0,70.33333333333333,2.2010716453870147,13,818.0,0.06717697922303349,33,4026.0,0.0,1,4.0,0.6967460073694722,0,0.0,0.9180342543546381,47,4848.0
1185.0,0.5299999999999992,244,60,13,47,433,493,0,3924.0,65.4,1.6681864998142215,14,726.0,0.036617238389425245,30,3896.0,0.008787855321474879,3,14.0,0.3310904408235703,0,0.0,0.9282899670918114,47,4636.0
1190.0,0.7874999999999993,247,61,14,46,433,494,0,3282.0,53.80327868852459,2.055685343477025,14,796.0,0.197112691398399,25,3484.0,0.042763558536886966,7,41.0,0.01150284957900501,0,0.0,0.9702338286916354,46,4321.0
1195.0,1.1500000000000006,250,60,15,44,435,495,0,2821.0,47.016666666666666,2.2471606006817977,14,866.0,0.30305778953139295,21,2912.0,0.08285963018473855,9,83.0,0.0007822300911289043,0,0.0,0.4566652723949371,44,3861.0
1200.0,0.7875000000000008,253,61,17,41,435,496,0,2351.0,38.540983606557376,3.160872355960765,15,937.0,0.2932331483033623,17,2481.0,0.1321706847843648,9,128.0,0.1719772127113777,0,0.0,0.5821627802975089,41,3546.0
1205.0,0.36749999999999955,256,62,17,40,435,497,0,2097.0,33.82258064516129,3.367038051769316,17,1015.0,0.20138656034473212,14,2211.0,0.21185099803984564,9,173.0,0.15095359012498563,0,0.0,0.9411204259752121,40,3399.0
1210.0,0.7500000000000001,259,67,15,43,435,502,0,2308.0,34.44776119402985,3.1844290680399254,17,1100.0,0.25321332481664194,14,1770.0,0.22560934035620472,12,229.0,0.014071430633328972,0,0.0,1.0,43,3099.0
1215.0,-0.15000000000000002,261,69,13,49,437,506,0,2538.0,36.78260869565217,2.3276753558642143,20,1191.0,0.2003517510256505,14,1670.0,0.19998853677749517,15,298.0,0.015444771400819362,0,0.0,1.0,49,3159.0
1220.0,-0.6750000000000002,264,73,14,59,437,510,0,2808.0,38.465753424657535,1.482875069487628,24,1301.0,0.04644027038876109,17,1748.0,0.1519031363232068,18,380.0,0.09700674513810044,0,0.0,1.0,59,3429.0
1225.0,-0.3300000000000005,267,78,12,62,438,516,0,2609.0,33.44871794871795,1.4246953166291785,24,1249.0,0.08373546275726992,20,1842.0,0.11573707745854342,18,470.0,0.09518549102090554,0,0.0,1.0,62,3561.0
1230.0,0.047500000000000764,270,81,10,61,438,519,0,2441.0,30.135802469135804,1.4429837572105821,20,1028.0,0.1438951575695374,23,1952.0,0.050123323846736616,18,562.0,0.09130280834130954,0,0.0,1.0,61,3542.0
1235.0,-0.007500000000000062,273,84,9,63,438,522,0,2532.0,30.142857142857142,1.5597595189110371,17,809.0,0.07852704486521006,26,2077.0,0.02840559938531541,20,659.0,0.2110505360764152,0,0.0,1.0,63,3545.0
1240.0,-0.2550000000000001,276,89,9,66,438,527,0,2735.0,30.730337078651687,1.9340922655630597,15,668.0,0.21024665883705984,30,2218.0,0.004027120026283558,21,761.0,0.20398171857123515,0,0.0,1.0,66,3647.0
1245.0,-0.5625000000000004,279,92,10,72,438,530,0,3068.0,33.34782608695652,1.530418915853593,15,619.0,0.19328215509005323,33,2378.0,0.0003322451787011195,24,875.0,0.13994112118651927,0,0.0,1.0,72,3872.0
1250.0,-0.7049999999999994,282,93,10,77,438,531,0,3441.0,37.0,1.2546978207315183,17,609.0,0.19864507267257328,33,2543.0,1.0040455734524626e-05,27,1002.0,0.09179801154043507,0,0.0,1.0,77,4154.0
1255.0,-0.8849999999999998,285,93,10,82,438,531,0,3841.0,41.30107526881721,0.7346936320782566,17,648.0,0.1708680663106771,33,2708.0,0.0,32,1152.0,0.030110481625027274,0,0.0,1.0,82,4508.0
1260.0,-0.9700000000000006,288,95,11,86,438,533,0,4263.0,44.873684210526314,0.4827817318470232,17,699.0,0.09123036645047096,33,2873.0,0.0,36,1324.0,0.03355305047956517,0,0.0,1.0,86,4896.0
1265.0,-1.1049999999999995,291,96,12,90,438,534,0,4701.0,48.96875,0.2971129339260769,19,790.0,0.044831712306825394,33,3038.0,0.0,38,1510.0,0.03312702198541383,0,0.0,1.0,90,5338.0
1270.0,-1.1650000000000005,294,97,12,94,438,535,0,5167.0,53.2680412371134,0.3634926001556394,19,885.0,0.08847664169622703,33,3203.0,0.0,42,1716.0,0.022177010073276073,0,0.0,1.0,94,5804.0
1275.0,-0.7925000000000004,297,98,13,92,438,536,0,5194.0,53.0,0.3060940157381099,20,981.0,0.01990018386879438,30,3214.0,0.010718089273541925,42,1926.0,0.023128795713936192,0,0.0,1.0,92,6121.0
1280.0,-0.40249999999999897,300,101,14,89,438,539,0,4932.0,48.83168316831683,1.028170765257965,21,1083.0,0.07923378790193449,25,3059.0,0.04811183838213833,43,2140.0,0.04311164384345247,0,0.0,1.0,89,6282.0
1285.0,0.11499999999999932,303,101,15,83,438,539,0,4691.0,46.445544554455445,1.4197369044640824,21,1188.0,0.05087081209251426,21,2744.0,0.08177415430323416,41,2304.0,0.029033188159341614,0,0.0,1.0,83,6236.0
1290.0,0.2850000000000006,306,101,16,78,440,541,0,4644.0,45.98019801980198,1.8885206408194581,22,1295.0,0.036243043108753606,19,2416.0,0.11919638873895078,37,2411.0,0.03150777675435744,0,0.0,1.0,78,6122.0
1295.0,-4.440892098500626e-16,309,102,17,77,442,544,0,4886.0,47.90196078431372,2.58360670139202,25,1415.0,0.07093370116245033,19,2238.0,0.12672020948746243,33,2469.0,0.06910485859914099,0,0.0,1.0,77,6122.0
1300.0,0.2975000000000003,312,97,17,73,447,544,0,5123.0,52.81443298969072,2.4093741412193546,25,1540.0,0.03713258182350806,19,1952.0,0.0,29,2511.0,0.09449722864586617,0,0.0,1.0,73,6003.0
1305.0,-0.7274999999999996,315,92,18,74,452,544,0,5419.0,58.90217391304348,2.142510559758852,27,1670.0,0.00024642043448714176,19,2047.0,0.0,28,2577.0,0.13253437137127166,0,0.0,1.0,74,6294.0
1310.0,-0.660000000000001,318,89,18,74,457,546,0,5789.0,65.04494382022472,2.0090021780436027,27,1805.0,0.020015530008907736,19,2142.0,0.0,28,2611.0,0.13644274971102666,0,0.0,1.0,74,6558.0
1315.0,-0.6749999999999998,321,85,18,75,462,547,0,6163.0,72.50588235294117,1.3305452834022626,28,1944.0,0.032836447034363794,19,2237.0,0.0,28,2647.0,0.04051079183511706,0,0.0,1.0,75,6828.0
1320.0,-0.8599999999999994,324,84,18,76,465,549,0,6541.0,77.86904761904762,0.9271182372799807,28,2084.0,0.04933758069145171,19,2332.0,0.0,29,2756.0,2.5822471387942346e-06,0,0.0,1.0,76,7172.0
1325.0,-0.9700000000000006,327,83,18,78,467,550,0,6929.0,83.48192771084338,0.5824511538728786,30,2232.0,0.02520473289250942,19,2427.0,0.0,29,2901.0,2.540272076963295e-07,0,0.0,1.0,78,7560.0
1330.0,-0.9849999999999994,330,82,18,79,469,551,0,7323.0,89.3048780487805,0.3407320800783793,31,2386.0,0.00026828269729627086,19,2522.0,0.0,29,3046.0,0.032874926710845055,0,0.0,1.0,79,7954.0
1335.0,-1.0025000000000013,333,83,19,81,470,553,0,7724.0,93.06024096385542,0.23524183587006486,32,2546.0,0.041267843495798366,19,2617.0,0.0,30,3192.0,0.000124347634090078,0,0.0,1.0,81,8355.0
1340.0,-1.0199999999999996,336,84,20,82,470,554,0,8132.0,96.80952380952381,0.1462219046752246,33,2709.0,0.000833678061518765,19,2712.0,0.0,30,3342.0,0.03225806451612903,0,0.0,1.0,82,8763.0
1345.0,-0.16500000000000004,339,87,21,77,470,557,0,7550.0,86.7816091954023,0.6396181989388983,31,2702.0,0.03840417143606379,19,2807.0,0.0,27,3320.0,0.06319707136619195,0,0.0,1.0,77,8829.0
1350.0,0.717500000000001,342,89,21,69,470,559,0,6487.0,72.88764044943821,1.4422149004217768,26,2514.0,0.0638265983139686,19,2904.0,0.10876690147174933,24,3122.0,0.0751275671782607,0,2.0,0.8288363050154,69,8542.0
1355.0,1.3599999999999994,345,91,22,64,470,561,0,5788.0,63.604395604395606,2.524227136321038,23,2242.0,0.1136261857725825,19,2999.0,0.18010579390552076,22,2755.0,0.09015204996777253,0,2.0,0.8758591567835712,64,7998.0
1360.0,1.0324999999999998,348,91,22,57,470,561,0,5299.0,58.23076923076923,2.9626582308725857,19,2114.0,0.15686590954895643,19,3094.0,0.19371416459803215,19,2377.0,0.10684192239932207,0,0.0,0.808571322486149,57,7585.0
1365.0,0.8650000000000002,351,92,25,56,470,562,0,5225.0,56.79347826086956,3.466247037933055,18,1874.0,0.19223035711013486,21,3194.0,0.1246294163472521,17,2171.0,0.17500674865101298,0,0.0,0.797065590940976,56,7239.0
1370.0,0.9349999999999996,354,95,23,60,471,566,0,5516.0,58.06315789473684,3.3354834972478797,18,1732.0,0.24718505653186473,25,3310.0,0.05368454580645869,17,1823.0,0.2274778200283912,0,0.0,0.5722080100747078,60,6865.0
1375.0,0.11250000000000128,357,95,25,68,473,568,0,5839.0,61.463157894736845,2.396456784033151,18,1740.0,0.22683692085906595,29,3447.0,0.03240569349383617,19,1627.0,0.1792423774783908,2,6.0,0.2971581354748618,68,6820.0
1380.0,-0.03250000000000186,360,95,27,75,475,570,0,6202.0,65.28421052631579,1.7982958297536782,19,1767.0,0.21746772161487093,31,3599.0,0.0335196011039637,19,1438.0,0.08257834376554994,6,29.0,0.2246638755301608,75,6833.0
1385.0,-0.5874999999999995,363,97,27,79,475,572,0,6145.0,63.350515463917525,1.4104203374602622,20,1863.0,0.17913896807568913,33,3759.0,0.006515752423461721,16,1376.0,0.03927624862749926,10,70.0,0.20483775725816133,79,7068.0
1390.0,-0.2774999999999991,366,99,27,82,475,574,0,5941.0,60.01010101010101,1.085659380285372,22,1967.0,0.1433224248262195,35,3930.0,0.0008213061405315238,12,1152.0,0.06513043062328766,13,130.0,0.12834419625601073,82,7179.0
1395.0,0.4924999999999992,369,100,28,81,475,575,0,5457.0,54.57,0.8512737398714679,24,2085.0,0.09178804905370987,34,3761.0,0.005599312153168219,7,930.0,0.16444483579204627,16,206.0,0.05283486203410285,81,6982.0
1400.0,0.97,372,102,29,79,475,577,0,4982.0,48.84313725490196,1.1427583931983474,26,2213.0,0.1459914325595904,30,3256.0,0.033876488824392904,4,831.0,0.1885119510471864,19,294.0,0.0028552753223873716,79,6594.0
1405.0,1.1475000000000004,375,104,31,75,475,579,0,3900.0,37.5,1.6125031832487458,25,2160.0,0.1458956961579417,25,2731.0,0.06082428335342445,4,848.0,0.18980225360646205,21,396.0,0.07913736057040811,75,6135.0
1410.0,1.3025000000000004,378,106,30,74,475,581,0,3238.0,30.547169811320753,1.778245095569044,25,1736.0,0.04391944219120882,21,2497.0,0.11603870678903794,7,880.0,0.225143357463615,21,501.0,0.1648812761218959,74,5614.0
1415.0,0.8100000000000007,382,109,30,77,475,584,0,3106.0,28.495412844036696,2.3745700021833724,27,1683.0,0.10157190035607323,18,2074.0,0.1743914835368372,11,927.0,0.2420576823419642,21,606.0,0.1662685330014833,77,5290.0
1420.0,0.2699999999999987,386,113,26,83,475,588,0,3511.0,31.07079646017699,1.742927346923481,28,1818.0,0.00037184361477201315,18,1653.0,0.18444855254524448,14,992.0,0.15000753439183676,23,719.0,0.1266235869825253,83,5182.0
1425.0,-0.2849999999999995,390,117,24,95,475,592,0,3964.0,33.88034188034188,1.2263926183303482,29,1963.0,0.02349477910280871,18,1404.0,0.20373028106088029,21,1083.0,0.05709084332860032,27,846.0,0.09106245651627728,95,5296.0
1430.0,0.062499999999999556,394,119,22,102,475,594,0,4425.0,37.18487394957983,0.8227170467508045,30,2109.0,2.6232260433175694e-06,18,986.0,0.1964504582234928,27,1205.0,0.0012648999209648145,27,971.0,0.049097149898531395,102,5271.0
1435.0,-1.2174999999999998,398,121,22,102,475,596,0,4892.0,40.429752066115704,0.9416131215102157,30,2259.0,0.0,18,1076.0,0.17590376137999417,28,1342.0,1.953053754162791e-05,26,1081.0,0.047384233004159095,102,5758.0
1440.0,-1.205,402,123,21,101,475,598,0,5375.0,43.699186991869915,1.1745358331654687,30,2409.0,0.0,19,1168.0,0.14997542650815388,28,1482.0,0.0,24,1181.0,0.04394760920037091,101,6240.0
1445.0,-1.2424999999999993,406,125,18,103,476,601,0,5868.0,46.944,1.3065880300790804,30,2559.0,0.0,22,1270.0,0.10538730148832368,28,1622.0,0.0,23,1286.0,0.09363739936770721,103,6737.0
1450.0,-1.2075000000000005,410,125,17,100,479,604,0,6342.0,50.736,1.504547025808816,30,2709.0,0.021083910319427197,21,1370.0,0.08868432642207852,28,1762.0,0.0,21,1379.0,0.16036679079609117,100,7220.0
1455.0,-1.2199999999999998,414,125,17,102,482,607,0,6826.0,54.608,1.3200252019357495,31,2861.0,0.0017080354881878574,22,1477.0,0.06168488508923687,28,1902.0,0.0,21,1468.0,0.17860779561405563,102,7708.0
1460.0,-1.2650000000000006,418,126,15,105,484,610,0,7334.0,58.20634920634921,1.1442217802641566,32,3020.0,0.019600855714288278,24,1590.0,0.032803432337899306,28,2042.0,0.0,21,1562.0,0.1193602450379011,105,8214.0
1465.0,-0.7849999999999993,422,125,15,105,487,612,0,7266.0,58.128,0.9425397721612682,30,2974.0,0.040294165379657985,26,1714.0,0.01741544267388681,28,2182.0,0.0,21,1658.0,0.045278772575638435,105,8528.0
1470.0,-0.07000000000000028,425,124,15,100,490,614,0,6621.0,53.395161290322584,1.1361246198207984,25,2719.0,0.08359769760260982,29,1854.0,0.011737807839201215,28,2324.0,0.06578944634350439,18,1659.0,0.02072241728815275,100,8556.0
1475.0,0.6099999999999994,428,123,16,92,492,615,0,5899.0,47.959349593495936,1.5004927569616158,22,2293.0,0.0813983114233641,32,2009.0,0.004009735551948259,28,2464.0,0.13854155685192193,10,1546.0,0.07259161267522761,92,8312.0
1480.0,0.16500000000000092,432,122,15,91,494,616,0,5753.0,47.15573770491803,1.7195465765091276,20,2064.0,0.12349956165110187,36,2183.0,0.00046109117836903727,28,2604.0,0.14565738395203953,7,1395.0,0.11987714601022849,91,8246.0
1485.0,0.649999999999999,436,121,17,89,497,618,0,5845.0,48.30578512396694,1.8640792684491396,18,1726.0,0.18684649396463782,37,2368.0,1.8963458815266065e-05,31,2754.0,0.09203722447711717,3,1138.0,0.1950771717163045,89,7986.0
1490.0,-0.15000000000000036,440,120,17,91,498,618,0,6210.0,51.75,2.015085206824316,18,1705.0,0.2137731527992257,37,2553.0,7.477345677344632e-07,34,2916.0,0.06805384425394195,2,872.0,0.34780921431300255,91,8046.0
1495.0,-0.47999999999999954,444,117,19,95,501,618,0,6676.0,57.05982905982906,1.7111493443126942,19,1703.0,0.09869811735469397,37,2738.0,0.0,37,3096.0,0.028385473799610497,2,701.0,0.566314819680971,95,8238.0
1500.0,-0.5099999999999991,448,115,21,97,504,619,0,7157.0,62.23478260869565,1.269009823742244,19,1777.0,0.06608653629745165,37,2923.0,0.0,39,3287.0,0.013767760786967983,2,455.0,0.5167748786759108,97,8442.0
1505.0,-0.6375000000000007,452,114,22,102,506,620,0,7662.0,67.21052631578948,1.0067740571314667,20,1875.0,0.08636097748554972,37,3108.0,0.0,43,3499.0,0.0017585010577228783,2,215.0,0.0,102,8697.0
1510.0,-1.3049999999999993,456,112,24,105,509,621,0,8184.0,73.07142857142857,0.6159050879511458,20,1975.0,0.047537319093050714,37,3293.0,0.0,46,3726.0,3.211488433110149e-05,2,225.0,0.0,105,9219.0
1515.0,-0.9400000000000018,460,111,24,104,511,622,0,8263.0,74.44144144144144,0.547269570762255,22,2084.0,0.07771425435009727,34,3320.0,0.00804633277859086,46,3956.0,6.263772166574052e-07,2,235.0,0.0,104,9595.0
1520.0,-0.5149999999999993,464,109,25,99,513,622,0,8028.0,73.65137614678899,0.49885118137901135,22,2194.0,0.019170607964329886,29,3176.0,0.03179761564015135,46,4186.0,0.0,2,245.0,0.0,99,9801.0
1525.0,0.29750000000000076,468,111,26,94,513,624,0,7456.0,67.17117117117117,1.1919328212607592,21,2144.0,0.08852987190510303,25,2867.0,0.054543946768335155,46,4416.0,0.0,2,255.0,0.0,94,9682.0
1530.0,0.8700000000000001,472,111,26,81,515,626,0,6430.0,57.927927927927925,1.9997205060927001,17,1928.0,0.15712472567560826,21,2685.0,0.16267921512132028,43,4591.0,0.006169583537522,0,130.0,0.21327534738637033,81,9334.0
1535.0,1.7424999999999995,475,109,29,72,517,626,0,6067.0,55.6605504587156,2.84215060837423,15,1600.0,0.15066121977669875,19,2338.0,0.25523319582781134,38,4699.0,0.02823618254172504,0,0.0,1.0,72,8637.0
1540.0,0.42750000000000066,478,107,31,70,520,627,0,6262.0,58.52336448598131,3.096492075757357,17,1433.0,0.10487443146564075,19,2286.0,0.24957583227944144,34,4747.0,0.05015461207384393,0,0.0,0.9627586416415215,70,8466.0
1545.0,0.3050000000000006,481,104,32,68,524,628,0,6413.0,61.66346153846154,2.827875090988953,19,1287.0,0.045735937470155065,20,2241.0,0.1679020158983886,29,4816.0,0.09619473540792964,0,0.0,0.924889027577625,68,8344.0
1550.0,-0.19500000000000073,484,102,32,68,528,630,0,6714.0,65.82352941176471,2.8146627290640343,19,1382.0,0.10388266035044814,21,2204.0,0.0766910548528575,28,4836.0,0.12686584872907736,0,0.0,0.6369640146061168,68,8422.0
1555.0,-0.22500000000000048,487,100,32,71,532,632,0,7064.0,70.64,2.696618614308517,20,1480.0,0.05897902952147488,21,2168.0,0.0850254112299068,28,4857.0,0.09731738423481538,2,7.0,0.45214640015089197,71,8512.0
1560.0,-0.3774999999999993,490,97,32,75,536,633,0,7434.0,76.63917525773196,2.170899530362603,23,1592.0,0.03859653392092001,21,2132.0,0.09970743079634393,28,4919.0,0.05057604941336614,3,20.0,0.27042040284204283,75,8663.0
1565.0,-0.44250000000000006,493,96,32,81,539,635,0,7828.0,81.54166666666667,1.7869618496296054,25,1713.0,0.061246280595606696,21,2097.0,0.04155849648570565,28,4982.0,0.0,7,48.0,0.19676798875035043,81,8840.0
1570.0,-0.20750000000000032,496,91,32,80,544,635,0,7756.0,85.23076923076923,0.7938978440530613,26,1839.0,0.0011081898202789367,21,2061.0,0.0,25,4936.0,0.012279217209437733,8,87.0,0.03322047727938115,80,8923.0
1575.0,-0.254999999999999,500,90,34,78,546,636,0,7430.0,82.55555555555556,1.1028827518325415,27,1974.0,0.034706660998399676,21,2166.0,0.0,20,4748.0,0.048251732907341464,10,137.0,0.1999625987732025,78,9025.0
1580.0,0.1324999999999994,504,88,36,77,549,637,0,7672.0,87.18181818181819,1.2020863220553688,27,2109.0,0.022814475384273218,21,2271.0,0.0,19,4405.0,0.08196375905688515,10,187.0,0.30576542183767924,77,8972.0
1585.0,0.2649999999999988,507,88,38,75,549,637,0,6928.0,78.72727272727273,0.9943454025971284,26,2050.0,0.011679045886332381,21,2376.0,0.0,18,4203.0,0.02619662071975752,10,237.0,0.22558354960014168,75,8866.0
1590.0,1.4875000000000007,511,90,38,69,549,639,0,5793.0,64.36666666666666,1.9397144222389575,22,1780.0,0.08068894102442184,21,2483.0,0.10500769747388705,15,3714.0,0.05962707083467904,11,294.0,0.19616132226471295,69,8271.0
1595.0,2.4800000000000004,515,90,40,60,549,639,0,4908.0,54.53333333333333,2.874784612681419,18,1329.0,0.07983925388929004,21,2588.0,0.16615790127048521,10,3013.0,0.14419389709048364,11,349.0,0.27889544764478197,60,7279.0
1600.0,1.2325,519,87,42,53,552,639,0,4312.0,49.5632183908046,3.290785055309098,15,1092.0,0.12815435711782025,21,2693.0,0.16075369196349254,6,2599.0,0.2692036920789124,11,402.0,0.33689588873994336,53,6786.0
1605.0,1.4124999999999996,523,87,42,50,554,641,0,3973.0,45.666666666666664,3.775842284230382,12,1003.0,0.286519935110832,24,2806.0,0.12495703517981556,3,1955.0,0.43333612725316717,11,457.0,0.29084833096984164,50,6221.0
1610.0,1.2875000000000003,527,91,40,53,554,645,0,4207.0,46.23076923076923,3.459613360190618,12,901.0,0.32810344315799617,27,2933.0,0.06011612394019337,3,1385.0,0.46134654062666847,11,487.0,0.24257238934683445,53,5706.0
1615.0,0.4449999999999996,531,92,40,59,556,648,0,4487.0,48.77173913043478,2.7903952295555365,12,851.0,0.3052433113481315,30,3077.0,0.059168126866599266,3,1050.0,0.5168050896576476,14,550.0,0.1733910289252661,59,5528.0
1620.0,0.5725000000000005,535,93,38,66,558,651,0,4802.0,51.634408602150536,1.9303463759938624,14,897.0,0.20961255163640857,33,3237.0,0.032987422402715114,3,539.0,0.5151103528811687,16,626.0,0.08130287883087835,66,5299.0
1625.0,-0.8900000000000008,539,96,37,76,558,654,0,5158.0,53.729166666666664,1.156745904685006,15,968.0,0.057050454478779475,38,3414.0,0.0024895018406738334,3,554.0,0.5775096426479208,20,719.0,0.03179649997539002,76,5655.0
1630.0,-1.0249999999999997,543,100,35,85,558,658,0,5568.0,55.68,0.897129772654952,18,1056.0,0.09545093552939342,40,3611.0,8.646732764358095e-05,3,569.0,0.37127658995500445,24,829.0,0.010667318900856027,85,6065.0
1635.0,-0.3850000000000009,547,104,35,85,558,662,0,5277.0,50.74038461538461,1.0442454638360263,19,1149.0,0.15157228580822948,34,3520.0,0.021889310102578927,5,592.0,0.21985695476246278,27,958.0,0.0009678867412593321,85,6219.0
1640.0,0.09000000000000052,551,110,33,86,558,668,0,4825.0,43.86363636363637,1.6644340016284398,21,1248.0,0.1819842784789275,29,3207.0,0.03848877683913487,8,628.0,0.15568983496864186,28,1100.0,0.08349055403711342,86,6183.0
1645.0,0.27,555,113,31,88,558,671,0,4560.0,40.35398230088496,1.5424172839502266,22,1356.0,0.12041793029155377,25,2798.0,0.07035189635671893,12,680.0,0.11239026421667996,29,1241.0,0.04021894726597599,88,6075.0
1650.0,-0.24749999999999983,559,114,31,93,560,674,0,4157.0,36.46491228070175,0.805394152153368,26,1481.0,0.011986825865819058,20,2550.0,0.12031203098294938,15,748.0,0.07157442689362155,32,1395.0,0.009502605698427197,93,6174.0
1655.0,-1.2025000000000006,563,115,32,100,561,676,0,4296.0,37.356521739130436,0.5496298694645692,28,1619.0,0.029991402745848102,20,2646.0,0.13160174273480912,18,830.0,0.013103876404425925,34,1560.0,0.0011161840438092688,100,6655.0
1660.0,-1.315,567,118,32,109,561,679,0,4821.0,40.855932203389834,0.29654114571535317,29,1760.0,0.00020733377940789603,23,2755.0,0.08287807416665019,21,927.0,0.0016229896729559414,36,1739.0,3.85010082763425e-06,109,7181.0
1665.0,-1.3975,571,122,30,112,561,683,0,5379.0,44.09016393442623,0.3498180467747839,29,1905.0,0.05360165551920239,25,2880.0,0.04383817732023186,22,1036.0,3.202208035373245e-05,36,1919.0,0.0,112,7740.0
1670.0,-1.1375000000000002,575,125,29,114,561,686,0,5605.0,44.84,0.40390129008718634,30,2052.0,0.04938681144523355,29,3019.0,0.02747582674461738,22,1148.0,0.02195654121404823,33,1976.0,0.010836957495284634,114,8195.0
1675.0,-0.8524999999999987,579,126,28,113,561,687,0,5626.0,44.65079365079365,0.44360874833616665,31,2205.0,0.0017542630174921475,32,3174.0,0.0037806136595974226,22,1258.0,0.10369579111562588,28,1899.0,0.04061332485166674,113,8536.0
1680.0,-0.5950000000000002,583,127,27,113,561,688,0,5885.0,46.338582677165356,0.788213920490589,32,2364.0,0.0,36,3347.0,0.0005861163274717149,22,1368.0,0.1860672710475495,23,1695.0,0.06574586832643389,113,8774.0
1685.0,-0.5850000000000004,587,128,28,110,561,689,0,6322.0,49.390625,1.2817606456633508,32,2524.0,0.0299398654043105,37,3531.0,2.470610780564788e-05,22,1476.0,0.1760849921420712,19,1477.0,0.12039486804909368,110,9008.0
1690.0,-0.4699999999999993,591,128,29,106,561,689,0,6728.0,52.5625,1.5609917084298996,32,2684.0,0.007496865263987274,34,3497.0,0.0062878795187544,22,1586.0,0.14259760009202885,18,1429.0,0.1738809251746342,106,9196.0
1695.0,-1.0700000000000016,595,127,33,104,562,689,0,7093.0,55.8503937007874,1.6443212891676833,33,2848.0,1.914944984003065e-06,31,3656.0,0.011978858105688082,22,1696.0,0.06707249712005901,18,1424.0,0.16320761747942913,104,9624.0
1700.0,-1.2924999999999986,598,126,34,104,564,690,0,7492.0,59.46031746031746,1.2360494562540931,33,3013.0,0.014549518733799133,30,3807.0,0.012444749903729506,22,1806.0,0.0,19,1515.0,0.0553835722335383,104,10141.0
1705.0,-0.7900000000000014,602,123,35,103,568,691,0,7295.0,59.3089430894309,0.8708655354623291,31,2975.0,0.03432485223633899,28,3949.0,0.011003894961368268,22,1916.0,0.0,22,1617.0,0.0016538331573273143,103,10457.0
1710.0,-0.3424999999999985,606,117,35,102,574,691,0,6942.0,59.333333333333336,0.6210434475803797,27,2740.0,0.03643183590621977,30,4094.0,0.009847124073929025,22,2028.0,0.09738985146352828,23,1732.0,2.5270702690098353e-05,102,10594.0
1715.0,0.6925000000000008,609,118,36,99,575,693,0,6515.0,55.21186440677966,0.9450090911744815,23,2358.0,0.06415514939977779,34,4254.0,0.0030223880979882854,19,1858.0,0.17370495002508363,23,1847.0,0.0,99,10317.0
1720.0,0.8924999999999979,612,119,36,99,575,694,0,6845.0,57.52100840336134,1.2847071814733544,20,2155.0,0.137446583625737,36,4431.0,0.00038966163043195303,20,1410.0,0.16586156181694495,23,1964.0,0.07553797129049906,99,9960.0
1725.0,-0.1949999999999985,616,119,37,101,575,694,0,7342.0,61.69747899159664,1.2681286366276017,19,1828.0,0.16346001373899088,37,4616.0,7.622190061458306e-06,22,1515.0,0.10774312020011473,23,2079.0,0.10795361605947146,101,10038.0
1730.0,-0.7450000000000006,620,119,39,106,575,694,0,7862.0,66.0672268907563,0.7942371119235153,19,1700.0,0.14114235995955465,37,4801.0,2.2382432251461678e-07,26,1637.0,0.07861402459475854,24,2198.0,0.002745061758323287,106,10336.0
1735.0,-1.2300000000000004,624,119,41,112,575,694,0,8411.0,70.68067226890756,0.41891814603709143,19,1737.0,0.08342629232081222,37,4986.0,0.0,30,1778.0,0.032800470506486795,26,2327.0,0.0,112,10828.0
1740.0,-1.4174999999999995,628,119,44,115,575,694,0,8981.0,75.47058823529412,0.06375118581022851,19,1829.0,0.0,37,5171.0,0.0,33,1938.0,0.006598585622251559,26,2457.0,1.0920872088823744e-06,115,11395.0
1745.0,-1.4625000000000004,632,119,44,119,575,694,0,9566.0,80.38655462184875,0.0012534531169542615,19,1924.0,0.0,37,5356.0,0.0,37,2113.0,0.00028983790092364367,26,2587.0,0.0,119,11980.0
1750.0,-1.4874999999999998,636,120,48,119,575,695,0,10161.0,84.675,0.09359556265226855,19,2019.0,0.045663338390141396,37,5541.0,0.0,37,2298.0,2.3138113483307035e-06,26,2717.0,0.0,119,12575.0
1755.0,-1.0874999999999986,640,121,50,116,575,696,0,10298.0,85.10743801652893,0.29812812480439066,19,2114.0,0.09056793517680539,34,5566.0,0.010222065815847016,37,2483.0,0.0,26,2847.0,0.0,116,13010.0
1760.0,-0.27500000000000124,644,121,51,108,575,696,0,9676.0,79.96694214876032,0.6321817315311408,19,2209.0,0.056408595348688785,29,5421.0,0.03961629898212203,37,2668.0,0.0,23,2822.0,0.009250523371433587,108,13120.0
1765.0,0.6824999999999992,648,121,52,93,575,696,0,8205.0,67.8099173553719,1.333506831461369,17,2158.0,0.02756115034048725,24,5106.0,0.06303468534433386,37,2853.0,0.0,15,2730.0,0.051587282954448484,93,12847.0
1770.0,1.5150000000000015,652,120,53,82,576,696,0,6860.0,57.166666666666664,2.193829121895154,13,1950.0,0.061970303441181075,20,4779.0,0.1652889186372153,37,3038.0,0.0,12,2474.0,0.058010873213540204,82,12241.0
1775.0,1.1999999999999993,656,115,54,75,581,696,0,6409.0,55.7304347826087,2.632196258508351,12,1623.0,0.10516824922619351,19,4581.0,0.224292556993546,37,3223.0,0.0,7,2334.0,0.07687243899171545,75,11761.0
1780.0,1.1650000000000005,660,111,55,70,586,697,0,6049.0,54.4954954954955,2.9179526010078343,12,1437.0,0.11769431128289866,19,4531.0,0.21136765293310367,34,3255.0,0.008755032812468729,5,2072.0,0.2032780900341964,70,11295.0
1785.0,1.6224999999999996,663,107,56,65,591,698,0,5673.0,53.018691588785046,2.7798865645879314,12,1374.0,0.08351206780341767,19,4483.0,0.16090954662230972,29,3120.0,0.026312728616724353,5,1669.0,0.3453031324498651,65,10646.0
1790.0,0.2774999999999994,667,105,56,65,595,700,0,5292.0,50.4,2.489244694445167,14,1437.0,0.12051852171928398,22,4438.0,0.041967790656337496,24,3250.0,0.03901837616464302,5,1410.0,0.37160772015486465,65,10535.0
1795.0,1.3549999999999995,671,102,57,61,599,701,0,5048.0,49.490196078431374,2.752258118895155,14,1507.0,0.1582541372506277,19,4395.0,0.08072279240244314,20,3073.0,0.050304452414109406,8,1018.0,0.33620640994402295,61,9993.0
1800.0,1.0200000000000014,675,100,58,63,601,701,0,5082.0,50.82,2.992912826314531,15,1578.0,0.05085112089401123,19,4343.0,0.0844871090955769,18,2881.0,0.08414480434510353,11,783.0,0.3566203853824172,63,9585.0
