step,reward,system_total_running,system_total_backlogged,system_total_stopped,system_total_arrived,system_total_departed,system_total_teleported,system_total_waiting_time,system_mean_waiting_time,system_mean_speed,1_stopped,1_accumulated_waiting_time,1_average_speed,2_stopped,2_accumulated_waiting_time,2_average_speed,5_stopped,5_accumulated_waiting_time,5_average_speed,6_stopped,6_accumulated_waiting_time,6_average_speed,agents_total_stopped,agents_total_accumulated_waiting_time
5.0,0.0,4,0,0,0,4,0,0.0,0.0,13.66627268625153,0,0.0,0.9582938966821661,0,0.0,1.0,0,0.0,1.0,0,0.0,1.0,0,0.0
10.0,0.0,8,0,0,0,8,0,0.0,0.0,13.6842741341352,0,0.0,0.9458305153271698,0,0.0,0.9294825060209415,0,0.0,0.9297083481600866,0,0.0,1.0,0,0.0
15.0,0.0,8,0,0,0,8,0,0.0,0.0,11.950280856877868,0,0.0,0.7180275402585861,0,0.0,0.9668555860058579,0,0.0,0.9407578228111672,0,0.0,1.0,0,0.0
20.0,0.0,8,0,0,0,8,0,0.0,0.0,8.835423444034099,0,0.0,0.2396995289434265,0,0.0,1.0,0,0.0,0.8367161512699636,0,0.0,0.9670973654439214,0,0.0
25.0,-0.02,11,0,2,0,11,0,7.0,0.6363636363636364,10.570896732148562,2,7.0,0.3074026238903837,0,1.0,0.9345332060572212,0,0.0,0.8219939339727753,0,0.0,0.9723884435056531,2,8.0
30.0,0.0025000000000000022,15,0,0,0,15,0,0.0,0.0,11.454828363355166,0,6.0,0.7389497221297201,0,1.0,0.9764910733195777,0,0.0,0.903410521233721,0,0.0,0.12303449541157291,0,7.0
35.0,0.012499999999999997,17,0,0,0,17,0,0.0,0.0,11.18479273077439,0,0.0,0.5842739909430826,0,0.0,0.36428502444373145,0,2.0,0.9199601367662468,0,0.0,0.7217614611550287,0,2.0
40.0,0.0,16,0,0,3,19,0,0.0,0.0,10.701402163446737,0,0.0,0.3585639160374889,0,0.0,1.0,0,2.0,0.941817875998846,0,0.0,0.9489762102182049,0,2.0
45.0,-0.03,15,0,3,5,20,0,10.0,0.6666666666666666,8.436318138548051,2,9.0,0.3023048980088738,0,2.0,0.9891710202616837,1,3.0,0.5146909531188999,0,0.0,0.8009189824845222,3,14.0
50.0,-0.035,14,0,5,6,20,0,17.0,1.2142857142857142,4.4748410687632845,0,7.0,0.35129782538518367,0,2.0,0.9271910226405797,4,17.0,0.16375320926583073,1,2.0,0.3644921889197155,5,28.0
55.0,-0.007500000000000001,17,0,5,6,23,0,20.0,1.1764705882352942,6.0304949777564705,1,1.0,0.7256094177753599,0,0.0,1.0,3,27.0,0.3055712376198684,1,3.0,0.11827047732807437,5,31.0
60.0,-0.0525,21,0,6,6,27,0,50.0,2.380952380952381,8.692031522088909,1,6.0,0.7900512121230324,0,0.0,1.0,4,39.0,0.414800093295629,1,7.0,0.0,6,52.0
65.0,0.007500000000000003,22,0,2,7,29,0,21.0,0.9545454545454546,6.840420013982567,1,11.0,0.4590805937257364,0,0.0,1.0,1,38.0,0.3271223168673215,0,0.0,1.0,2,49.0
70.0,0.0175,20,0,4,11,31,0,27.0,1.35,7.599329622740909,2,22.0,0.3193271076118867,0,0.0,1.0,2,18.0,0.5474366790740762,0,2.0,0.9088698483994766,4,42.0
75.0,0.0024999999999999988,19,0,2,12,31,0,31.0,1.631578947368421,7.804424334763559,2,31.0,0.37659434206553016,0,0.0,1.0,0,8.0,0.4920808905005722,0,2.0,0.8895870290189969,2,41.0
80.0,0.034999999999999996,20,0,3,13,33,0,11.0,0.55,7.452486975000386,0,14.0,0.04592060636549657,0,0.0,0.8013006084148724,3,13.0,0.4901422941879367,0,0.0,0.8113435535936202,3,27.0
85.0,-0.024999999999999994,22,0,5,13,35,0,35.0,1.5909090909090908,8.165270556880717,1,5.0,0.48556200367651775,0,2.0,0.9002742896746,4,30.0,0.30260241949481953,0,0.0,0.03143049724340063,5,37.0
90.0,-0.012500000000000004,23,0,3,16,39,0,17.0,0.7391304347826086,8.766063199769084,0,0.0,0.942151002815456,0,2.0,0.8566650774803802,1,32.0,0.25711487763462715,2,8.0,5.346931330751715e-05,3,42.0
95.0,0.045,21,0,2,19,40,0,3.0,0.14285714285714285,8.218766243158436,0,0.0,0.8737310353555363,1,3.0,0.38786195554866093,1,13.0,0.4688150954008638,0,8.0,0.6587545193981056,2,24.0
100.0,-0.0075,21,0,4,20,41,0,14.0,0.6666666666666666,7.339312869484156,0,0.0,0.8646994781589668,3,12.0,0.248964731071881,1,13.0,0.5670868328584705,0,2.0,0.8007485671742423,4,27.0
105.0,-0.0575,21,0,6,20,41,0,39.0,1.8571428571428572,6.767716083846345,1,1.0,0.030576905713891732,4,31.0,0.3226069590725145,1,16.0,8.71865885391225e-06,0,2.0,0.38434887609984675,6,50.0
110.0,-0.05000000000000002,22,0,8,22,44,0,66.0,3.0,6.7652483762773725,0,2.0,0.7952325613241925,5,55.0,0.26741927879844013,0,0.0,1.0,3,13.0,0.0013144794088946292,8,70.0
115.0,-0.1075,22,0,9,24,46,0,107.0,4.863636363636363,6.425119385288823,0,0.0,0.9197706764932635,6,81.0,0.002160713780544612,0,2.0,0.9337204380682695,3,30.0,0.24666089718733297,9,113.0
120.0,-0.05249999999999999,19,0,7,28,47,0,85.0,4.473684210526316,5.474120682262457,0,0.0,0.7078168290749223,4,87.0,0.06120037573327794,0,2.0,0.9440690150475524,3,45.0,0.09622575195116943,7,134.0
125.0,0.075,23,0,7,28,51,0,81.0,3.5217391304347827,6.7217639898413815,1,2.0,0.6766356248092094,2,36.0,0.5131971544619475,0,2.0,0.4573325072536124,4,64.0,0.40194496711914895,7,104.0
130.0,0.04999999999999999,25,0,2,28,53,0,8.0,0.32,7.143487176144804,0,0.0,0.7745793657071974,0,28.0,0.5645884119232252,1,2.0,0.35327401600901387,1,54.0,0.5092715188137976,2,84.0
135.0,0.11250000000000002,25,0,2,28,53,0,11.0,0.44,8.53210107121714,0,0.0,0.40718856421186017,1,20.0,0.061033061425216396,1,8.0,0.7420526607330045,0,11.0,0.6102523115267995,2,39.0
140.0,0.0175,28,0,5,28,56,0,22.0,0.7857142857142857,7.552795229396247,2,8.0,0.40673379463991133,0,6.0,0.43360603536280823,1,13.0,0.5170888116360969,2,5.0,0.05942339419253148,5,32.0
145.0,-0.0325,24,0,7,32,56,0,41.0,1.7083333333333333,7.735962989859939,3,22.0,0.3844798435527671,0,0.0,0.9724183523306665,0,0.0,0.14429473110936475,4,23.0,0.3576459667713848,7,45.0
150.0,-0.042499999999999996,21,0,5,38,59,0,41.0,1.9523809523809523,6.599092902783214,3,29.0,0.25000952689859424,0,0.0,0.5962673894195257,1,5.0,0.5130282120798355,1,28.0,0.5209089208415265,5,62.0
155.0,0.007500000000000007,20,0,4,40,60,0,46.0,2.3,7.582320299213123,3,44.0,0.227604375550966,1,2.0,0.0016367014111671385,0,2.0,0.9133441741691213,0,11.0,0.5395423196986001,4,59.0
160.0,0.037500000000000006,20,0,1,40,60,0,7.0,0.35,6.345070402965842,0,31.0,0.2091822626838682,1,7.0,0.0,0,2.0,0.7359634441414901,0,4.0,0.136520803467299,1,44.0
165.0,0.015,23,0,7,40,63,0,32.0,1.391304347826087,6.677575014597705,1,4.0,0.6421616379984078,1,14.0,0.7064969067728627,0,0.0,0.11990985772011846,5,20.0,0.0003085248853741481,7,38.0
170.0,3.469446951953614e-18,19,0,3,44,63,0,22.0,1.1578947368421053,7.988927498581835,0,0.0,0.9579343563311624,0,2.0,0.8045750975270588,1,5.0,7.5793007416908964e-06,2,31.0,0.42366628607707535,3,38.0
175.0,0.0024999999999999988,22,0,3,46,68,0,28.0,1.2727272727272727,9.182828506096634,0,0.0,0.8601530536617761,1,3.0,0.5006065963653074,0,2.0,0.9429096038399171,2,32.0,0.6221966386084596,3,37.0
180.0,0.03,25,0,0,46,71,0,0.0,0.0,9.129875083590559,0,0.0,0.9558687946880372,0,4.0,0.5610108835271339,0,2.0,0.8345723339160611,0,19.0,0.3969392578595617,0,25.0
185.0,0.0475,28,0,2,48,76,0,2.0,0.07142857142857142,10.305009733121551,0,0.0,0.829572740523031,0,0.0,0.8976034501278851,1,3.0,0.0624918549812686,1,3.0,0.47882149937578433,2,6.0
190.0,-0.0475,26,0,5,50,76,0,21.0,0.8076923076923077,8.115973720577811,2,4.0,0.45067766636748685,0,0.0,0.7101228569175927,2,13.0,0.0,1,8.0,0.017966705498597812,5,25.0
195.0,-0.015000000000000001,25,0,2,52,77,0,15.0,0.6,7.271437371970335,0,6.0,0.2523260491628768,0,0.0,0.5354079329278145,0,8.0,0.12724428092645224,2,17.0,0.4827047679866494,2,31.0
200.0,0.0325,23,0,3,57,80,0,9.0,0.391304347826087,8.232279261432973,2,8.0,0.46296632463557397,1,1.0,0.09504380163601885,0,2.0,0.8487334769744533,0,7.0,0.7345059719035113,3,18.0
205.0,0.010000000000000004,25,0,1,58,83,0,6.0,0.24,10.14118178711262,0,6.0,0.6063300628329509,1,6.0,0.23533102545828039,0,2.0,0.8924126357039484,0,0.0,0.6569197642623226,1,14.0
210.0,-0.005000000000000002,28,0,2,60,88,0,12.0,0.42857142857142855,10.706113433112748,0,0.0,0.8293388029493325,1,13.0,0.6850399362793042,1,3.0,0.5838590027868603,0,0.0,0.9272533635867206,2,16.0
215.0,-3.469446951953614e-18,27,0,3,63,90,0,12.0,0.4444444444444444,9.948441991143616,0,0.0,0.5270521482585814,0,2.0,0.9296620278830714,3,14.0,0.5443064860270443,0,0.0,0.9361265649352838,3,16.0
220.0,-0.017499999999999998,21,0,2,69,90,0,6.0,0.2857142857142857,8.288564991012263,1,5.0,0.4832493762006423,1,3.0,0.21656662101527058,0,13.0,0.565117470174101,0,2.0,0.9284942525273516,2,23.0
225.0,0.02,25,0,4,70,95,0,9.0,0.36,8.651765341277496,1,1.0,0.5015767510578373,0,4.0,0.4237396389297436,3,8.0,0.5903560736239346,0,2.0,0.7175487085895349,4,15.0
230.0,-0.025,24,0,4,71,95,0,13.0,0.5416666666666666,8.38286419436935,1,6.0,0.4841958007026452,0,2.0,0.966590697504709,2,14.0,0.3135817802541373,1,3.0,3.377925157174269e-05,4,25.0
235.0,0.025,24,0,3,74,98,0,11.0,0.4583333333333333,9.171084999104925,0,0.0,0.724722713332764,0,2.0,0.9799698736007856,3,11.0,0.33498078138529686,0,2.0,0.8283687952413173,3,15.0
240.0,-0.015,24,0,2,78,102,0,3.0,0.125,9.637798114832366,0,0.0,0.9705754639092138,1,3.0,0.5023043044759216,1,16.0,0.4862499074824423,0,2.0,0.935985212012137,2,21.0
245.0,0.009999999999999998,25,0,3,80,105,0,15.0,0.6,8.367192684932746,0,0.0,0.695813095801127,0,0.0,0.9569208450625389,3,17.0,0.4128245365007196,0,0.0,0.3017092231088754,3,17.0
250.0,-0.09,27,0,11,81,108,0,51.0,1.8888888888888888,6.219464658398325,2,4.0,0.5635609098991645,0,0.0,0.8164275637629554,6,41.0,0.1973511500184878,3,8.0,0.0017486431732101884,11,53.0
255.0,-0.115,27,0,9,84,111,0,83.0,3.074074074074074,4.994600585186503,0,4.0,0.32028394494867035,0,0.0,0.778204802147246,9,85.0,0.10555286083133451,0,10.0,0.12421944528306966,9,99.0
260.0,-0.07250000000000001,26,0,10,87,113,0,118.0,4.538461538461538,6.711408549739064,1,4.0,0.6851468415759989,0,0.0,0.9576211147644098,9,124.0,0.2027074913941475,0,0.0,0.9396729625496446,10,128.0
265.0,-0.09499999999999999,28,0,10,87,115,0,164.0,5.857142857142857,7.0241780318421405,0,0.0,0.966617561544992,0,0.0,0.028131960955875453,10,166.0,0.2882755438444204,0,0.0,0.942013220292264,10,166.0
270.0,-0.14500000000000005,26,0,12,89,115,0,222.0,8.538461538461538,6.2118803158456615,0,0.0,0.9221182824618338,2,10.0,0.4713028459780757,10,214.0,0.16048929956529728,0,0.0,1.0,12,224.0
275.0,-0.13,24,0,12,92,116,0,268.0,11.166666666666666,4.875635355785316,0,0.0,0.9728106685142502,0,8.0,0.6571715899939649,12,268.0,0.12291220187903526,0,0.0,1.0,12,276.0
280.0,-0.15249999999999997,24,0,13,94,118,0,333.0,13.875,3.826726861342055,0,0.0,0.6397486866857723,0,2.0,0.16118509450960988,13,333.0,0.0622130775658653,0,2.0,0.8682367722129769,13,337.0
285.0,-0.14249999999999996,24,0,13,96,120,0,384.0,16.0,4.116271318281773,1,4.0,0.7128181018132482,0,0.0,0.23205488483426553,12,388.0,0.05984773640377576,0,2.0,0.9816513153414731,13,394.0
290.0,-0.12,26,0,13,96,122,0,442.0,17.0,5.16818331067116,0,0.0,0.5681360981754426,0,0.0,0.8940727495984779,13,442.0,1.3356780235971737e-05,0,0.0,1.0,13,442.0
295.0,-0.029999999999999957,28,0,11,96,124,0,347.0,12.392857142857142,6.194006508636863,1,5.0,0.5935906702495534,0,2.0,0.881271726476447,10,447.0,0.03241669783824563,0,0.0,1.0,11,454.0
300.0,0.17499999999999993,24,0,5,101,125,0,141.0,5.875,7.03033578269184,0,3.0,0.6057896763197124,0,2.0,0.88436195359249,5,377.0,0.13240586070973642,0,2.0,0.9249782160577178,5,384.0
305.0,0.09499999999999997,25,0,3,103,128,0,21.0,0.84,7.874628295473824,1,3.0,0.5485593223155122,0,0.0,0.9909881810957302,2,341.0,0.3577600060646775,0,2.0,0.914208368170604,3,346.0
310.0,-0.032499999999999925,28,0,5,103,131,0,16.0,0.5714285714285714,6.56047283646973,0,1.0,0.7402707994913227,0,0.0,0.6429761659864813,4,355.0,0.33737538406925255,1,3.0,0.4494219265570508,5,359.0
315.0,-0.07500000000000007,29,0,8,103,132,0,46.0,1.5862068965517242,5.775651218613361,1,1.0,0.703118007253184,0,2.0,0.9053704567106,7,383.0,0.10266145084545832,0,3.0,0.1104296638780055,8,389.0
320.0,-0.11749999999999994,32,0,12,105,137,0,94.0,2.9375,7.004027069819803,1,1.0,0.6214649196976219,0,2.0,0.9660530894703612,10,426.0,0.0016469634909957842,1,7.0,0.6094475667904038,12,436.0
325.0,-0.14750000000000008,33,0,13,106,139,0,153.0,4.636363636363637,7.498826462799947,2,10.0,0.6650059894932477,0,0.0,0.9157406919734838,11,483.0,0.14181125295833785,0,2.0,0.9065167419382935,13,495.0
330.0,-0.15999999999999995,35,0,14,108,143,0,219.0,6.257142857142857,6.015159304478052,2,20.0,0.46772451189566044,1,1.0,0.3668073923990318,11,538.0,0.14013131704171644,0,0.0,0.8681590418600407,14,559.0
335.0,-0.0025000000000000022,33,0,15,112,145,0,213.0,6.454545454545454,4.844813013377967,5,41.0,0.3629882726760435,0,2.0,0.3568293530125267,10,517.0,0.0945187556241529,0,0.0,1.0,15,560.0
340.0,0.20500000000000007,33,0,11,114,147,0,145.0,4.393939393939394,5.483033109301192,5,68.0,0.20292287311352508,0,0.0,0.9567862284752894,6,406.0,0.09077451527255244,0,4.0,0.8888506973887155,11,478.0
345.0,-0.125,32,0,11,116,148,0,142.0,4.4375,6.057920279437884,6,93.0,0.2098997649420376,0,0.0,0.9180551454671719,5,431.0,0.2698567274783967,0,4.0,0.9450321993495195,11,528.0
350.0,-0.07500000000000001,34,0,13,117,151,0,128.0,3.764705882352941,4.565724431588961,5,92.0,0.20756910484719324,0,0.0,0.6299935320311554,8,464.0,0.2573027598901124,0,2.0,0.29943874474433635,13,558.0
355.0,0.022499999999999857,36,0,12,117,153,0,71.0,1.9722222222222223,4.817452724086527,2,61.0,0.31729464189996137,0,2.0,0.8760521644279725,10,482.0,0.09098045514395242,0,4.0,0.13122884329967768,12,549.0
360.0,0.0025000000000001063,35,0,10,119,154,0,101.0,2.8857142857142857,6.048582097797305,1,57.0,0.19003117738540212,0,2.0,0.9336675652266719,9,488.0,0.09402948339837858,0,1.0,0.9497714292797085,10,548.0
365.0,-0.12499999999999997,36,0,13,120,156,0,160.0,4.444444444444445,7.0042933505191165,4,71.0,0.23044334784261208,0,0.0,0.8918018798233509,9,526.0,0.12515637739100563,0,1.0,0.9565511043501425,13,598.0
370.0,0.07500000000000001,35,0,13,124,159,0,154.0,4.4,6.137962153525812,6,96.0,0.29890940930422366,0,0.0,0.08618424565219304,7,472.0,0.1636108131105465,0,0.0,1.0,13,568.0
375.0,0.2924999999999999,33,0,13,129,162,0,107.0,3.242424242424242,6.122009008504189,9,136.0,0.2730581849156219,0,0.0,0.9852949395113875,4,313.0,0.1241092703972687,0,2.0,0.8479391664683932,13,451.0
380.0,-0.11500000000000005,29,0,11,133,162,0,130.0,4.482758620689655,5.221203491200741,9,181.0,0.15198681824903612,0,0.0,0.9324639794143983,2,314.0,0.15618281909163223,0,2.0,0.9054774353555167,11,497.0
385.0,-0.13249999999999995,30,0,13,134,164,0,190.0,6.333333333333333,4.983734133157697,9,226.0,0.09852292982215907,0,0.0,0.8475701130995199,4,322.0,0.35209741076554685,0,2.0,0.44721148309454667,13,550.0
390.0,0.13999999999999999,32,0,14,134,166,0,158.0,4.9375,5.105861032698938,6,218.0,0.032265557854443024,1,2.0,0.0004809553598518083,4,261.0,0.49010278068392343,3,13.0,0.2372154163417795,14,494.0
395.0,0.475,32,0,4,136,168,0,34.0,1.0625,6.118517414821763,2,154.0,0.16155701545398246,1,9.0,0.6718539320475809,1,126.0,0.2950373026829067,0,15.0,0.5584141817594699,4,304.0
400.0,-0.015000000000000034,35,0,5,137,172,0,23.0,0.6571428571428571,6.999092823017084,1,159.0,0.3484017354324972,1,14.0,0.7596547636383439,3,135.0,0.15108227555096082,0,2.0,0.9135325698158893,5,310.0
405.0,-0.042499999999999954,34,0,10,138,172,0,45.0,1.3235294117647058,4.863638531913118,4,175.0,0.1544840590199339,0,0.0,0.533016947178787,5,149.0,0.06678203259646097,1,3.0,0.09164069039022633,10,327.0
410.0,0.0825,33,0,14,140,173,0,58.0,1.7575757575757576,5.182293621487251,4,155.0,0.23940487863765972,2,5.0,0.42533657146254866,5,118.0,0.0457470649721593,3,16.0,0.4552031611098369,14,294.0
415.0,0.3575,30,0,4,144,174,0,25.0,0.8333333333333334,7.15301632803179,1,70.0,0.39572227787855185,2,17.0,0.5058451111464424,1,47.0,0.27211383052436117,0,17.0,0.7192384390879603,4,151.0
420.0,0.04249999999999999,30,0,4,145,175,0,13.0,0.43333333333333335,6.81714660760167,2,76.0,0.36541095717534045,0,11.0,0.6899623171467695,1,42.0,0.04598428961616807,1,5.0,0.6088952215477915,4,134.0
425.0,-0.09,34,0,13,145,179,0,62.0,1.8235294117647058,6.69913713166172,6,98.0,0.35501104718782345,0,0.0,0.5979435717186055,4,59.0,0.19181574184570455,3,13.0,0.15763336463571598,13,170.0
430.0,-0.08750000000000002,32,0,14,147,179,0,110.0,3.4375,6.297693879771531,5,91.0,0.2857748258993601,0,0.0,1.0,4,79.0,0.18373089079551147,5,35.0,7.873196024165095e-05,14,205.0
435.0,0.04500000000000001,28,0,10,152,180,0,121.0,4.321428571428571,5.327416624423897,4,47.0,0.23299019789874875,0,2.0,0.900444465969244,4,99.0,0.0015302827420750867,2,39.0,0.06696376123763978,10,187.0
440.0,0.10750000000000001,25,0,4,157,182,0,34.0,1.36,6.154458479766732,2,42.0,0.1880227671510572,0,2.0,0.8510330675947374,2,82.0,0.06444219016572919,0,18.0,0.4438725425357336,4,144.0
445.0,0.2125,25,0,2,158,183,0,8.0,0.32,8.608030523848232,2,24.0,0.17314619460890174,0,0.0,0.8607956737777789,0,33.0,0.6004240854946663,0,2.0,0.960535544713975,2,59.0
450.0,-0.007499999999999993,25,0,4,159,184,0,6.0,0.24,9.02384401637828,2,24.0,0.3042139005063028,0,0.0,0.8583316378009211,2,36.0,0.5304689573182612,0,2.0,0.9820162000419836,4,62.0
455.0,-0.027500000000000007,24,0,4,163,187,0,26.0,1.0833333333333333,8.45937056467554,2,25.0,0.48355852902796703,0,2.0,0.8286808586442908,2,46.0,0.2924109070946701,0,0.0,0.9260627932817747,4,73.0
460.0,-0.002500000000000007,25,0,3,165,190,0,24.0,0.96,8.331349618131421,0,15.0,0.7061181834874729,0,2.0,0.9316710978324183,2,56.0,0.26967879489802166,1,1.0,0.6191370780638071,3,74.0
465.0,-0.002499999999999976,26,0,4,168,194,0,42.0,1.6153846153846154,8.827307204757995,0,0.0,0.7611999505408501,0,0.0,0.6570544117703615,3,69.0,0.4468655276779023,1,6.0,0.6422152435869126,4,75.0
470.0,0.0875,26,0,2,169,195,0,6.0,0.23076923076923078,8.898259013544001,0,0.0,0.6119458278973972,1,5.0,0.5510629597953182,1,35.0,0.5586421592171045,0,0.0,0.7341714092601889,2,40.0
475.0,0.075,25,0,2,171,196,0,4.0,0.16,7.7000292588791135,1,1.0,0.4706780828866837,0,1.0,0.6186954085210374,0,3.0,0.33262159632279054,1,5.0,0.4078899231279954,2,10.0
480.0,-0.07499999999999998,23,0,8,174,197,0,33.0,1.434782608695652,7.897641913042953,1,6.0,0.46653241891125385,0,1.0,0.9078084616174911,4,12.0,0.028577391143997273,3,21.0,0.6246532235257846,8,40.0
485.0,-0.05999999999999999,23,0,6,176,199,0,44.0,1.9130434782608696,6.050011959413024,1,11.0,0.4990488773922913,0,0.0,0.4993378484280515,5,35.0,0.24695814841499192,0,18.0,0.425684310349139,6,64.0
490.0,-0.022500000000000003,24,0,8,176,200,0,69.0,2.875,5.908400713039602,0,0.0,0.2539712677718391,1,5.0,6.080217603904035e-05,5,60.0,0.35806048243073985,2,8.0,0.17821835026987656,8,73.0
495.0,-0.034999999999999996,25,0,6,178,203,0,59.0,2.36,6.184288235309695,0,0.0,1.0,0,0.0,0.9128800370611632,4,72.0,0.38171116763885504,2,15.0,0.07140686981328515,6,87.0
500.0,-0.027500000000000004,30,0,6,179,209,0,88.0,2.933333333333333,9.024417119726646,0,0.0,0.883579749629236,0,0.0,0.9768404816773435,3,73.0,0.4071659908824031,3,25.0,0.5105109956234125,6,98.0
505.0,-0.08000000000000002,28,0,7,182,210,0,120.0,4.285714285714286,8.739093880679302,0,0.0,0.8913735148896874,0,0.0,0.5710780815470017,4,90.0,0.13874828011641552,3,40.0,0.5657863786289148,7,130.0
510.0,-0.01749999999999998,28,0,8,186,214,0,68.0,2.4285714285714284,6.347883550281866,0,0.0,0.6138686840047397,1,3.0,0.6331522727292059,2,75.0,0.4577351305623446,5,59.0,0.3203823366122079,8,137.0
515.0,0.11999999999999997,31,0,8,186,217,0,32.0,1.032258064516129,6.873926694230238,3,7.0,0.47649346705082135,0,0.0,0.8987165898694399,0,15.0,0.8055158484887286,5,67.0,0.06925827910624016,8,89.0
520.0,0.0175,34,0,10,186,220,0,53.0,1.5588235294117647,6.99645920911599,0,10.0,0.4611678829139842,1,1.0,0.6461291928217631,2,19.0,0.48298689059628697,7,52.0,0.27629203594970814,10,82.0
525.0,-0.11,35,0,12,188,223,0,105.0,3.0,7.112724475794365,1,4.0,0.6361246797058202,0,2.0,0.7270621770057385,4,33.0,0.1702456080536891,7,87.0,0.290707641610213,12,126.0
530.0,-0.0925,34,0,13,191,225,0,135.0,3.9705882352941178,5.903270660158605,1,1.0,0.5089521705763277,2,7.0,0.6745874697625006,2,30.0,0.27300078653857873,8,125.0,0.1684522862018153,13,163.0
535.0,-0.0975,33,0,13,193,226,0,181.0,5.484848484848484,4.726363664001034,2,11.0,0.4111938472529702,0,6.0,0.20728018780336624,0,11.0,0.7697697632481311,11,174.0,0.0011019864811156813,13,202.0
540.0,-0.18749999999999997,32,0,18,194,226,0,267.0,8.34375,4.581140384926451,3,25.0,0.15903854982236595,3,14.0,0.1355157497514908,0,2.0,0.6444263460118463,12,236.0,0.1720582267231681,18,277.0
545.0,-0.10750000000000004,32,0,12,196,228,0,268.0,8.375,4.650795138148446,1,26.0,0.26935850924827337,0,14.0,0.40509633582261273,1,3.0,0.019732926378999732,10,277.0,0.2324861477141641,12,320.0
550.0,-0.03749999999999997,31,0,12,198,229,0,322.0,10.387096774193548,6.760581693316467,0,6.0,0.6118911462964697,0,2.0,0.9295428226961245,2,12.0,0.31853945120577837,10,315.0,0.1635340273760723,12,335.0
555.0,-0.037500000000000006,32,0,12,199,231,0,253.0,7.90625,5.552774408179906,1,9.0,0.25360725295545394,0,2.0,0.8221303201255463,2,22.0,0.26732687332769905,9,317.0,0.031145599950758163,12,350.0
560.0,0.07499999999999994,33,0,10,202,235,0,115.0,3.484848484848485,6.263141573448902,3,22.0,0.2251648925805359,0,0.0,0.6511312080734595,2,32.0,0.39301737708165313,5,266.0,0.14236902928190828,10,320.0
565.0,0.12500000000000008,32,0,4,206,238,0,12.0,0.375,7.572353573159299,0,16.0,0.46739894115806585,2,6.0,0.5867740096684376,1,22.0,0.5682737708029045,1,226.0,0.30797786233859176,4,270.0
570.0,0.04499999999999999,33,0,8,209,242,0,28.0,0.8484848484848485,7.359360172929243,1,3.0,0.7356555420741959,1,8.0,0.5392202253475357,2,11.0,0.377021513558359,4,230.0,0.2790212224556457,8,252.0
575.0,0.05750000000000001,34,0,7,211,245,0,32.0,0.9411764705882353,7.561274143865749,2,10.0,0.6335147363104717,2,11.0,0.534521148812692,0,7.0,0.4391427393228658,3,201.0,0.17543658563012682,7,229.0
580.0,0.19749999999999995,34,1,5,215,249,0,25.0,0.7352941176470589,6.899701214143016,4,23.0,0.32565906004799255,0,11.0,0.2619539208068313,0,0.0,0.5608215335276717,1,116.0,0.43773461284121656,5,150.0
585.0,-0.07750000000000001,35,0,12,218,253,0,63.0,1.8,6.731667321287821,5,46.0,0.5152275138565877,3,11.0,0.0005517931105201106,2,4.0,0.382540663312389,2,120.0,0.43063519893903657,12,181.0
590.0,-0.08250000000000002,35,0,10,220,255,0,62.0,1.7714285714285714,5.110145958779379,3,48.0,0.31178111865218816,0,11.0,0.4093546866307411,3,19.0,0.20173649530447957,4,136.0,0.33444029115694157,10,214.0
595.0,-0.06499999999999996,36,0,17,221,257,0,122.0,3.388888888888889,4.494069532927735,5,33.0,0.2946533464727692,0,0.0,0.9810549626829502,4,41.0,0.31443982171996276,8,166.0,0.07007332814064374,17,240.0
600.0,-0.21250000000000008,37,0,21,222,259,0,188.0,5.081081081081081,3.901831529894135,5,43.0,0.2252779462481784,0,0.0,1.0,5,66.0,0.4082086898663923,11,216.0,0.07729406204678259,21,325.0
605.0,-0.15499999999999992,37,0,15,224,261,0,223.0,6.027027027027027,4.920267428383368,2,41.0,0.3708780762511617,0,2.0,0.8865881722042878,5,89.0,0.3662948682843792,8,255.0,0.0944989944389551,15,387.0
610.0,-0.11250000000000007,37,0,15,225,262,0,273.0,7.378378378378378,5.070734878944755,2,41.0,0.3578015864165702,0,2.0,0.9458610064100482,6,115.0,0.00046419664886488137,7,274.0,0.0813093476002193,15,432.0
615.0,0.07250000000000001,39,0,13,225,264,0,169.0,4.333333333333333,6.028060153900169,5,56.0,0.27240408109111025,0,0.0,0.9061234500298994,3,111.0,0.45455059946314563,5,236.0,0.04851262386962511,13,403.0
620.0,0.36749999999999994,35,0,6,229,264,0,32.0,0.9142857142857143,7.229349242477228,4,65.0,0.06699699375240359,0,0.0,1.0,0,56.0,0.7188972110275996,2,135.0,0.38762304564553113,6,256.0
625.0,0.07000000000000003,33,0,6,233,266,0,31.0,0.9393939393939394,6.894494135980516,1,46.0,0.23795606623158527,0,2.0,0.8406154120648515,1,30.0,0.4567449140045153,4,150.0,0.2904775744903805,6,228.0
630.0,-0.0175,31,0,10,236,267,0,72.0,2.3225806451612905,7.063082528901529,1,17.0,0.4304485846940819,0,2.0,0.9334670811618007,3,39.0,0.39510152029126144,6,177.0,0.035022504091885925,10,235.0
635.0,0.04250000000000004,29,0,9,239,268,0,55.0,1.896551724137931,5.712183793944509,1,9.0,0.031102212373969904,0,0.0,0.7697084709870806,0,19.0,0.1712575942516749,8,190.0,0.0224534213199746,9,218.0
640.0,-0.045000000000000054,29,0,11,241,270,0,106.0,3.6551724137931036,6.999055391845676,2,18.0,0.3333707828265515,1,2.0,0.5497080575273237,0,2.0,0.7162725552077509,8,214.0,0.24882392064917783,11,236.0
645.0,-0.10749999999999993,26,0,12,244,270,0,146.0,5.615384615384615,5.018076016399261,0,9.0,0.6569456880226571,2,9.0,0.00468979481511103,1,4.0,0.5084584107737175,9,257.0,0.15821701246183073,12,279.0
650.0,0.007499999999999923,25,0,14,247,272,0,143.0,5.72,4.520578614004824,0,0.0,0.9243327029838624,3,26.0,0.4665876720896684,2,9.0,0.0007627765852106904,9,241.0,0.17977852010908707,14,276.0
655.0,0.31250000000000006,28,0,5,247,275,0,37.0,1.3214285714285714,6.645156546689529,0,0.0,0.9472697471728148,0,21.0,0.6101004887905987,0,5.0,0.47140907895773776,5,125.0,0.1288392296455454,5,151.0
660.0,0.044999999999999984,30,0,1,248,278,0,1.0,0.03333333333333333,8.144049132300271,0,0.0,0.9049732187423174,0,2.0,0.532091658079346,0,0.0,0.9829442888474471,1,131.0,0.29129044363843154,1,133.0
665.0,-0.03499999999999997,30,0,5,250,280,0,16.0,0.5333333333333333,7.5762749882991915,0,0.0,0.6826579624138072,1,5.0,0.6044409747736963,0,0.0,0.9357986903670751,4,142.0,0.14519224785965779,5,147.0
670.0,-0.007500000000000034,29,0,7,253,282,0,26.0,0.896551724137931,7.298571879448575,1,2.0,0.00015029741860094503,2,15.0,0.7513370572902581,0,0.0,0.9563867893348765,4,133.0,0.1356308138139693,7,150.0
675.0,0.08750000000000001,29,0,4,257,286,0,26.0,0.896551724137931,8.105915960929773,0,0.0,0.9344961793497433,2,25.0,0.5422887569145369,0,0.0,0.49440901521739494,2,90.0,0.4001654062055331,4,115.0
680.0,0.1325,28,0,4,258,286,0,11.0,0.39285714285714285,8.181401220325766,0,0.0,0.9590986495218945,2,19.0,0.16896177469761253,1,7.0,0.6240559157218097,1,36.0,0.620501720467907,4,62.0
685.0,0.039999999999999994,28,0,3,259,287,0,10.0,0.35714285714285715,7.009503154589793,0,0.0,0.04268389949853666,2,11.0,0.3529464280758285,0,2.0,0.7758229213433125,1,33.0,0.22492490531135115,3,46.0
690.0,-0.0475,26,0,8,262,288,0,26.0,1.0,7.224359575063645,1,4.0,0.5,2,13.0,0.4197585462895487,1,2.0,0.49480668030611336,4,46.0,0.10619009134272984,8,65.0
695.0,0.0075000000000000075,24,0,4,265,289,0,26.0,1.0833333333333333,7.77040580726176,0,0.0,0.9294844879056079,2,18.0,0.25384928864551204,0,0.0,0.5847244545513206,2,44.0,0.3713830252896344,4,62.0
700.0,0.08999999999999998,21,0,1,270,291,0,1.0,0.047619047619047616,10.177229911688782,0,0.0,0.9536677189808508,1,14.0,0.09690940416448036,0,2.0,0.9479829544046985,0,10.0,0.8123587772205656,1,26.0
705.0,0.0475,21,0,2,273,294,0,2.0,0.09523809523809523,10.599910847874234,0,0.0,0.9530683556796876,0,1.0,0.8171752266475298,1,1.0,0.4928925651547456,1,5.0,0.490183589737294,2,7.0
710.0,-0.024999999999999998,20,0,3,275,295,0,15.0,0.75,10.590437324490589,0,0.0,0.7494085790382375,0,0.0,0.9348085217929377,1,6.0,0.46281319073789123,2,11.0,2.6625428289800245e-05,3,17.0
715.0,-0.0375,17,0,3,281,298,0,30.0,1.7647058823529411,9.561716429752032,0,0.0,0.6904985915704565,0,0.0,0.9204594922263587,1,11.0,0.6184951641280699,2,21.0,0.48535971216925977,3,32.0
720.0,-0.05,16,0,5,284,300,0,50.0,3.125,8.891594664828341,1,3.0,0.6457935621132639,1,2.0,0.6174080503652332,1,16.0,0.7455743893828204,2,31.0,0.46871568893117893,5,52.0
725.0,0.0325,17,0,2,285,302,0,23.0,1.3529411764705883,6.691953081118806,0,0.0,0.7086364083979481,0,0.0,0.7540708040568216,2,23.0,0.4718010470519138,0,16.0,0.2845773424854224,2,39.0
730.0,-0.014999999999999996,19,0,4,285,304,0,43.0,2.263157894736842,8.578915304632826,0,0.0,0.9644692168313765,0,2.0,0.807576783562816,3,38.0,0.03968107925613081,1,5.0,0.0,4,45.0
735.0,0.005000000000000008,20,0,1,285,305,0,31.0,1.55,9.589223929862607,0,0.0,0.9464132720542433,0,2.0,0.9368187738224543,1,41.0,0.08608054996548319,0,0.0,1.0,1,43.0
740.0,0.004999999999999998,21,0,2,287,308,0,37.0,1.7619047619047619,9.329028110246204,0,0.0,0.526128625823373,1,3.0,0.570003128027089,1,36.0,0.0,0,2.0,0.8465940213424048,2,41.0
745.0,-0.0225,18,0,2,292,310,0,45.0,2.5,9.433292977670106,1,4.0,0.7601796515357376,0,3.0,0.5534147739908214,1,41.0,0.0,0,2.0,0.8857943710956947,2,50.0
750.0,-0.020000000000000007,21,0,3,293,314,0,57.0,2.7142857142857144,9.327902051800667,1,9.0,0.7800638438751449,1,3.0,0.4549410148617371,1,46.0,0.44852498820798786,0,0.0,0.567215767506786,3,58.0
755.0,-0.027500000000000004,21,0,2,293,314,0,65.0,3.0952380952380953,9.641080513809474,1,14.0,0.7627727860464398,0,4.0,0.74015441319717,1,51.0,0.46016344767676415,0,0.0,0.34949252939383035,2,69.0
760.0,0.01749999999999999,19,0,2,297,316,0,59.0,3.1052631578947367,7.689213756141907,1,3.0,0.2772412468008679,0,1.0,0.4931734810978027,1,56.0,0.6312334850279487,0,2.0,0.8462936297135343,2,62.0
765.0,-0.044999999999999984,19,0,3,299,318,0,74.0,3.8947368421052633,8.029813104152002,2,13.0,0.3163118491081676,0,2.0,0.5634153953636852,1,63.0,0.595503286770096,0,2.0,0.9812850480397612,3,80.0
770.0,-0.04,18,0,4,300,318,0,94.0,5.222222222222222,7.827290946456641,2,23.0,0.333272117033601,0,0.0,0.4752769589672307,2,73.0,0.5260865510515681,0,0.0,1.0,4,96.0
775.0,-0.019999999999999997,20,0,5,301,321,0,91.0,4.55,7.984993690564464,0,13.0,0.598633086276267,2,6.0,0.33277097302833675,3,85.0,0.37194117718519976,0,0.0,1.0,5,104.0
780.0,0.0325,20,0,2,303,323,0,78.0,3.9,9.11857099719512,0,0.0,0.9952325188214466,0,6.0,0.7849570973952625,2,85.0,0.2343385804535636,0,0.0,1.0,2,91.0
785.0,-0.02250000000000002,19,0,4,307,326,0,94.0,4.947368421052632,9.913868958816812,1,2.0,0.6659768068089372,0,2.0,0.9315412778506887,3,92.0,0.38586597806939704,0,4.0,0.8870951351936388,4,100.0
790.0,-0.010000000000000002,22,0,2,308,330,0,93.0,4.2272727272727275,9.396145231806274,1,7.0,0.7106702882977508,0,0.0,0.7744444278719885,1,93.0,0.5185740935489225,0,4.0,0.8952480236687249,2,104.0
795.0,0.002500000000000022,23,0,5,308,331,0,101.0,4.391304347826087,8.167187369180597,0,0.0,0.9197888798973866,2,5.0,0.31189456729251724,3,96.0,0.3801550846928665,0,2.0,0.5535408863642806,5,103.0
800.0,-0.03250000000000001,26,0,4,308,334,0,104.0,4.0,8.368438416076451,1,3.0,0.7233817958767489,0,6.0,0.5899545174658329,1,100.0,0.26977733907168167,2,7.0,0.000988410411661753,4,116.0
805.0,-1.3877787807814457e-17,25,0,2,311,336,0,106.0,4.24,10.743871617171585,0,0.0,0.8496066086808571,0,2.0,0.942975059083286,2,106.0,0.31323808966840494,0,8.0,0.7904905563066156,2,116.0
810.0,-0.01499999999999997,24,0,2,315,339,0,116.0,4.833333333333333,11.017604305507382,0,0.0,0.49323000685301815,0,0.0,0.9190072024485365,2,118.0,0.635968163774475,0,4.0,0.9602855438522574,2,122.0
815.0,-0.030000000000000027,27,0,5,316,343,0,130.0,4.814814814814815,9.15236684421425,1,1.0,0.6202321217771973,0,0.0,0.8643289041289425,3,130.0,0.4754279300940321,1,3.0,0.37270164938521816,5,134.0
820.0,-0.01249999999999999,26,0,4,319,345,0,132.0,5.076923076923077,6.9533245138896955,1,6.0,0.7345924525661423,1,5.0,0.5049263650935956,2,125.0,0.17563859277058946,0,3.0,0.13647665086722627,4,139.0
825.0,-0.04000000000000002,22,0,7,323,345,0,153.0,6.954545454545454,5.723448771575055,0,0.0,0.5811868713191934,3,16.0,0.12329059843929117,3,135.0,0.11955833331083505,1,4.0,0.0,7,155.0
830.0,0.24250000000000002,25,0,8,323,348,0,41.0,1.64,6.846458515835182,2,4.0,0.2570832919803892,3,24.0,0.24448295799082673,3,30.0,0.4698734350817582,0,0.0,1.0,8,58.0
835.0,-0.025000000000000005,22,0,4,327,349,0,49.0,2.227272727272727,8.457213994784494,0,9.0,0.587347379899511,1,12.0,0.44025412832448046,3,45.0,0.43869395587895427,0,2.0,0.954225986663511,4,68.0
840.0,-0.012499999999999997,22,0,5,329,351,0,61.0,2.772727272727273,6.95897915486091,0,2.0,0.620776320717428,1,8.0,0.5357131097821183,4,61.0,0.1833574466574068,0,2.0,0.9416582938460429,5,73.0
845.0,-0.09,24,0,9,330,354,0,101.0,4.208333333333333,7.9071811388501265,0,0.0,0.9714639252704602,3,21.0,0.5674752019340799,6,88.0,0.13189982332818298,0,0.0,0.9064148081119194,9,109.0
850.0,-0.11249999999999999,25,0,10,331,356,0,147.0,5.88,7.126286891273023,0,0.0,0.8449911389955653,3,34.0,0.3773743396205698,7,120.0,0.20281631418092794,0,0.0,0.9686239263778441,10,154.0
855.0,-0.07500000000000001,23,0,8,333,356,0,156.0,6.782608695652174,5.075338272197008,0,0.0,0.4925866774140199,1,29.0,0.08543295340329472,7,155.0,0.17081989701276415,0,0.0,1.0,8,184.0
860.0,0.042499999999999996,23,0,7,334,357,0,121.0,5.260869565217392,6.396988513087694,1,1.0,0.00017075395002256308,1,9.0,0.5596746614685925,5,155.0,0.1586526869583291,0,2.0,0.854090597318319,7,167.0
865.0,0.040000000000000036,21,0,6,337,358,0,140.0,6.666666666666667,8.242480037772728,0,0.0,0.963576414806223,1,6.0,0.6623484363884131,5,141.0,0.22619072008905733,0,4.0,0.8025948714530252,6,151.0
870.0,0.07499999999999997,21,0,4,338,359,0,39.0,1.8571428571428572,7.6207499238333405,0,0.0,0.9847613878361146,1,11.0,0.4351782791188802,2,105.0,0.2188736268784259,1,5.0,0.3298637890366388,4,121.0
875.0,0.195,22,0,0,340,362,0,0.0,0.0,9.080025451052045,0,0.0,0.7052783324795187,0,0.0,0.9378382167628166,0,35.0,0.5266519204812345,0,8.0,0.5919876559535525,0,43.0
880.0,0.03749999999999999,22,0,2,343,365,0,8.0,0.36363636363636365,9.452749254957885,1,5.0,0.6925001686651718,0,0.0,0.8238384838960702,0,14.0,0.09080768534458378,1,9.0,0.7778322207971976,2,28.0
885.0,-0.0325,22,0,4,345,367,0,21.0,0.9545454545454546,8.717950113553899,0,2.0,0.7784136916318871,0,0.0,0.6600796812473475,3,27.0,0.23646392163788335,1,12.0,0.5592656482566061,4,41.0
890.0,-0.0675,24,0,7,347,371,0,48.0,2.0,8.16999332176779,1,1.0,0.6572427654850999,1,5.0,0.5253975703104187,3,44.0,0.5248054258504811,2,18.0,0.0011923326864860158,7,68.0
895.0,-0.0725,25,0,7,349,374,0,78.0,3.12,7.69995126643326,0,1.0,0.6601311290168999,3,17.0,0.48167291923287525,3,59.0,0.4477832646949543,1,20.0,0.0,7,97.0
900.0,-0.012500000000000004,24,0,5,351,375,0,75.0,3.125,5.666532475102681,0,0.0,0.69057082874682,3,34.0,0.3637555078904894,1,43.0,0.10602593798506132,1,25.0,0.0,5,102.0
905.0,0.0,23,0,7,353,376,0,68.0,2.9565217391304346,6.680276469602489,0,0.0,0.9737427307721597,3,33.0,0.4293063130344006,3,37.0,0.3009597307038942,1,32.0,0.5896125172907757,7,102.0
910.0,0.08,23,0,2,354,377,0,35.0,1.5217391304347827,7.68878615023676,0,0.0,0.007529188964802601,0,12.0,0.5922662596075966,1,19.0,0.31944056433375473,1,39.0,0.7550987806362944,2,70.0
915.0,0.017500000000000005,25,0,6,354,379,0,57.0,2.28,8.02555112774222,1,5.0,0.4881301536991444,3,9.0,0.2214692819094202,1,7.0,0.42841503100822115,1,42.0,0.8012185283927871,6,63.0
920.0,-0.035,27,0,7,354,381,0,71.0,2.6296296296296298,6.677909080385054,0,0.0,0.9682767385226237,6,30.0,0.11748066223750582,0,2.0,0.5670194767023399,1,45.0,0.4537287672076901,7,77.0
925.0,-0.11499999999999999,28,0,9,355,383,0,115.0,4.107142857142857,8.173079907652507,0,0.0,0.63606217766792,7,66.0,0.290413166892832,0,0.0,0.8946900114343299,2,57.0,0.5848912733326388,9,123.0
930.0,-0.065,27,0,8,359,386,0,141.0,5.222222222222222,7.222477323246203,0,0.0,0.9857133750208728,6,90.0,0.06749180247011402,0,0.0,0.9297030371737381,2,59.0,0.5547881249687191,8,149.0
935.0,-0.1225,25,0,11,362,387,0,189.0,7.56,7.1572031409571935,1,1.0,0.6401385525314626,7,125.0,9.624722384079368e-07,1,3.0,0.6796760530645068,2,69.0,0.5887144589470837,11,198.0
940.0,0.009999999999999974,25,0,5,364,389,0,137.0,5.48,7.223879906516592,0,0.0,0.9510794553802286,4,126.0,0.04779648388804037,0,1.0,0.5662362231642379,1,67.0,0.6212554106444463,5,194.0
945.0,0.08500000000000002,27,0,3,366,393,0,71.0,2.6296296296296298,9.389529975885917,1,2.0,0.5812478709605005,0,84.0,0.4873342587778005,1,2.0,0.7148021145735118,1,72.0,0.60949692408352,3,160.0
950.0,0.09499999999999999,25,0,2,368,393,0,79.0,3.16,9.774594376870333,0,0.0,0.4983171798584948,0,38.0,0.7308110522409461,1,7.0,0.5239640276175627,1,77.0,0.6147115656654449,2,122.0
955.0,0.06,23,0,4,371,394,0,93.0,4.043478260869565,9.046640449635522,0,0.0,0.9263683787195944,0,0.0,0.4780847245104198,3,18.0,0.37059571565884997,1,80.0,0.5133245815035906,4,98.0
960.0,-0.017499999999999988,20,0,5,376,396,0,101.0,5.05,8.450608321657207,0,0.0,0.9338819182605707,0,0.0,1.0,3,19.0,0.5331490425544495,2,86.0,0.0019395362954189393,5,105.0
965.0,-0.0625,17,0,6,379,396,0,127.0,7.470588235294118,8.1785828980409,1,1.0,0.49286881455299114,0,0.0,1.0,3,32.0,0.3712001333659853,2,97.0,0.2972134954346058,6,130.0
970.0,-0.03749999999999999,17,0,6,383,400,0,142.0,8.352941176470589,6.966062644896524,0,0.0,0.29015440277093674,0,0.0,0.9436108047509565,5,49.0,0.16711489799369764,1,96.0,0.45968968415696126,6,145.0
975.0,-0.08000000000000002,18,0,6,384,402,0,172.0,9.555555555555555,7.979286658745372,0,0.0,1.0,0,0.0,0.9162781915614634,5,76.0,0.34163146618521223,1,101.0,0.006123419612105462,6,177.0
980.0,-0.07250000000000001,18,0,6,386,404,0,202.0,11.222222222222221,6.433264613820424,0,0.0,0.9483344232652202,0,0.0,0.4718654738858273,5,101.0,0.3364696989173788,1,105.0,0.0,6,206.0
985.0,-0.027500000000000004,20,0,9,387,407,0,157.0,7.85,4.34570530604487,0,0.0,0.9342702895023599,3,9.0,0.003033640192966314,5,98.0,0.11520581465002382,1,110.0,0.0,9,217.0
990.0,0.06250000000000004,24,0,5,387,411,0,152.0,6.333333333333333,7.0409032594719845,0,0.0,0.8377163074023275,1,15.0,0.5134348262392162,3,60.0,0.3040363384321558,1,117.0,0.69071209392345,5,192.0
995.0,-0.04500000000000003,24,0,6,388,412,0,175.0,7.291666666666667,7.715472942739189,1,3.0,0.4675535025267264,0,4.0,0.7995006090645096,4,79.0,0.2955374399994987,1,124.0,0.8082351461480275,6,210.0
1000.0,-0.06500000000000002,25,0,8,388,413,0,207.0,8.28,6.550352436730008,0,0.0,0.9547250999115111,0,0.0,0.2937646615726276,7,109.0,0.24351861601743574,1,127.0,0.7178420771504491,8,236.0
1005.0,-0.04249999999999997,30,0,10,388,418,0,183.0,6.1,6.83998943665643,0,0.0,0.9280983564464931,2,7.0,0.4849686229612038,7,116.0,0.09890056965244808,1,130.0,0.4085984752300223,10,253.0
1010.0,0.019999999999999962,34,0,8,389,423,0,213.0,6.264705882352941,8.912567443619821,0,0.0,0.9208745775535397,0,7.0,0.7626521045597068,7,103.0,0.16132023313650484,1,135.0,0.0,8,245.0
1015.0,0.0050000000000000565,34,0,7,393,427,0,195.0,5.735294117647059,8.19141130119238,0,0.0,0.6291982884330782,1,5.0,0.5734559718682888,5,96.0,0.3758165946173563,1,142.0,0.5726515969734857,7,243.0
1020.0,0.06249999999999997,32,0,3,397,429,0,150.0,4.6875,6.682471494835292,1,2.0,0.44620604027243377,0,2.0,0.1832823848427428,1,65.0,0.3611448695494658,1,149.0,0.7437869793025774,3,218.0
1025.0,0.0475,32,0,7,400,432,0,181.0,5.65625,7.533363660553285,2,10.0,0.39193752579506175,3,14.0,0.5571522872338242,1,21.0,0.3670857591960635,1,154.0,0.6369460411780423,7,199.0
1030.0,-0.01500000000000002,33,0,5,400,433,0,161.0,4.878787878787879,7.28516726174064,1,10.0,0.33350352436704644,0,16.0,0.6774252916994818,1,17.0,0.23332782039747543,3,162.0,0.47502901528018376,5,205.0
1035.0,-0.009999999999999974,34,0,7,402,436,0,188.0,5.529411764705882,7.017495168220036,0,1.0,0.756110004574264,1,3.0,0.3665181545852932,3,26.0,0.3924465074487701,3,179.0,0.31524383581389553,7,209.0
1040.0,-0.08499999999999994,34,0,12,403,437,0,216.0,6.352941176470588,6.1967897652127295,1,3.0,0.7244193488449661,3,12.0,0.05667106917186746,2,25.0,0.4818935053256434,6,203.0,0.2620567746570601,12,243.0
1045.0,-0.03250000000000003,32,0,9,407,439,0,219.0,6.84375,6.185484788411693,1,8.0,0.5393823809367309,2,18.0,0.3538025115153761,1,13.0,0.40522516372850553,5,217.0,0.22284996440684074,9,256.0
1050.0,0.007499999999999941,32,0,7,408,440,0,217.0,6.78125,6.43945638101607,0,3.0,0.5428012699822719,1,13.0,0.4444783963095143,2,19.0,0.21413202581389013,4,218.0,0.3386601598754444,7,253.0
1055.0,0.37000000000000005,30,0,11,410,440,0,86.0,2.8666666666666667,5.894359762780969,0,0.0,0.9466089157270114,2,8.0,0.1178299195139248,3,30.0,0.2968008118543646,6,67.0,0.19132165478245589,11,105.0
1060.0,-0.0925,30,0,9,412,442,0,105.0,3.5,6.425665896589964,0,0.0,0.8239800171875714,0,7.0,0.3056604804167941,1,29.0,0.5340358788605237,8,106.0,0.15810705082716972,9,142.0
1065.0,0.042500000000000024,29,0,7,415,444,0,59.0,2.0344827586206895,7.1360417177019615,0,0.0,0.9579576252643762,0,0.0,0.9124675485365473,1,8.0,0.24234114563900802,6,117.0,0.20054719469734666,7,125.0
1070.0,0.06499999999999997,28,0,5,418,446,0,47.0,1.6785714285714286,7.638852317742618,0,0.0,0.9280009298048489,0,0.0,0.8652975536492656,1,11.0,0.3045533643388729,4,88.0,0.26074508086285186,5,99.0
1075.0,-0.005000000000000001,30,0,4,419,449,0,24.0,0.8,8.866111549010467,0,0.0,0.9660232634363612,0,0.0,0.964621491294988,1,14.0,0.7110133923232465,3,87.0,0.13211026864244943,4,101.0
1080.0,0.0525,28,0,6,423,451,0,30.0,1.0714285714285714,8.363185314854652,0,0.0,0.01429128817292028,1,3.0,0.6854003249095801,0,0.0,0.9017989875189999,5,77.0,0.08344721825401327,6,80.0
1085.0,-0.015000000000000005,28,0,7,427,455,0,30.0,1.0714285714285714,7.641775978922422,1,4.0,0.6472297598625683,0,0.0,0.7580181174026537,2,3.0,0.1649459737991105,4,79.0,0.19167011543860274,7,86.0
1090.0,0.060000000000000005,25,0,4,431,456,0,23.0,0.92,8.296390545188666,0,0.0,0.9228874781229581,0,0.0,0.579820881547014,3,16.0,2.2858871632404386e-05,1,46.0,0.5141127429960062,4,62.0
1095.0,0.010000000000000002,29,0,4,432,461,0,43.0,1.4827586206896552,8.806490483537473,0,0.0,0.6402522306148584,0,0.0,0.46468180496574363,3,33.0,0.39719398423774915,1,25.0,0.6763286141998233,4,58.0
1100.0,-0.0325,31,0,6,434,465,0,32.0,1.032258064516129,8.25737354857583,2,6.0,0.6161315815385636,2,8.0,0.4895886098037836,0,28.0,0.5659185994775381,2,29.0,0.28994866121113216,6,71.0
1105.0,0.07250000000000001,33,0,6,437,470,0,26.0,0.7878787878787878,6.819229253010272,5,24.0,0.2996602519922863,0,6.0,0.5277903718121694,0,2.0,0.8028292809283484,1,10.0,0.06420066808129833,6,42.0
1110.0,-0.02250000000000001,34,0,5,439,473,0,38.0,1.1176470588235294,8.057581037342409,5,46.0,0.17456687517935537,0,0.0,0.79373653557551,0,0.0,0.4747390801834898,0,5.0,0.7254246031381872,5,51.0
1115.0,-0.049999999999999996,31,0,6,443,474,0,64.0,2.064516129032258,9.384537537180874,5,62.0,0.3117435615239225,0,0.0,0.7835978516777908,1,7.0,0.6308667735115386,0,2.0,0.9096696035209342,6,71.0
1120.0,-0.057500000000000016,32,0,7,447,479,0,89.0,2.78125,9.099369079260407,7,92.0,0.3326558910613192,0,0.0,0.9017527892268099,0,2.0,0.8603953134922718,0,0.0,0.8438186752388713,7,94.0
1125.0,-0.10750000000000001,32,0,11,449,481,0,134.0,4.1875,6.873809534999585,9,133.0,0.0889452539726689,1,1.0,0.475941435383705,0,0.0,0.9212693855523841,1,3.0,0.5491299072245884,11,137.0
1130.0,-0.1675,33,0,15,451,484,0,201.0,6.090909090909091,5.531865101170384,12,186.0,0.1945059386481565,1,6.0,0.32611843146892183,0,0.0,0.629043944258669,2,12.0,0.3010737859772851,15,204.0
1135.0,-0.13000000000000003,32,0,15,453,485,0,226.0,7.0625,3.829009244529354,9,222.0,0.2452205990544468,0,1.0,0.21845023717842782,2,6.0,0.005410250165834813,4,27.0,0.016502735501263802,15,256.0
1140.0,-0.1049999999999999,31,0,14,458,489,0,266.0,8.580645161290322,5.021800569209703,8,230.0,0.26005822917812016,0,0.0,0.9827768226519279,0,11.0,0.6180344371240915,6,57.0,0.24134514197102155,14,298.0
1145.0,-0.11000000000000001,35,0,14,458,493,0,336.0,9.6,6.720198822877367,8,251.0,0.33910661749678156,0,0.0,0.9881532569704135,0,2.0,0.9458832674119356,6,89.0,0.24134430149196504,14,342.0
1150.0,-0.1450000000000001,38,0,16,458,496,0,367.0,9.657894736842104,4.797067416316218,10,295.0,0.21985147041403996,0,0.0,0.2939349798984347,1,4.0,0.5931903680077801,5,101.0,0.3408235887460691,16,400.0
1155.0,-0.11999999999999991,40,0,17,458,498,0,419.0,10.475,3.4145063670159304,14,355.0,0.0870858991373667,0,0.0,1.0,0,4.0,0.3617591588429791,3,89.0,0.2238896500392256,17,448.0
1160.0,-0.18750000000000003,42,0,22,458,500,0,499.0,11.880952380952381,3.7152316831487404,15,421.0,0.04275349682724207,0,0.0,0.8988222425068596,1,3.0,0.3766799783790607,6,99.0,0.12006855110962175,22,523.0
1165.0,-0.24499999999999988,42,0,23,459,501,0,598.0,14.238095238095237,3.8828654223204198,14,477.0,0.05607465636768258,0,0.0,0.9986314221721929,1,5.0,0.4399389486652444,8,139.0,0.0728614703697837,23,621.0
1170.0,-0.16750000000000023,39,0,23,464,503,0,614.0,15.743589743589743,4.01629276836622,14,540.0,0.06457184747284779,0,0.0,0.5485235186415285,3,16.0,0.5620077480753962,6,132.0,0.221025716501395,23,688.0
1175.0,0.11250000000000004,40,0,17,465,505,0,428.0,10.7,4.2682852710104715,11,528.0,0.14256349302402027,1,4.0,0.6268335506839952,2,21.0,0.2113777517214515,3,90.0,0.2940165106258295,17,643.0
1180.0,0.3325000000000001,41,0,12,465,506,0,254.0,6.195121951219512,6.145985675817465,7,425.0,0.2110096586339601,1,11.0,0.6494079274660873,1,10.0,0.2138810306448631,3,64.0,0.2814792293261686,12,510.0
1185.0,0.0025000000000000716,40,0,6,467,507,0,61.0,1.525,5.733741725451438,3,447.0,0.18870174271422877,0,4.0,0.5731717994074355,2,11.0,0.33614207083177217,1,47.0,0.087717864580343,6,509.0
1190.0,-0.02500000000000016,38,0,14,472,510,0,62.0,1.631578947368421,5.805888907285127,5,465.0,0.17005488939449986,1,3.0,0.4566807420039571,5,32.0,0.4059703755842716,3,19.0,0.3719939811524028,14,519.0
1195.0,0.11500000000000002,37,0,6,475,512,0,42.0,1.135135135135135,5.1276526143535595,4,411.0,0.05433481631978577,0,4.0,0.5368883607750904,2,41.0,0.34919542411606674,0,17.0,0.6403824027447395,6,473.0
1200.0,0.3375,35,0,6,477,512,0,35.0,1.0,6.744523417839219,3,299.0,0.14357396822763865,0,2.0,0.7073739906479369,2,34.0,0.34960531473034934,1,3.0,0.17336497702230877,6,338.0
1205.0,0.1675,36,0,5,478,514,0,9.0,0.25,6.873601841595869,1,241.0,0.3405241728181639,2,7.0,0.6405259783876899,2,21.0,0.057137574735914555,0,2.0,0.14692940989180509,5,271.0
1210.0,-0.07749999999999993,32,0,10,484,516,0,47.0,1.46875,5.772555567341286,4,253.0,0.23432599781962546,3,19.0,0.2664127446675824,3,28.0,0.32863203159736537,0,2.0,0.8202304314836697,10,302.0
1215.0,-0.125,31,0,14,487,518,0,86.0,2.774193548387097,4.815501858095049,7,280.0,0.1868728901219278,7,48.0,0.12357732673831628,0,22.0,0.42545917130813615,0,2.0,0.8219776074606433,14,352.0
1220.0,-0.14500000000000007,31,0,17,489,520,0,166.0,5.354838709677419,4.447052191900885,9,320.0,0.003201828499123302,7,83.0,0.11262307238939602,1,7.0,0.5818517393743348,0,0.0,0.8487686742913332,17,410.0
1225.0,-0.17,33,0,16,490,523,0,209.0,6.333333333333333,4.929411337009907,10,370.0,1.785933576063361e-05,5,101.0,0.27277361408495515,1,7.0,0.5298454141808461,0,0.0,1.0,16,478.0
1230.0,-0.12499999999999999,32,0,15,492,524,0,273.0,8.53125,5.918243522235291,10,420.0,0.0,4,95.0,0.34966742263775974,1,11.0,0.6368950622479025,0,2.0,0.9425563145192086,15,528.0
1235.0,0.08750000000000006,31,0,12,495,526,0,181.0,5.838709677419355,5.503599827863642,7,388.0,0.13556048125052325,4,87.0,0.16518437134092612,1,16.0,0.36150261150449964,0,2.0,0.8872015658169143,12,493.0
1240.0,0.4899999999999999,26,0,6,500,526,0,73.0,2.8076923076923075,6.03184402309677,2,222.0,0.24384951563065746,2,51.0,0.39106470517533387,2,22.0,0.0013643786823939819,0,2.0,0.9269149984521374,6,297.0
1245.0,0.005000000000000053,30,0,4,500,530,0,46.0,1.5333333333333334,8.193048773872983,1,225.0,0.38219635142807384,1,36.0,0.6239963566116933,2,32.0,0.4818504454889329,0,2.0,0.8921776471214878,4,295.0
1250.0,-0.060000000000000046,32,0,9,500,532,0,81.0,2.53125,6.604489544000392,5,243.0,0.16346767040589671,2,34.0,0.3297063288064228,2,42.0,0.5283990424288915,0,0.0,0.7764903802507802,9,319.0
1255.0,0.0250000000000001,31,0,12,502,533,0,75.0,2.4193548387096775,5.508654462544423,8,276.0,0.09848515405861907,2,15.0,0.3392370855426457,2,18.0,0.24874213535980935,0,0.0,0.7765496839966666,12,309.0
1260.0,-0.11000000000000004,31,0,12,503,534,0,125.0,4.032258064516129,5.912879778908848,9,317.0,0.0965521031197231,0,5.0,0.49540473693929893,3,31.0,0.04077416108513692,0,0.0,0.7059218752623679,12,353.0
1265.0,-0.034999999999999996,31,0,9,505,536,0,118.0,3.806451612903226,6.05217269835686,7,338.0,0.27622812401592517,1,7.0,0.1212019547737756,1,22.0,0.05847239542299437,0,0.0,0.8102580578210841,9,367.0
1270.0,-0.07,28,0,9,509,537,0,158.0,5.642857142857143,7.621291721641623,7,369.0,0.20504344291749468,2,17.0,0.32919766381513227,0,7.0,0.8043922540525255,0,2.0,0.9002190022025639,9,395.0
1275.0,0.15249999999999997,25,0,5,513,538,0,97.0,3.88,7.0602979936786925,4,314.0,0.15589161068581536,0,10.0,0.6314491076059363,1,8.0,0.5760803755039234,0,2.0,0.8533053436245165,5,334.0
1280.0,0.36250000000000004,23,0,3,516,539,0,13.0,0.5652173913043478,7.86709088294477,1,173.0,0.3474720320585586,0,2.0,0.8550439090257967,1,13.0,0.5719915733036224,1,1.0,0.3301091589826105,3,189.0
1285.0,-0.05750000000000002,22,0,7,517,539,0,34.0,1.5454545454545454,5.617509367927261,4,185.0,0.16208533481405982,1,4.0,0.6926486844176554,1,18.0,0.009269317860633723,1,5.0,0.1348347912614889,7,212.0
1290.0,-0.10250000000000001,21,0,10,519,540,0,79.0,3.761904761904762,5.336704686948416,6,210.0,0.11811621905021553,1,7.0,0.46990043216297395,2,28.0,0.0,1,8.0,0.0,10,253.0
1295.0,0.1125,19,0,8,521,540,0,68.0,3.5789473684210527,4.884472063227226,5,183.0,0.12570432557035705,1,2.0,0.002221168631327694,1,10.0,0.0,1,13.0,0.0,8,208.0
1300.0,0.19500000000000003,17,0,4,525,542,0,64.0,3.764705882352941,6.780782784374468,1,84.0,0.4048594640081991,1,9.0,0.6737623710183327,1,15.0,0.0,1,22.0,0.6492680341971422,4,130.0
1305.0,0.06499999999999997,18,0,3,526,544,0,38.0,2.111111111111111,7.310669649687863,1,63.0,0.36791291152054006,1,14.0,0.8008554110574543,0,0.0,1.0,1,27.0,0.5925029210624542,3,104.0
1310.0,-0.07250000000000001,22,0,8,526,548,0,67.0,3.0454545454545454,6.342635190911338,4,79.0,0.3381439716894536,2,20.0,0.40183116505614835,0,2.0,0.9427089953851155,2,32.0,0.00165320870955216,8,133.0
1315.0,0.07250000000000002,23,0,7,526,549,0,50.0,2.1739130434782608,6.928437241521448,3,59.0,0.3929026331676089,4,36.0,0.3231016647205256,0,2.0,0.8931873646273791,0,7.0,0.5784334428760407,7,104.0
1320.0,0.0325,23,0,6,527,550,0,58.0,2.5217391304347827,7.328920224328253,1,29.0,0.3728017267534264,4,58.0,0.44479355574913,1,4.0,0.3414547185180259,0,0.0,0.9518840718820808,6,91.0
1325.0,0.0925,24,0,3,528,552,0,22.0,0.9166666666666666,7.7028704399382635,2,10.0,0.27900387126742987,1,43.0,0.5278735202223668,0,1.0,0.2803327005797668,0,0.0,0.9806969030638167,3,54.0
1330.0,0.07250000000000001,23,0,1,530,553,0,5.0,0.21739130434782608,8.227862611211272,0,6.0,0.30265512840750264,1,19.0,0.5637231609182641,0,0.0,1.0,0,0.0,0.5037999074894363,1,25.0
1335.0,-0.004999999999999999,23,0,6,530,553,0,23.0,1.0,6.934260662969912,2,8.0,0.30478646587856684,3,15.0,0.2019735380937931,0,2.0,0.8274893328244657,1,2.0,0.00010175463262728908,6,27.0
1340.0,-0.065,18,0,7,535,553,0,43.0,2.388888888888889,4.673156706934464,0,6.0,0.4658765961476319,6,38.0,0.016657580180784944,0,2.0,0.9658870975238828,1,7.0,0.0,7,53.0
1345.0,-0.035,18,0,7,538,556,0,43.0,2.388888888888889,5.526611839933089,0,0.0,1.0,6,55.0,0.35413131934489156,0,0.0,1.0,1,12.0,0.0,7,67.0
1350.0,-0.045,19,0,7,538,557,0,78.0,4.105263157894737,7.067607828995714,0,0.0,0.9604015320726004,6,66.0,0.2874635626957009,0,0.0,0.9952963543744192,1,19.0,0.6815276996077846,7,85.0
1355.0,-0.09999999999999999,21,0,9,538,559,0,118.0,5.619047619047619,6.391733461912314,0,0.0,0.7937191205473324,8,101.0,0.15645726064572224,0,0.0,0.9492728993643755,1,24.0,0.6987462987800499,9,125.0
1360.0,-0.13,23,0,12,540,563,0,172.0,7.478260869565218,5.558529225327612,1,2.0,0.7219147568742266,10,148.0,0.07624484838457908,0,0.0,0.945574660883989,1,27.0,0.4892150050379108,12,177.0
1365.0,-0.04249999999999998,25,0,9,540,565,0,186.0,7.44,6.381247800477964,0,0.0,0.8370905627033223,9,194.0,0.1145778461952107,0,0.0,0.5368027712408433,0,0.0,0.9880746448503952,9,194.0
1370.0,-0.1325,24,0,11,542,566,0,238.0,9.916666666666666,6.038779719125252,0,0.0,0.6272227225094357,9,238.0,0.280227334802283,2,7.0,0.0015397620629496239,0,2.0,0.8379786391502686,11,247.0
1375.0,-0.13750000000000004,24,0,11,543,567,0,293.0,12.208333333333334,4.341981600503296,0,0.0,0.33073461115901487,9,283.0,0.16813802156209104,2,17.0,0.0,0,2.0,0.8707092113612921,11,302.0
1380.0,-0.17250000000000001,26,0,15,544,570,0,360.0,13.846153846153847,4.584650725097637,1,3.0,0.4554504736498074,12,337.0,0.19872565336075704,2,29.0,0.43788036546631565,0,2.0,0.699398270826486,15,371.0
1385.0,-0.11250000000000002,29,0,13,545,574,0,392.0,13.517241379310345,4.9215223898404705,0,0.0,0.9791076958683588,13,399.0,0.20008728273762513,0,17.0,0.6886052780960101,0,0.0,0.3200225804782859,13,416.0
1390.0,-0.12499999999999997,30,0,12,545,575,0,450.0,15.0,4.950582652851457,0,0.0,0.9575050688419211,12,462.0,0.181779681687245,0,2.0,0.3660231709316714,0,2.0,0.8684698176058459,12,466.0
1395.0,-0.14999999999999997,34,0,13,545,579,0,512.0,15.058823529411764,5.878844402347537,0,0.0,0.7256729236076624,13,521.0,0.07316978715706013,0,1.0,0.7745394951555248,0,4.0,0.8644891892719851,13,526.0
1400.0,-0.18000000000000005,34,0,15,545,579,0,587.0,17.264705882352942,6.171767101503353,1,5.0,0.6363593655100275,14,591.0,0.004424516925868123,0,0.0,0.8642412477553986,0,2.0,0.9086403682496508,15,598.0
1405.0,-0.18000000000000005,33,0,17,548,581,0,661.0,20.03030303030303,4.945514837124347,1,1.0,0.5044918397091254,16,669.0,6.71172329618146e-05,0,0.0,0.7034836974904412,0,0.0,0.7061273041966636,17,670.0
1410.0,-0.18749999999999983,32,0,15,552,584,0,728.0,22.75,5.306585049010939,1,6.0,0.6576062060076041,14,739.0,0.13279015675630843,0,0.0,0.4987276183937753,0,0.0,0.8598121470547593,15,745.0
1415.0,-0.16000000000000014,34,0,16,552,586,0,796.0,23.41176470588235,5.855957349479689,0,0.0,0.6561269090271682,16,807.0,0.14168602345308762,0,0.0,0.6589618991482054,0,2.0,0.9157298689136842,16,809.0
1420.0,0.012500000000000133,33,0,15,555,588,0,631.0,19.12121212121212,5.60248441736444,0,0.0,0.9961833370366293,14,797.0,0.04057061136545645,1,5.0,0.7018975287587306,0,2.0,0.9316474310357362,15,804.0
1425.0,0.245,32,0,12,556,588,0,316.0,9.875,5.531057784266797,0,0.0,0.9962902248055989,11,701.0,0.06788635125978026,0,2.0,0.7511329803486534,1,3.0,0.2225292128861648,12,706.0
1430.0,-0.11250000000000002,30,0,8,559,589,0,119.0,3.966666666666667,4.273735419582727,0,0.0,0.3036861590575015,5,734.0,0.16107884898957928,1,4.0,0.15178175173406286,2,13.0,0.4421934160059062,8,751.0
1435.0,-0.010000000000000016,30,0,5,561,591,0,20.0,0.6666666666666666,5.836192458489446,0,0.0,0.26981580423665036,5,742.0,0.22038725014137167,0,3.0,0.48233972568848227,0,10.0,0.7795379725129338,5,755.0
1440.0,0.1675000000000001,29,0,6,562,591,0,23.0,0.7931034482758621,6.558006332989243,0,0.0,1.0,5,681.0,0.1298876142205495,0,2.0,0.9229880757857529,1,5.0,0.6108439726851275,6,688.0
1445.0,0.37999999999999984,30,0,5,563,593,0,15.0,0.5,6.781185281045145,0,0.0,1.0,4,528.0,0.11430501540193273,0,2.0,0.9317598599640041,1,6.0,0.22906461761781705,5,536.0
1450.0,-0.06499999999999999,29,0,9,566,595,0,23.0,0.7931034482758621,6.233675773318453,0,0.0,0.956569222860697,4,545.0,0.13531265730352618,1,3.0,0.05323635570105387,4,14.0,0.20075320015764692,9,562.0
1455.0,-0.04749999999999986,28,0,5,569,597,0,23.0,0.8214285714285714,6.613515699409772,0,0.0,0.8555744966833786,4,560.0,0.10505725692529555,0,2.0,0.27006692295887613,1,19.0,0.41842520766900665,5,581.0
1460.0,-0.05000000000000018,26,0,9,573,599,0,51.0,1.9615384615384615,6.43719001973429,1,3.0,0.6199483895250707,7,590.0,0.09679956477184071,0,0.0,0.9130859501520198,1,8.0,0.3708338494459988,9,601.0
1465.0,-0.10499999999999998,28,0,12,573,601,0,100.0,3.5714285714285716,7.012561291143135,1,1.0,0.5732445481462798,10,636.0,0.0872505086178212,0,0.0,0.9261483902191971,1,6.0,0.0,12,643.0
1470.0,-0.1399999999999999,24,0,13,577,601,0,154.0,6.416666666666667,4.7194260794629885,2,9.0,0.31270371777830125,10,688.0,0.15032637144084912,1,2.0,0.31601931500672853,0,0.0,0.9271809092632858,13,699.0
1475.0,-0.1575000000000001,24,0,14,580,604,0,211.0,8.791666666666666,4.11634453481984,0,6.0,0.6417214690234287,11,740.0,0.08319555236154888,3,16.0,0.02438616211643107,0,0.0,0.9696165017523791,14,762.0
1480.0,-0.17999999999999994,30,0,16,580,610,0,287.0,9.566666666666666,6.221283748639559,1,2.0,0.7662654345810094,11,795.0,0.20912481725864196,4,37.0,0.4730199630816347,0,0.0,0.9556230505295273,16,834.0
1485.0,-0.15249999999999997,29,0,14,581,610,0,322.0,11.10344827586207,4.290499414097626,1,7.0,0.5321507844321135,11,850.0,0.12261647740701617,1,37.0,0.5015852206761937,1,1.0,0.001309372453703185,14,895.0
1490.0,-0.12000000000000018,31,0,15,581,612,0,396.0,12.774193548387096,4.13842698105628,2,16.0,0.24733379563700428,11,905.0,0.1434954903060113,1,16.0,0.3776752157664361,1,6.0,0.0,15,943.0
1495.0,-0.15249999999999972,33,0,16,582,615,0,444.0,13.454545454545455,4.876482858613289,1,11.0,0.46138693869924924,11,960.0,0.08208063326944963,4,32.0,0.243322881735344,0,1.0,0.8683665705175426,16,1004.0
1500.0,0.15250000000000008,31,0,15,584,615,0,381.0,12.290322580645162,4.79381167306648,1,6.0,0.6532917013477512,8,878.0,0.054800739399585637,6,58.0,0.2939633801998108,0,1.0,0.8535965247387632,15,943.0
1505.0,0.5224999999999999,31,0,10,585,616,0,185.0,5.967741935483871,5.366926770117314,1,1.0,0.6288891335008007,4,656.0,0.13213783495051057,5,77.0,0.2939909921685891,0,0.0,0.7402595446464099,10,734.0
1510.0,0.21749999999999994,30,0,7,586,616,0,94.0,3.1333333333333333,6.416588113308319,2,7.0,0.3106960939892901,0,551.0,0.22917540871634295,5,89.0,0.2055793052727327,0,0.0,1.0,7,647.0
1515.0,-0.12000000000000008,28,0,12,589,617,0,134.0,4.785714285714286,5.1580306793857735,0,4.0,0.4528627499053329,4,562.0,0.07517357140089587,8,127.0,0.12722626545539392,0,2.0,0.9393819516479863,12,695.0
1520.0,0.2575,26,0,8,593,619,0,72.0,2.769230769230769,5.627994601781524,0,0.0,0.9510401644142339,3,470.0,0.06575324485205826,5,120.0,0.3130835861101649,0,2.0,0.9729090597188809,8,592.0
1525.0,0.575,24,0,4,596,620,0,45.0,1.875,7.73315084648723,0,0.0,0.9248534770084058,0,274.0,0.46010768741152364,4,86.0,0.3303684597240997,0,2.0,0.8353417454713419,4,362.0
1530.0,0.5425,24,0,6,596,620,0,65.0,2.7083333333333335,7.099188015339784,0,0.0,0.010643898041230752,0,39.0,0.8092769304997128,6,104.0,0.10044689016326876,0,2.0,0.922798559243029,6,145.0
1535.0,-0.11499999999999998,22,0,10,598,620,0,111.0,5.045454545454546,6.14035659947448,0,0.0,1.0,1,42.0,0.00013183191797274933,9,149.0,0.13117882528196698,0,0.0,0.8587960107549721,10,191.0
1540.0,-0.12499999999999999,19,0,10,602,621,0,161.0,8.473684210526315,6.179793215432339,0,0.0,1.0,1,47.0,0.0,9,194.0,0.17600998397733325,0,0.0,0.9268436156591595,10,241.0
1545.0,-0.12500000000000006,17,0,10,605,622,0,211.0,12.411764705882353,4.683888798581191,0,0.0,1.0,1,52.0,0.0,9,239.0,0.06778836749114724,0,0.0,1.0,10,291.0
1550.0,-0.03499999999999995,16,0,9,608,624,0,152.0,9.5,4.017299885527927,0,0.0,0.9681568065560944,1,57.0,0.0,8,248.0,0.025729452509674438,0,0.0,1.0,9,305.0
1555.0,0.255,17,0,4,608,625,0,85.0,5.0,6.716349234695817,0,0.0,0.8031379571889944,0,0.0,1.0,4,201.0,0.14468337676175444,0,2.0,0.873092194729612,4,203.0
1560.0,-0.060000000000000046,18,0,6,609,627,0,109.0,6.055555555555555,5.472026902621867,1,2.0,0.3841348716436135,0,0.0,0.9635482778075286,5,223.0,0.03606070520534258,0,2.0,0.915956600686569,6,227.0
1565.0,-0.09750000000000003,19,0,8,609,628,0,144.0,7.578947368421052,4.009987509545169,0,4.0,0.33005403094286007,0,0.0,0.9334112210033543,8,260.0,0.0002785757995544232,0,2.0,0.39177600223476367,8,266.0
1570.0,-0.11249999999999999,19,0,10,610,629,0,191.0,10.052631578947368,4.811219500560594,0,0.0,0.7349569089389707,0,0.0,0.917365226385353,8,302.0,0.1787647494097479,2,9.0,0.005014563860969366,10,311.0
1575.0,-0.15499999999999997,20,0,14,610,630,0,253.0,12.65,4.082064783003326,2,5.0,0.4734196523043113,1,2.0,0.0004779504179934054,8,342.0,0.2656976950365072,3,24.0,0.2414679257139065,14,373.0
1580.0,-0.04250000000000003,20,0,11,610,630,0,262.0,13.1,3.42593535345098,2,15.0,0.35215461420003347,1,7.0,0.0,5,329.0,0.11899478777871485,3,39.0,0.24340458206598314,11,390.0
1585.0,0.11750000000000002,23,0,10,610,633,0,265.0,11.521739130434783,5.673396753311014,0,10.0,0.5700671425617934,0,0.0,0.9163995189691476,6,275.0,0.2148539651848133,4,58.0,0.37320582337063957,10,343.0
1590.0,-0.02499999999999996,24,0,9,611,635,0,308.0,12.833333333333334,7.189536004043926,0,0.0,0.9429627376111981,0,0.0,0.9674052950606249,6,280.0,0.36157958226167114,3,73.0,0.4880402196831344,9,353.0
1595.0,-0.12250000000000008,26,0,11,611,637,0,357.0,13.73076923076923,5.809439116902871,0,0.0,0.6225216334306133,0,0.0,0.9629739605124281,6,310.0,0.29839307212983524,5,92.0,0.2079296693801363,11,402.0
1600.0,-0.1324999999999999,29,0,15,611,640,0,392.0,13.517241379310345,4.175144767451389,1,5.0,0.5222098347370134,0,0.0,0.6778693758583756,6,326.0,0.1927456161214746,8,124.0,0.0010179154729239941,15,455.0
1605.0,-0.10000000000000005,28,0,13,613,641,0,451.0,16.107142857142858,4.096937948615635,0,0.0,0.19266882110257444,0,0.0,0.7071792325963105,5,331.0,0.23801518686329332,8,164.0,0.0,13,495.0
1610.0,-0.16750000000000004,30,0,17,613,643,0,516.0,17.2,5.37844746076449,0,0.0,0.9902270703031107,1,3.0,0.00012186989040196067,9,366.0,0.3403558500139377,7,193.0,0.2624791310511839,17,562.0
1615.0,-0.1925,31,0,16,615,646,0,593.0,19.129032258064516,5.401301640097473,0,0.0,0.9657540536288378,0,0.0,1.0,9,411.0,0.266821168951399,7,228.0,0.27733555729489245,16,639.0
1620.0,-0.17999999999999994,33,0,16,616,649,0,658.0,19.939393939393938,4.7041857562333735,0,0.0,0.8386530298745105,0,0.0,0.9334541391335082,9,450.0,0.050983249494602,7,261.0,0.10926474881242364,16,711.0
1625.0,-0.1775000000000001,33,0,17,617,650,0,741.0,22.454545454545453,5.375594250784542,0,0.0,0.7795649204484321,0,0.0,0.9570989940515149,10,486.0,0.06415294144656053,7,296.0,0.0,17,782.0
1630.0,-0.04499999999999993,33,0,15,619,652,0,641.0,19.424242424242426,4.7935765511756765,0,0.0,0.34898778966482724,0,0.0,0.6236842030497589,11,538.0,0.1875054681321969,4,262.0,0.16890549357960774,15,800.0
1635.0,0.12000000000000005,36,0,13,622,658,0,563.0,15.63888888888889,5.455773521677425,0,2.0,0.608226704153507,1,5.0,0.7600090346063367,12,597.0,0.13531189524369922,0,148.0,0.38029683957430677,13,752.0
1640.0,-0.17250000000000001,38,0,17,624,662,0,621.0,16.342105263157894,5.113740662401359,1,5.0,0.807310119318453,1,12.0,0.7578724365150536,14,655.0,0.03374692574627819,1,149.0,0.1258329000115437,17,821.0
1645.0,-0.1700000000000001,39,0,18,624,663,0,701.0,17.974358974358974,5.3436572701950755,0,0.0,0.6828784351923604,1,15.0,0.6783794247757567,14,712.0,0.028217299688175372,3,162.0,0.0027630270178487593,18,889.0
1650.0,0.10250000000000006,40,0,20,624,664,0,441.0,11.025,4.996687156694262,1,1.0,0.518941583704091,3,23.0,0.07013112409935243,12,642.0,0.16110091866003695,4,182.0,0.3140954436644829,20,848.0
1655.0,0.4875,39,0,12,628,667,0,200.0,5.128205128205129,5.98535125171804,0,2.0,0.544508865657509,1,14.0,0.31665719837587636,7,433.0,0.329483518134285,4,204.0,0.48129521481039134,12,653.0
1660.0,0.15750000000000003,41,0,11,630,671,0,135.0,3.292682926829268,5.202782457185228,1,5.0,0.290271024247899,0,4.0,0.798062107613692,6,357.0,0.17296248995022528,4,224.0,0.3632757778832146,11,590.0
1665.0,-0.13750000000000007,42,0,14,631,673,0,145.0,3.4523809523809526,3.820195895467112,0,2.0,0.44909236046925854,1,7.0,0.7014485903401977,8,391.0,0.08310627272383204,5,245.0,0.2109220968281766,14,645.0
1670.0,-0.16749999999999993,41,0,19,633,674,0,193.0,4.7073170731707314,3.825734883375706,0,0.0,0.934645983518581,2,14.0,0.24505038704239823,9,420.0,0.1950000579293336,8,278.0,0.10703506727257191,19,712.0
1675.0,-0.15749999999999997,45,0,19,634,679,0,256.0,5.688888888888889,4.850250219578321,0,0.0,0.9367957135549233,1,14.0,0.3093734110250577,10,443.0,0.18332454564546966,8,318.0,0.1086307255166198,19,775.0
1680.0,-0.19,46,0,23,636,682,0,359.0,7.804347826086956,5.656112332212632,1,1.0,0.7691004317825414,1,8.0,0.6123661348936947,13,484.0,0.07515520468424369,8,358.0,0.0,23,851.0
1685.0,-0.3,44,0,25,639,683,0,478.0,10.863636363636363,4.671947968854696,0,1.0,0.4511060118972571,1,13.0,0.6363822173590213,16,559.0,0.00017275665693794028,8,398.0,0.0,25,971.0
1690.0,-0.060000000000000026,42,0,21,644,686,0,498.0,11.857142857142858,4.304037314272257,0,0.0,0.48514338096521115,0,3.0,0.630737458045531,13,554.0,0.16618682603677593,8,438.0,0.0,21,995.0
1695.0,0.26499999999999985,41,0,20,648,689,0,475.0,11.585365853658537,5.131586082568717,3,11.0,0.5415305204728269,1,1.0,0.7343168043828829,8,395.0,0.24947407287862602,8,482.0,0.32896903810594075,20,889.0
1700.0,-0.21499999999999994,41,0,18,648,689,0,456.0,11.121951219512194,3.7601896650728204,4,28.0,0.22147033558784388,1,2.0,0.6086239564288369,5,423.0,0.14941226261704027,8,522.0,0.36134948846637305,18,975.0
1705.0,-0.20249999999999985,42,0,22,648,690,0,463.0,11.023809523809524,2.4826454794590074,3,37.0,0.16707475037895558,2,9.0,0.20599742441313448,7,447.0,0.09819289425617515,10,563.0,0.08410551143040042,22,1056.0
1710.0,-0.22250000000000011,45,0,24,648,693,0,553.0,12.28888888888889,3.6501226059930785,2,28.0,0.3986902732607362,0,9.0,0.5992660704236686,10,490.0,0.12494588332898564,12,618.0,0.00040880963544675657,24,1145.0
1715.0,0.06499999999999995,47,0,22,649,696,0,426.0,9.063829787234043,4.418935280413968,1,10.0,0.5772096480122266,0,2.0,0.8769191791579818,12,546.0,0.07312504354487422,9,561.0,0.17550462768411543,22,1119.0
1720.0,0.3125000000000001,45,0,25,652,697,0,422.0,9.377777777777778,3.6766456830425436,1,9.0,0.6322659429881253,2,7.0,0.41382063555932086,14,596.0,0.12900834823134166,8,382.0,0.27964665889076723,25,994.0
1725.0,-0.21750000000000008,48,0,28,652,700,0,545.0,11.354166666666666,3.704217694297006,0,0.0,0.6136624295969993,4,23.0,0.28523776495945563,15,636.0,0.14325254422200373,9,422.0,0.15721126775857408,28,1081.0
1730.0,-0.3524999999999999,52,0,30,652,704,0,688.0,13.23076923076923,4.872462873866824,0,0.0,0.9509392996380943,4,37.0,0.5368404559385473,17,718.0,0.05227766822621088,9,467.0,0.0,30,1222.0
1735.0,-0.125,51,0,29,653,704,0,738.0,14.470588235294118,4.650674039460992,1,1.0,0.46331890153783667,4,57.0,0.4748222263656684,15,700.0,0.06331163915980513,9,514.0,0.0998424931008687,29,1272.0
1740.0,0.28,48,0,24,658,706,0,530.0,11.041666666666666,4.192359613996319,1,6.0,0.4965912918373052,6,81.0,0.18423024744580838,11,593.0,0.17476616851715415,6,480.0,0.26599461111754613,24,1160.0
1745.0,0.10749999999999982,44,0,19,663,707,0,274.0,6.2272727272727275,3.2130881780576037,0,0.0,0.9537561732533149,10,127.0,0.08685492515071334,7,636.0,0.14465584377384388,2,354.0,0.19332842646467693,19,1117.0
1750.0,-0.16749999999999987,50,0,19,663,713,0,185.0,3.7,4.026845678895082,0,0.0,0.9772263880716798,7,142.0,0.3375372067447932,8,675.0,0.07108583317536668,4,367.0,0.13697659761393596,19,1184.0
1755.0,-0.05500000000000005,50,0,19,665,715,0,165.0,3.3,3.9455249501523535,0,0.0,0.7972383806169775,4,115.0,0.3256889572839556,8,696.0,0.09043525242084442,7,395.0,0.02585404116577693,19,1206.0
1760.0,-0.19000000000000006,49,0,26,666,715,0,217.0,4.428571428571429,2.8976045589187605,1,4.0,0.21847948798273176,5,121.0,0.12306098765340984,11,736.0,0.07579306422838845,9,421.0,0.00034408739039583233,26,1282.0
1765.0,-0.21999999999999986,53,0,26,668,721,0,318.0,6.0,4.2684460190353315,0,3.0,0.5278966386908565,3,99.0,0.1644887169037659,14,800.0,0.16204042596457316,9,468.0,0.22483214047825706,26,1370.0
1770.0,0.17750000000000005,52,0,23,671,723,0,321.0,6.173076923076923,5.027909266398415,0,0.0,0.7280659752247993,6,118.0,0.3980172427067681,11,764.0,0.13328798207229384,6,417.0,0.3391385901889488,23,1299.0
1775.0,0.5274999999999999,56,0,18,673,729,0,231.0,4.125,5.637738723172991,1,4.0,0.6273635570697002,6,142.0,0.3571168390532056,9,620.0,0.19759025290595925,2,322.0,0.4859144943566144,18,1088.0
1780.0,-0.07499999999999987,56,0,16,673,729,0,173.0,3.0892857142857144,4.746027630712496,2,14.0,0.5448914547357615,6,132.0,0.19433452149108982,5,643.0,0.3090388238616225,3,329.0,0.30067502994715584,16,1118.0
1785.0,0.029999999999999888,59,0,14,674,733,0,125.0,2.1186440677966103,4.876674144617921,0,8.0,0.5109564831656693,2,85.0,0.24616868705738318,7,670.0,0.226836675480031,5,343.0,0.12789256244352132,14,1106.0
1790.0,-0.002499999999999933,59,0,22,677,736,0,188.0,3.1864406779661016,5.221483845222384,1,1.0,0.5264849578876063,4,102.0,0.4100754317352084,9,630.0,0.11318336161403908,8,374.0,0.16230911177702242,22,1107.0
1795.0,0.04499999999999993,57,0,27,681,738,0,296.0,5.192982456140351,3.9987109978684807,2,9.0,0.631808555989017,6,131.0,0.256118686282338,9,525.0,0.10076586303178899,10,424.0,0.12936465096141098,27,1089.0
1800.0,-0.2824999999999999,57,0,28,685,742,0,370.0,6.491228070175438,3.063994738642808,0,6.0,0.7509160384463134,9,158.0,0.03636778014082217,7,555.0,0.17775544625463036,12,483.0,0.037702223869857304,28,1202.0
