step,system_total_running,system_total_backlogged,system_total_stopped,system_total_arrived,system_total_departed,system_total_teleported,system_total_waiting_time,system_mean_waiting_time,system_mean_speed,t_stopped,t_accumulated_waiting_time,t_average_speed,agents_total_stopped,agents_total_accumulated_waiting_time
0.0,0,0,0,0,0,0,0.0,0.0,0.0,0,0.0,1.0,0,0.0
5.0,12,0,0,0,12,0,0.0,0.0,13.007945844780714,0,0.0,0.9031602799675662,0,0.0
10.0,12,0,0,0,12,0,0.0,0.0,12.136033610670895,0,0.0,0.8499658237221204,0,0.0
15.0,18,0,6,0,18,0,8.0,0.4444444444444444,7.601267701202321,6,8.0,0.3952176788529349,6,8.0
20.0,18,0,8,0,18,0,48.0,2.6666666666666665,7.5220889634860875,8,48.0,0.385950539620663,8,48.0
25.0,22,0,6,2,24,0,48.0,2.1818181818181817,5.605441522037172,6,64.0,0.3502857680158447,6,64.0
30.0,20,0,10,4,24,0,92.0,4.6,6.441360443605011,10,92.0,0.335746114743693,10,92.0
35.0,24,0,10,4,28,0,104.0,4.333333333333333,5.151711800507679,10,104.0,0.23855486853592062,10,104.0
40.0,26,0,14,8,34,0,167.0,6.423076923076923,5.689267653960119,14,167.0,0.3467644085350059,14,167.0
45.0,30,0,12,8,38,0,123.0,4.1,5.46005173021983,12,176.0,0.3373266346988148,12,176.0
50.0,30,0,12,10,40,0,183.0,6.1,4.981057511129024,12,183.0,0.235198728817913,12,183.0
55.0,34,0,15,10,44,0,112.0,3.2941176470588234,5.355629684018871,15,205.0,0.23082180109631414,15,205.0
60.0,30,0,6,14,44,0,50.0,1.6666666666666667,5.134914552379162,6,162.0,0.1752311530241007,6,162.0
65.0,34,0,6,16,50,0,36.0,1.0588235294117647,6.598085315342399,6,151.0,0.32148487349227345,6,151.0
70.0,30,0,13,20,50,0,86.0,2.8666666666666667,4.6167749988243,13,179.0,0.14616705842411662,13,179.0
75.0,39,0,15,23,62,0,108.0,2.769230769230769,5.782394560385269,15,199.0,0.3364382799580214,15,199.0
80.0,35,0,7,27,62,0,112.0,3.2,6.990984379633295,7,179.0,0.41607206543045355,7,179.0
85.0,41,0,8,27,68,0,139.0,3.3902439024390243,7.216730747449886,8,162.0,0.33535882108422876,8,162.0
90.0,36,0,9,32,68,0,37.0,1.0277777777777777,6.095571038381545,9,147.0,0.29654931559208886,9,147.0
95.0,33,0,13,39,72,0,78.0,2.3636363636363638,4.849659224293374,13,113.0,0.2443714049817016,13,113.0
100.0,35,0,15,39,74,0,114.0,3.257142857142857,5.042442817004782,15,166.0,0.21671869695594848,15,166.0
105.0,35,0,10,43,78,0,139.0,3.9714285714285715,6.12541237664323,10,178.0,0.2797506758207784,10,178.0
110.0,39,0,11,45,84,0,148.0,3.7948717948717947,6.583022014034568,11,182.0,0.35015898142823326,11,182.0
115.0,36,2,17,50,86,0,221.0,6.138888888888889,5.22298726178288,17,256.0,0.2727259182937913,17,256.0
120.0,35,0,19,53,88,0,188.0,5.371428571428571,3.3971791406414353,19,284.0,0.17645722589081142,19,284.0
125.0,37,2,22,55,92,0,295.0,7.972972972972973,4.079588784179147,22,330.0,0.1556242424988842,22,330.0
130.0,39,0,20,55,94,0,308.0,7.897435897435898,4.49390098871936,20,399.0,0.15024503773381973,20,399.0
135.0,38,2,15,60,98,0,262.0,6.894736842105263,4.963333265912591,15,402.0,0.21841649324026158,15,402.0
140.0,38,0,5,62,100,0,71.0,1.868421052631579,5.91302189510916,5,324.0,0.2629422485396495,5,324.0
145.0,38,2,7,68,106,0,37.0,0.9736842105263158,6.30225049942929,7,189.0,0.3417390730124366,7,189.0
150.0,43,0,14,69,112,0,93.0,2.1627906976744184,7.318026878598348,14,207.0,0.37724016777417557,14,207.0
155.0,39,0,13,73,112,0,101.0,2.58974358974359,5.215970835747421,13,229.0,0.22047128008291525,13,229.0
160.0,40,0,12,78,118,0,73.0,1.825,5.539511174835509,12,198.0,0.24667476880303993,12,198.0
165.0,36,0,7,82,118,0,78.0,2.1666666666666665,5.345867020498829,7,197.0,0.19875278169878785,7,197.0
170.0,36,0,15,88,124,0,135.0,3.75,4.1707696945396435,15,254.0,0.20379853938989217,15,254.0
175.0,34,0,17,90,124,0,116.0,3.411764705882353,2.773811322536384,17,277.0,0.12191743306964783,17,277.0
180.0,36,0,22,92,128,0,216.0,6.0,2.993401074457681,22,335.0,0.10912808814016596,22,335.0
185.0,42,0,24,92,134,0,247.0,5.880952380952381,3.8282784384594186,24,401.0,0.1827123538493976,24,401.0
190.0,42,0,15,96,138,0,207.0,4.928571428571429,5.505058497676614,15,391.0,0.2965137691198106,15,391.0
195.0,43,0,12,97,140,0,173.0,4.023255813953488,5.762896283551525,12,328.0,0.19776945763979342,12,328.0
200.0,41,0,7,103,144,0,41.0,1.0,5.749665855178644,7,290.0,0.291199957976009,7,290.0
205.0,38,0,10,108,146,0,61.0,1.605263157894737,5.6836171080194395,10,229.0,0.2884313956150859,10,229.0
210.0,40,0,12,110,150,0,88.0,2.2,4.9522418300049615,12,238.0,0.21964834955967763,12,238.0
215.0,36,0,10,114,150,0,107.0,2.9722222222222223,4.320250997499479,10,221.0,0.124839289624627,10,221.0
220.0,45,0,7,117,162,0,44.0,0.9777777777777777,6.853204612748892,7,196.0,0.39415410684716384,7,196.0
225.0,41,0,12,121,162,0,90.0,2.1951219512195124,5.71896262515433,12,198.0,0.29109546349180854,12,198.0
230.0,44,0,18,124,168,0,167.0,3.7954545454545454,4.499410397770877,18,275.0,0.16375524250852608,18,275.0
235.0,40,0,21,128,168,0,207.0,5.175,2.7392557985567003,21,331.0,0.08554111335987558,21,331.0
240.0,41,0,18,131,172,0,211.0,5.146341463414634,3.9646778852356124,18,333.0,0.1777305241894766,18,333.0
245.0,42,0,13,132,174,0,216.0,5.142857142857143,3.6571834578254205,13,388.0,0.1391085687239493,13,388.0
250.0,42,0,19,136,178,0,297.0,7.071428571428571,3.1568417172478442,19,472.0,0.14670264459106896,19,472.0
255.0,46,0,20,138,184,0,174.0,3.782608695652174,3.311563168523234,20,482.0,0.18409804052893794,20,482.0
260.0,48,0,23,140,188,0,207.0,4.3125,4.718194501771275,23,443.0,0.2603580658885183,23,443.0
265.0,50,0,24,140,190,0,213.0,4.26,2.9821034424447546,24,469.0,0.09094299157828571,24,469.0
270.0,50,0,25,144,194,0,184.0,3.68,4.101377968628322,25,456.0,0.16098442620280642,25,456.0
275.0,47,0,20,147,194,0,177.0,3.765957446808511,4.475243489251133,20,439.0,0.1264155082481938,20,439.0
280.0,46,2,11,152,198,0,110.0,2.391304347826087,4.686760598365815,11,493.0,0.21921367565663427,11,493.0
285.0,42,1,16,157,199,0,162.0,3.857142857142857,3.64137197583155,16,539.0,0.15038044742887094,16,539.0
290.0,51,2,17,159,210,0,209.0,4.098039215686274,4.815449477554471,17,570.0,0.2744689879496389,17,570.0
295.0,49,0,13,163,212,0,239.0,4.877551020408164,4.799484586280124,13,535.0,0.2644075226824264,13,535.0
300.0,51,2,9,163,214,0,85.0,1.6666666666666667,4.288506319772763,9,472.0,0.192478848339886,9,472.0
305.0,49,0,15,169,218,0,57.0,1.163265306122449,3.728613930695957,15,392.0,0.16882854317554244,15,392.0
310.0,50,2,20,170,220,0,133.0,2.66,3.435829716999436,20,445.0,0.1272777767370931,20,445.0
315.0,49,0,31,175,224,0,270.0,5.510204081632653,1.80751714658513,31,582.0,0.06808924084400433,31,582.0
320.0,49,2,32,177,226,0,323.0,6.591836734693878,1.8533860460045373,32,663.0,0.0868895253896436,32,663.0
325.0,53,2,29,179,232,0,320.0,6.037735849056604,3.15578401704082,29,666.0,0.1528936054733265,29,666.0
330.0,54,0,25,180,234,0,351.0,6.5,5.000276832083616,25,617.0,0.23464971428982245,25,617.0
335.0,53,2,16,183,236,0,223.0,4.2075471698113205,4.309095601701643,16,650.0,0.20180220501644205,16,650.0
340.0,49,2,19,189,238,0,276.0,5.63265306122449,4.357649873214616,19,678.0,0.188906987952841,19,678.0
345.0,51,2,22,191,242,0,189.0,3.7058823529411766,3.4313398376317603,22,680.0,0.12366850483339885,22,680.0
350.0,51,0,21,195,246,0,199.0,3.9019607843137254,3.757334035182326,21,632.0,0.14796647514755892,21,632.0
355.0,51,1,28,198,249,0,328.0,6.431372549019608,3.8544938088246306,28,669.0,0.07858398366690288,28,669.0
360.0,48,0,35,202,250,0,489.0,10.1875,2.8375844203630542,35,829.0,0.0011989749575332604,35,829.0
365.0,54,2,31,206,260,0,490.0,9.074074074074074,3.668059245085561,31,892.0,0.17362409132620085,31,892.0
370.0,49,2,23,211,260,0,366.0,7.469387755102041,4.553746790704975,23,842.0,0.2293252685695043,23,842.0
375.0,49,6,18,213,262,0,275.0,5.612244897959184,4.967869826260284,18,700.0,0.1803008491755809,18,700.0
380.0,46,6,14,216,262,0,163.0,3.5434782608695654,6.381573526176267,14,598.0,0.2816182870404169,14,598.0
385.0,41,10,9,223,264,0,103.0,2.5121951219512195,6.080232170999289,9,592.0,0.3286939187100438,9,592.0
390.0,40,6,16,228,268,0,169.0,4.225,4.501752937902237,16,659.0,0.23740995812280863,16,659.0
395.0,41,6,16,231,272,0,135.0,3.292682926829268,2.7471435128105064,16,676.0,0.14795068524467245,16,676.0
400.0,50,1,25,233,283,0,248.0,4.96,3.3134973216457575,25,738.0,0.16834917609612268,25,738.0
405.0,53,2,32,233,286,0,394.0,7.433962264150943,2.938135771108416,32,885.0,0.1384804603723577,32,885.0
410.0,52,1,36,237,289,0,430.0,8.26923076923077,1.505573917925499,36,937.0,0.05621762864949841,36,937.0
415.0,52,4,32,238,290,0,413.0,7.9423076923076925,2.7815791612407867,32,899.0,0.09563506980900029,32,899.0
420.0,51,4,28,239,290,0,438.0,8.588235294117647,3.9510294915090385,28,789.0,0.09597725447898951,28,789.0
425.0,49,8,19,243,292,0,406.0,8.285714285714286,5.689299031796604,19,713.0,0.2290392574522654,19,713.0
430.0,45,8,8,247,292,0,127.0,2.8222222222222224,5.753248160410811,8,631.0,0.26382284266879963,8,631.0
435.0,49,8,8,255,304,0,93.0,1.8979591836734695,6.125791228224368,8,514.0,0.36413901872498394,8,514.0
440.0,51,4,16,257,308,0,160.0,3.1372549019607843,6.126469906877542,16,513.0,0.3043028231628655,16,513.0
445.0,53,4,17,261,314,0,180.0,3.3962264150943398,3.946777882237143,17,505.0,0.1866966012388488,17,505.0
450.0,52,1,20,265,317,0,192.0,3.6923076923076925,3.605290859170287,20,468.0,0.12115177016967058,20,468.0
455.0,50,3,15,269,319,0,78.0,1.56,3.5928058475782136,15,475.0,0.14361148535114548,15,475.0
460.0,49,2,18,273,322,0,109.0,2.2244897959183674,3.924303901442908,18,496.0,0.13550307854499205,18,496.0
465.0,46,6,15,276,322,0,133.0,2.891304347826087,3.744312375096993,15,507.0,0.13169275129482427,15,507.0
470.0,52,2,13,280,332,0,142.0,2.730769230769231,4.481865012014778,13,446.0,0.2131183999141336,13,446.0
475.0,50,5,10,283,333,0,113.0,2.26,4.6036422895836635,10,420.0,0.21851412222802177,10,420.0
480.0,47,3,14,288,335,0,170.0,3.617021276595745,2.9621622473600904,14,489.0,0.14231571620175662,14,489.0
485.0,47,7,17,290,337,0,207.0,4.404255319148936,2.5115092122984413,17,495.0,0.12135895449791843,17,495.0
490.0,48,4,17,292,340,0,248.0,5.166666666666667,2.969981761905563,17,444.0,0.1199202337210778,17,444.0
495.0,53,5,14,292,345,0,87.0,1.6415094339622642,3.5981291769011348,14,408.0,0.14244919777136983,14,408.0
500.0,49,4,12,297,346,0,94.0,1.9183673469387754,3.6343661277559267,12,342.0,0.14377231317877825,12,342.0
505.0,53,6,13,299,352,0,111.0,2.0943396226415096,4.230742784028676,13,339.0,0.21442430452596736,13,339.0
510.0,56,4,13,302,358,0,136.0,2.4285714285714284,4.886220814999542,13,314.0,0.25254430490029983,13,314.0
515.0,53,3,8,306,359,0,59.0,1.1132075471698113,3.587722936644578,8,311.0,0.15949969692040847,8,311.0
520.0,53,5,17,310,363,0,121.0,2.2830188679245285,3.209025900411317,17,323.0,0.12668675590163345,17,323.0
525.0,51,5,17,312,363,0,161.0,3.156862745098039,3.3894500014504296,17,358.0,0.12088885213777789,17,358.0
530.0,51,6,16,317,368,0,193.0,3.784313725490196,3.559103109519764,16,352.0,0.12901667218334073,16,352.0
535.0,51,4,13,319,370,0,91.0,1.7843137254901962,3.1638296646801907,13,356.0,0.1234885696917504,13,356.0
540.0,47,7,14,324,371,0,102.0,2.1702127659574466,3.1184252087708857,14,316.0,0.12097773439078449,14,316.0
545.0,52,7,15,325,377,0,121.0,2.326923076923077,4.191411543812968,15,331.0,0.19048213425156507,15,331.0
550.0,51,8,12,329,380,0,129.0,2.5294117647058822,4.635462019580714,12,300.0,0.2019042578177367,12,300.0
555.0,51,7,13,332,383,0,96.0,1.8823529411764706,4.237726141677041,13,276.0,0.1448856320323797,13,276.0
560.0,47,9,19,338,385,0,164.0,3.4893617021276597,2.5181225715506277,19,362.0,0.105218908182544,19,362.0
565.0,47,9,19,340,387,0,217.0,4.617021276595745,2.4579657558627166,19,418.0,0.13679678114304172,19,418.0
570.0,48,10,17,342,390,0,268.0,5.583333333333333,3.3720878373486802,17,435.0,0.15980605471588363,17,435.0
575.0,51,7,13,342,393,0,177.0,3.4705882352941178,3.2774194626441635,13,418.0,0.10089760657744236,13,418.0
580.0,57,9,12,346,403,0,189.0,3.3157894736842106,4.737264888622343,12,379.0,0.24846257726798573,12,379.0
585.0,54,9,17,349,403,0,225.0,4.166666666666667,4.321941375355793,17,415.0,0.2262079859589082,17,415.0
590.0,56,10,18,352,408,0,251.0,4.482142857142857,3.4739370532941174,18,424.0,0.13968095433089525,18,424.0
595.0,55,8,15,355,410,0,96.0,1.7454545454545454,3.2376691169139984,15,392.0,0.1291766205188097,15,392.0
600.0,53,10,18,359,412,0,150.0,2.830188679245283,3.3760208639699747,18,355.0,0.1135717719755014,18,355.0
605.0,52,10,19,362,414,0,191.0,3.673076923076923,3.4255621697099468,19,400.0,0.12525259123743462,19,400.0
610.0,52,10,18,366,418,0,237.0,4.5576923076923075,3.3303936584739984,18,413.0,0.10580673424524424,18,413.0
615.0,56,9,15,369,425,0,246.0,4.392857142857143,4.089871360069027,15,430.0,0.18496089938712387,15,430.0
620.0,54,11,20,373,427,0,330.0,6.111111111111111,3.273234950402165,20,520.0,0.1642650401408601,20,520.0
625.0,53,11,21,376,429,0,389.0,7.339622641509434,2.460563493214799,21,583.0,0.1322964653627993,21,583.0
630.0,55,11,23,378,433,0,461.0,8.381818181818181,2.884985835892816,23,611.0,0.11833815690225201,23,611.0
635.0,56,10,19,378,434,0,261.0,4.660714285714286,2.795031637976507,19,588.0,0.08497962253868396,19,588.0
640.0,54,12,13,384,438,0,151.0,2.7962962962962963,3.308788443489442,13,475.0,0.15397159922486361,13,475.0
645.0,53,12,18,385,438,0,192.0,3.6226415094339623,3.0898679635613675,18,520.0,0.12701954309073837,18,520.0
650.0,61,12,20,389,450,0,236.0,3.8688524590163933,4.215796955787948,20,547.0,0.22467989963892954,20,547.0
655.0,60,11,15,391,451,0,99.0,1.65,4.061265164110923,15,535.0,0.20847389059352553,15,535.0
660.0,57,13,22,396,453,0,179.0,3.1403508771929824,3.112463645885835,22,525.0,0.13666621456148476,22,525.0
665.0,58,13,23,397,455,0,241.0,4.155172413793103,3.0910889911094346,23,596.0,0.10282398615925013,23,596.0
670.0,57,13,24,402,459,0,304.0,5.333333333333333,2.6309181873213228,24,640.0,0.07857359915424524,24,640.0
675.0,57,13,17,404,461,0,209.0,3.6666666666666665,3.1668418132618537,17,588.0,0.1177222507292532,17,588.0
680.0,55,15,13,408,463,0,108.0,1.9636363636363636,3.6110197295058546,13,468.0,0.14294601960010309,13,468.0
685.0,56,17,13,411,467,0,136.0,2.4285714285714284,4.1316419019137065,13,448.0,0.19022602519411436,13,448.0
690.0,57,12,16,415,472,0,176.0,3.087719298245614,4.342620864922547,16,455.0,0.2080217561529344,16,455.0
695.0,56,14,16,418,474,0,174.0,3.107142857142857,3.2855426894605535,16,464.0,0.12588246719312748,16,464.0
700.0,56,12,25,422,478,0,275.0,4.910714285714286,2.3182218774742154,25,570.0,0.0988622705140918,25,570.0
705.0,53,16,25,425,478,0,363.0,6.849056603773585,1.9633045553668043,25,655.0,0.09917635977949063,25,655.0
710.0,56,13,21,427,483,0,438.0,7.821428571428571,2.978921425693801,21,699.0,0.1343320582446013,21,699.0
715.0,58,15,18,427,485,0,337.0,5.810344827586207,3.1339167509805907,18,692.0,0.11423187797473339,18,692.0
720.0,55,13,21,432,487,0,410.0,7.454545454545454,2.591499739377193,21,693.0,0.07539060455235753,21,693.0
725.0,61,17,23,434,495,0,481.0,7.885245901639344,4.108992085370995,23,751.0,0.21486756501382182,23,751.0
730.0,60,13,20,439,499,0,541.0,9.016666666666667,3.7454889942736362,20,788.0,0.18970173504480586,20,788.0
735.0,61,16,15,441,502,0,320.0,5.245901639344262,3.530500714183463,15,691.0,0.13991166032631783,15,691.0
740.0,58,14,13,446,504,0,62.0,1.0689655172413792,3.29382223194177,13,504.0,0.12882541776469056,13,504.0
745.0,57,18,15,449,506,0,83.0,1.456140350877193,3.3978613368181527,15,538.0,0.15646052744282088,15,538.0
750.0,58,14,19,452,510,0,136.0,2.3448275862068964,3.2201997422375985,19,570.0,0.11857287752305297,19,570.0
755.0,57,16,17,455,512,0,161.0,2.824561403508772,2.545307251479574,17,547.0,0.07791614543437697,17,547.0
760.0,60,14,16,460,520,0,189.0,3.15,3.916368441638172,16,442.0,0.2060757906938407,16,442.0
765.0,59,18,18,461,520,0,226.0,3.830508474576271,3.6582642073920337,18,466.0,0.17594030713244668,18,466.0
770.0,59,16,21,465,524,0,260.0,4.406779661016949,3.149910177869602,21,493.0,0.11834081587261328,21,493.0
775.0,58,18,18,468,526,0,182.0,3.1379310344827585,3.2208140792072877,18,515.0,0.12311119604098214,18,515.0
780.0,56,16,22,472,528,0,249.0,4.446428571428571,2.919964272602416,22,523.0,0.07842103262605635,22,523.0
785.0,55,20,22,475,530,0,320.0,5.818181818181818,3.0994893771676,22,594.0,0.11920238554428221,22,594.0
790.0,55,16,19,479,534,0,382.0,6.945454545454545,3.1136780898087113,19,634.0,0.10617729323248618,19,634.0
795.0,61,19,12,482,543,0,277.0,4.540983606557377,4.567380052408175,12,576.0,0.2347722051681454,12,576.0
800.0,58,17,10,487,545,0,168.0,2.896551724137931,4.6622614874761945,10,464.0,0.24975986502164974,10,464.0
805.0,57,21,15,490,547,0,91.0,1.5964912280701755,3.9199765640302493,15,357.0,0.18385614494857783,15,357.0
810.0,57,17,31,494,551,0,210.0,3.6842105263157894,2.5488919129931573,31,476.0,0.0885497627305711,31,476.0
815.0,57,19,33,496,553,0,281.0,4.9298245614035086,1.6065630733615581,33,584.0,0.03643653273355917,33,584.0
820.0,57,17,34,500,557,0,313.0,5.491228070175438,2.4333042375702214,34,651.0,0.08796697014570899,34,651.0
825.0,56,21,30,501,557,0,376.0,6.714285714285714,3.78910575897338,30,689.0,0.10711923549778608,30,689.0
830.0,58,21,24,505,563,0,421.0,7.258620689655173,5.53589426763545,24,741.0,0.260983492967949,24,741.0
835.0,53,25,13,510,563,0,299.0,5.6415094339622645,5.677327455860529,13,732.0,0.30906657651600483,13,732.0
840.0,51,22,21,515,566,0,383.0,7.509803921568627,4.610142918226907,21,738.0,0.19727272313564578,21,738.0
845.0,54,21,21,519,573,0,268.0,4.962962962962963,3.908953083205888,21,714.0,0.1681638944231506,21,714.0
850.0,54,17,21,523,577,0,145.0,2.685185185185185,3.398317740106639,21,560.0,0.10557321212212913,21,560.0
855.0,57,17,22,526,583,0,166.0,2.912280701754386,3.0177303089829746,22,615.0,0.11613637438538664,22,615.0
860.0,56,15,28,529,585,0,169.0,3.017857142857143,2.9779705885271994,28,626.0,0.08212108137196247,28,626.0
865.0,58,17,27,533,591,0,185.0,3.189655172413793,5.0072168883592365,27,610.0,0.21424910105445474,27,610.0
870.0,56,19,15,537,593,0,133.0,2.375,5.188908992765745,15,616.0,0.26927394763313106,15,616.0
875.0,50,19,10,543,593,0,91.0,1.82,5.110533047263755,10,496.0,0.25799171688673717,10,496.0
880.0,53,20,16,545,598,0,110.0,2.0754716981132075,3.676937140660635,16,497.0,0.16160151084872054,16,497.0
885.0,54,16,21,548,602,0,165.0,3.0555555555555554,3.810105945534199,21,481.0,0.14623743056046307,21,481.0
890.0,55,17,19,552,607,0,118.0,2.1454545454545455,2.937208403150494,19,521.0,0.11542554976609117,19,521.0
895.0,52,15,23,557,609,0,198.0,3.8076923076923075,2.7196678928339995,23,562.0,0.11082892316449319,23,562.0
900.0,51,19,22,558,609,0,254.0,4.980392156862745,2.4280936137626203,22,602.0,0.07479637023508913,22,602.0
905.0,57,15,21,562,619,0,299.0,5.245614035087719,3.698996962342244,21,612.0,0.17600909448822133,21,612.0
910.0,56,19,16,563,619,0,188.0,3.357142857142857,3.331674930365328,16,620.0,0.1379560411080222,16,620.0
915.0,55,17,18,568,623,0,149.0,2.709090909090909,3.3312225514082776,18,565.0,0.15628961827871277,18,565.0
920.0,54,21,19,569,623,0,182.0,3.3703703703703702,2.832283441312652,19,596.0,0.10030178860411851,19,596.0
925.0,56,17,20,573,629,0,220.0,3.9285714285714284,3.160162798444645,20,580.0,0.11912666415121172,20,580.0
930.0,54,21,15,575,629,0,198.0,3.6666666666666665,3.4048107589095515,15,594.0,0.13071411861473686,15,594.0
935.0,52,19,19,579,631,0,269.0,5.173076923076923,2.7774066934217165,19,640.0,0.07522935944367232,19,640.0
940.0,57,23,20,582,639,0,332.0,5.824561403508772,4.036262742306252,20,683.0,0.20582743143762974,20,683.0
945.0,56,20,18,586,642,0,381.0,6.803571428571429,4.172576553483048,18,652.0,0.2159937044170834,18,652.0
950.0,59,22,21,587,646,0,313.0,5.305084745762712,3.1979634183235874,21,601.0,0.13015890971396138,21,601.0
955.0,57,20,26,591,648,0,413.0,7.245614035087719,2.7497536207129185,26,715.0,0.09675625249167007,26,715.0
960.0,54,24,28,594,648,0,315.0,5.833333333333333,2.1909084690223004,28,723.0,0.07393284155113788,28,723.0
965.0,56,20,26,598,654,0,247.0,4.410714285714286,2.634883389883466,26,656.0,0.11926181469963934,26,656.0
970.0,58,22,28,598,656,0,281.0,4.844827586206897,2.0485408473322515,28,721.0,0.055897909880844115,28,721.0
975.0,61,21,32,602,663,0,293.0,4.80327868852459,3.2420480279129134,32,754.0,0.14248902184811643,32,754.0
980.0,59,25,29,604,663,0,325.0,5.508474576271187,4.565787283585848,29,754.0,0.17562096829679913,29,754.0
985.0,58,25,20,607,665,0,258.0,4.448275862068965,4.3780704871618195,20,766.0,0.1873287853574185,20,766.0
990.0,51,29,16,614,665,0,198.0,3.8823529411764706,4.327549881264778,16,668.0,0.20876510741840312,16,668.0
995.0,53,25,18,616,669,0,104.0,1.9622641509433962,3.052582817812369,18,673.0,0.11113614052152618,18,673.0
1000.0,56,25,28,619,675,0,201.0,3.5892857142857144,3.425542723146797,28,680.0,0.10897787644970587,28,680.0
1005.0,54,23,30,623,677,0,249.0,4.611111111111111,2.5252828078995666,30,753.0,0.06004394892495554,30,753.0
1010.0,60,25,28,627,687,0,246.0,4.1,4.17524243963973,28,752.0,0.19241835820518544,28,752.0
1015.0,57,25,25,630,687,0,279.0,4.894736842105263,5.566923753380015,25,720.0,0.2536375113261984,25,720.0
1020.0,52,29,18,635,687,0,287.0,5.519230769230769,5.361265469903545,18,688.0,0.23273689338274714,18,688.0
1025.0,49,29,14,640,689,0,136.0,2.7755102040816326,5.283409656242052,14,614.0,0.2603451491007256,14,614.0
1030.0,48,29,13,645,693,0,92.0,1.9166666666666667,4.842490934786646,13,533.0,0.24020445812227897,13,533.0
1035.0,50,26,20,648,698,0,157.0,3.14,3.592809957037511,20,598.0,0.15281738915572565,20,598.0
1040.0,49,26,30,653,702,0,287.0,5.857142857142857,1.9699628225201347,30,728.0,0.09154797941072845,30,728.0
1045.0,56,24,32,654,710,0,350.0,6.25,2.259984323386753,32,805.0,0.1166259434577763,32,805.0
1050.0,59,19,32,656,715,0,386.0,6.5423728813559325,3.18020799540282,32,799.0,0.14950562078577811,32,799.0
1055.0,59,23,30,656,715,0,434.0,7.3559322033898304,3.6677830319301976,30,773.0,0.09825052648284983,30,773.0
1060.0,57,23,21,660,717,0,285.0,5.0,3.9250626070322157,21,808.0,0.16319927583500665,21,808.0
1065.0,51,27,20,666,717,0,325.0,6.372549019607843,3.7249047257757644,20,789.0,0.1644744661174433,20,789.0
1070.0,55,23,22,668,723,0,234.0,4.254545454545455,3.59083518860483,22,780.0,0.1393219810053254,22,780.0
1075.0,54,23,20,673,727,0,173.0,3.2037037037037037,3.2633557258764654,20,701.0,0.12132771846155486,20,701.0
1080.0,54,21,24,675,729,0,188.0,3.4814814814814814,2.463225939965432,24,712.0,0.05813304767730066,24,712.0
1085.0,60,23,26,679,739,0,174.0,2.9,3.9710025835356615,26,686.0,0.19196873965407854,26,686.0
1090.0,57,23,25,682,739,0,213.0,3.736842105263158,4.79929070612317,25,647.0,0.20740767084690373,25,647.0
1095.0,56,27,22,685,741,0,239.0,4.267857142857143,5.649713781016338,22,650.0,0.23679366839429253,22,650.0
1100.0,49,27,13,692,741,0,155.0,3.163265306122449,4.782254312791934,13,613.0,0.2142633100546257,13,613.0
1105.0,50,28,15,696,746,0,153.0,3.06,5.216990546101483,15,550.0,0.2486739327169531,15,550.0
1110.0,50,24,19,700,750,0,133.0,2.66,3.919266960704224,19,588.0,0.17555835637192033,19,588.0
1115.0,50,24,29,704,754,0,239.0,4.78,2.750459822043126,29,642.0,0.09609638209936891,29,642.0
1120.0,58,20,32,706,764,0,298.0,5.137931034482759,3.231319689213787,32,725.0,0.15610616076984654,32,725.0
1125.0,56,22,27,710,766,0,303.0,5.410714285714286,3.3622270050821146,27,725.0,0.1487785619043049,27,725.0
1130.0,58,21,30,711,769,0,351.0,6.051724137931035,3.99063082646541,30,699.0,0.11863993942289364,30,699.0
1135.0,54,25,24,715,769,0,398.0,7.37037037037037,5.17940414769791,24,735.0,0.18992468522292233,24,735.0
1140.0,49,25,16,720,769,0,265.0,5.408163265306122,4.731288844214565,16,700.0,0.21026326839537177,16,700.0
1145.0,48,26,14,726,774,0,219.0,4.5625,4.873821596122216,14,609.0,0.23556890657553758,14,609.0
1150.0,50,22,21,728,778,0,199.0,3.98,3.815625670529297,21,589.0,0.14910669522950704,21,589.0
1155.0,59,21,32,732,791,0,335.0,5.677966101694915,3.2927371722035317,32,727.0,0.1790408364548885,32,727.0
1160.0,59,18,34,735,794,0,407.0,6.898305084745763,2.478196744496172,34,824.0,0.14857162253329767,34,824.0
1165.0,61,20,30,737,798,0,422.0,6.918032786885246,2.57299455335351,30,854.0,0.10510366614796929,30,854.0
1170.0,61,20,35,737,798,0,490.0,8.032786885245901,3.8586351482328007,35,897.0,0.1212653732389677,35,897.0
1175.0,57,24,22,741,798,0,295.0,5.175438596491228,3.4830968379212917,22,897.0,0.11439873221420024,22,897.0
1180.0,54,24,21,746,800,0,321.0,5.944444444444445,4.204366568755901,21,857.0,0.18712550823478916,21,857.0
1185.0,54,25,24,749,803,0,257.0,4.7592592592592595,3.385728883812909,24,858.0,0.12574708827482312,24,858.0
1190.0,59,21,25,754,813,0,233.0,3.9491525423728815,4.110991517888838,25,759.0,0.20363994223550794,25,759.0
1195.0,60,22,27,756,816,0,254.0,4.233333333333333,3.742418901851298,27,795.0,0.1712942180968409,27,795.0
1200.0,58,20,24,760,818,0,229.0,3.9482758620689653,3.0979022975954678,24,721.0,0.08952700540534125,24,721.0
1205.0,56,24,30,764,820,0,270.0,4.821428571428571,4.277711630976723,30,699.0,0.13673265749074526,30,699.0
1210.0,51,24,22,769,820,0,312.0,6.117647058823529,4.992572259860043,22,698.0,0.18531494772845938,22,698.0
1215.0,47,28,13,775,822,0,235.0,5.0,5.073005830385736,13,679.0,0.2688525250807823,13,679.0
1220.0,46,25,18,779,825,0,316.0,6.869565217391305,4.629095218457251,18,713.0,0.2054604658414574,18,713.0
1225.0,54,22,24,782,836,0,314.0,5.814814814814815,4.46411202341191,24,711.0,0.23751835071849864,24,711.0
1230.0,56,20,30,786,842,0,453.0,8.089285714285714,3.51309580742736,30,850.0,0.20187126649294812,30,850.0
1235.0,58,16,31,788,846,0,510.0,8.793103448275861,2.001186654036583,31,928.0,0.10302309641526403,31,928.0
1240.0,60,18,35,790,850,0,542.0,9.033333333333333,2.2521215593225303,35,948.0,0.08561435148732642,35,948.0
1245.0,59,18,33,791,850,0,614.0,10.40677966101695,3.164915151380524,33,972.0,0.09672690200786131,33,972.0
1250.0,58,22,28,794,852,0,694.0,11.96551724137931,4.639794620640077,28,993.0,0.17164403564822117,28,993.0
1255.0,54,22,16,798,852,0,423.0,7.833333333333333,4.913348455453671,16,924.0,0.22705262111029959,16,924.0
1260.0,51,22,16,805,856,0,192.0,3.764705882352941,4.687035911036766,16,739.0,0.21007032815969598,16,739.0
1265.0,57,19,16,808,865,0,175.0,3.0701754385964914,4.824766074435261,16,667.0,0.24635260952328114,16,667.0
1270.0,58,18,28,812,870,0,294.0,5.068965517241379,3.103897923574443,28,786.0,0.14364312575976051,28,786.0
1275.0,60,14,35,816,876,0,363.0,6.05,1.4763225946322207,35,880.0,0.06260829172577079,35,880.0
1280.0,59,17,35,818,877,0,407.0,6.898305084745763,1.8810186554205583,35,952.0,0.05639015539770822,35,952.0
1285.0,62,16,35,818,880,0,496.0,8.0,3.5961654819480406,35,986.0,0.10735014221885471,35,986.0
1290.0,58,20,27,822,880,0,567.0,9.775862068965518,4.775525716894303,27,1048.0,0.18135223109805612,27,1048.0
1295.0,53,20,19,827,880,0,375.0,7.0754716981132075,4.625428677316553,19,1009.0,0.19507048692316142,19,1009.0
1300.0,59,20,23,833,892,0,443.0,7.508474576271187,5.472779605097195,23,967.0,0.31132924787388877,23,967.0
1305.0,60,16,22,836,896,0,342.0,5.7,4.150728382987909,22,912.0,0.2048194833391799,22,912.0
1310.0,62,17,23,839,901,0,216.0,3.4838709677419355,3.558912920372949,23,773.0,0.1411078349043486,23,773.0
1315.0,61,14,26,843,904,0,190.0,3.1147540983606556,2.6820954793907164,26,796.0,0.0953156565466965,26,796.0
1320.0,61,15,30,846,907,0,195.0,3.19672131147541,2.7114904550918637,30,801.0,0.05870455551192426,30,801.0
1325.0,60,14,32,850,910,0,263.0,4.383333333333334,3.756199430615233,32,858.0,0.12527748145112919,32,858.0
1330.0,55,18,26,855,910,0,321.0,5.836363636363636,4.243696261213782,26,871.0,0.13464258500644058,26,871.0
1335.0,57,18,18,859,916,0,282.0,4.947368421052632,5.114674320312723,18,849.0,0.26918672980099506,18,849.0
1340.0,55,19,17,864,919,0,270.0,4.909090909090909,5.226934260776728,17,686.0,0.2751375722640664,17,686.0
1345.0,58,15,19,867,925,0,160.0,2.7586206896551726,3.7401039518426114,19,686.0,0.17709769848316473,19,686.0
1350.0,61,13,29,870,931,0,286.0,4.688524590163935,3.3957684218577637,29,716.0,0.12623709369319655,29,716.0
1355.0,59,11,34,874,933,0,347.0,5.88135593220339,2.1189127005867574,34,805.0,0.03177405736248176,34,805.0
1360.0,58,13,35,879,937,0,373.0,6.431034482758621,2.770659344281227,35,838.0,0.07733373941088324,35,838.0
1365.0,56,13,30,881,937,0,414.0,7.392857142857143,3.8859905742826806,30,896.0,0.11095751124369414,30,896.0
1370.0,59,17,23,886,945,0,453.0,7.677966101694915,5.842109464857281,23,882.0,0.27138756517104545,23,882.0
1375.0,54,17,17,891,945,0,369.0,6.833333333333333,5.629348836172371,17,851.0,0.3149413842791417,17,851.0
1380.0,53,17,24,896,949,0,475.0,8.962264150943396,3.270347530156517,24,957.0,0.1440498939179678,24,957.0
1385.0,57,13,29,898,955,0,394.0,6.912280701754386,2.6792085933898258,29,958.0,0.12552316787649453,29,958.0
1390.0,58,13,27,901,959,0,308.0,5.310344827586207,2.593841103201737,27,868.0,0.0990815322221475,27,868.0
1395.0,62,10,28,902,964,0,302.0,4.870967741935484,2.7596167459043914,28,900.0,0.09780749088776457,28,900.0
1400.0,60,12,30,906,966,0,304.0,5.066666666666666,2.911244315191489,30,880.0,0.08378690367634527,30,880.0
1405.0,61,14,30,909,970,0,360.0,5.901639344262295,4.555052332053837,30,906.0,0.17316121394380063,30,906.0
1410.0,58,12,23,914,972,0,404.0,6.9655172413793105,5.704456402657989,23,897.0,0.26164919103776924,23,897.0
1415.0,53,16,17,919,972,0,244.0,4.60377358490566,4.601426121304436,17,899.0,0.23717154287961362,17,899.0
1420.0,54,12,22,924,978,0,311.0,5.7592592592592595,4.502612209345273,22,875.0,0.21609721566564488,22,875.0
1425.0,55,12,23,927,982,0,267.0,4.8545454545454545,3.603412168857839,23,830.0,0.12540654324585757,23,830.0
1430.0,56,7,24,933,989,0,223.0,3.982142857142857,3.319904296563926,24,737.0,0.1380019533288745,24,737.0
1435.0,57,8,24,935,992,0,190.0,3.3333333333333335,2.454100828186292,24,782.0,0.08063608603625949,24,782.0
1440.0,55,6,27,939,994,0,191.0,3.4727272727272727,2.507186868070648,27,792.0,0.06691051367569509,27,792.0
1445.0,61,10,27,941,1002,0,216.0,3.540983606557377,4.846675729514414,27,778.0,0.21496523554417604,27,778.0
1450.0,57,10,22,945,1002,0,245.0,4.298245614035087,5.313649527394868,22,806.0,0.2684287203664537,22,806.0
1455.0,53,14,15,951,1004,0,160.0,3.018867924528302,5.034241420613052,15,721.0,0.28056537038941554,15,721.0
1460.0,52,11,17,955,1007,0,142.0,2.730769230769231,4.7001556542150436,17,548.0,0.21774858591371704,17,548.0
1465.0,54,11,16,959,1013,0,161.0,2.9814814814814814,4.158557164407887,16,573.0,0.19012611686096395,16,573.0
1470.0,54,7,17,963,1017,0,215.0,3.9814814814814814,4.029762553913994,17,585.0,0.17227476665569919,17,585.0
1475.0,55,7,15,966,1021,0,127.0,2.309090909090909,3.1242147680689425,15,581.0,0.11919537202998401,15,581.0
1480.0,59,5,22,970,1029,0,196.0,3.3220338983050848,3.856864909183226,22,586.0,0.17699267530704443,22,586.0
1485.0,57,8,21,973,1030,0,201.0,3.526315789473684,3.549314330698849,21,582.0,0.16020240873540675,21,582.0
1490.0,58,5,25,977,1035,0,239.0,4.120689655172414,3.059917094619004,25,548.0,0.11893494530468718,25,548.0
1495.0,58,7,28,979,1037,0,268.0,4.620689655172414,2.753663324772373,28,580.0,0.08565424302374075,28,580.0
1500.0,56,5,29,983,1039,0,270.0,4.821428571428571,2.639960706987082,29,603.0,0.06262813576583583,29,603.0
1505.0,55,9,29,986,1041,0,326.0,5.927272727272728,4.33743114758231,29,593.0,0.1494841428566812,29,593.0
1510.0,52,9,20,989,1041,0,347.0,6.673076923076923,5.362079726319753,20,614.0,0.1779633252284721,20,614.0
1515.0,54,13,13,995,1049,0,266.0,4.925925925925926,6.357906171912617,13,617.0,0.35808537113910477,13,617.0
1520.0,52,9,13,1001,1053,0,271.0,5.211538461538462,6.341014293667797,13,570.0,0.3432501901168381,13,570.0
1525.0,55,9,19,1004,1059,0,223.0,4.054545454545455,4.343112643248428,19,492.0,0.1777599556426313,19,492.0
1530.0,57,3,33,1008,1065,0,366.0,6.421052631578948,2.895839064978235,33,635.0,0.09241014323110937,33,635.0
1535.0,55,5,33,1012,1067,0,434.0,7.890909090909091,1.4931174429736198,33,744.0,0.0354969864603154,33,744.0
1540.0,57,3,32,1014,1071,0,455.0,7.982456140350878,2.692575814314362,32,793.0,0.0927824216426344,32,793.0
1545.0,55,7,27,1016,1071,0,259.0,4.709090909090909,3.2204230594505954,27,813.0,0.11608103086388072,27,813.0
1550.0,56,7,20,1021,1077,0,227.0,4.053571428571429,4.104873479247731,20,780.0,0.1908959590739638,20,780.0
1555.0,54,11,25,1023,1077,0,302.0,5.592592592592593,4.241417210092177,25,858.0,0.18493289750825373,25,858.0
1560.0,54,7,26,1027,1081,0,352.0,6.518518518518518,2.645373130977727,26,907.0,0.1074890875013244,26,907.0
1565.0,53,10,28,1031,1084,0,389.0,7.339622641509434,2.6889511636628027,28,887.0,0.10499453482747163,28,887.0
1570.0,55,8,22,1031,1086,0,203.0,3.690909090909091,3.096879642211239,22,834.0,0.08683821502153015,22,834.0
1575.0,52,12,18,1036,1088,0,111.0,2.1346153846153846,3.887401031932596,18,769.0,0.16380231319949792,18,769.0
1580.0,49,12,12,1039,1088,0,96.0,1.9591836734693877,3.8708640872848172,12,747.0,0.15415016543988896,12,747.0
1585.0,55,10,13,1043,1098,0,121.0,2.2,4.967638287421493,13,635.0,0.240340462345934,13,635.0
1590.0,56,10,11,1046,1102,0,71.0,1.2678571428571428,4.904195670894552,11,640.0,0.25160303057657085,11,640.0
1595.0,52,8,16,1052,1104,0,138.0,2.6538461538461537,3.5879514104242696,16,659.0,0.1461808351026413,16,659.0
1600.0,53,12,21,1053,1106,0,191.0,3.6037735849056602,3.1586869553736676,21,686.0,0.1167785977746419,21,686.0
1605.0,52,8,19,1058,1110,0,247.0,4.75,2.8947741466425816,19,657.0,0.10355753070644143,19,657.0
1610.0,54,11,15,1059,1113,0,160.0,2.962962962962963,3.2108487849327636,15,648.0,0.12019311640022683,15,648.0
1615.0,51,9,14,1064,1115,0,105.0,2.0588235294117645,3.324025333678163,14,569.0,0.13659042084524292,14,569.0
1620.0,50,13,13,1065,1115,0,122.0,2.44,3.573742351545365,13,517.0,0.11714291407416857,13,517.0
1625.0,55,10,13,1069,1124,0,134.0,2.4363636363636365,4.469427360531933,13,456.0,0.20504595197453096,13,456.0
1630.0,53,13,12,1072,1125,0,116.0,2.188679245283019,4.255561607233641,12,438.0,0.1834654936364574,12,438.0
1635.0,51,11,17,1078,1129,0,186.0,3.6470588235294117,3.3170287310529702,17,519.0,0.11579961098463114,17,519.0
1640.0,49,15,19,1080,1129,0,234.0,4.775510204081633,3.353921112867967,19,552.0,0.13747887349317425,19,552.0
1645.0,49,11,16,1086,1135,0,267.0,5.448979591836735,3.35264154805083,16,517.0,0.15699908683373034,16,517.0
1650.0,50,14,11,1086,1136,0,186.0,3.72,4.170463438309341,11,449.0,0.1618520280288856,11,449.0
1655.0,48,12,9,1090,1138,0,139.0,2.8958333333333335,4.1735421958109,9,378.0,0.14559138212691805,9,378.0
1660.0,52,16,11,1094,1146,0,152.0,2.923076923076923,5.17085828067619,11,382.0,0.27683039998790976,11,382.0
1665.0,52,12,10,1098,1150,0,162.0,3.1153846153846154,5.316890545223629,10,359.0,0.28489709696697746,10,359.0
1670.0,53,14,10,1101,1154,0,54.0,1.0188679245283019,3.610517407325607,10,247.0,0.1583941323231209,10,247.0
1675.0,51,12,20,1105,1156,0,130.0,2.549019607843137,3.0799793813338745,20,332.0,0.11401143382882482,20,332.0
1680.0,48,16,20,1108,1156,0,186.0,3.875,2.4522944428031717,20,396.0,0.0922533774001548,20,396.0
1685.0,50,12,17,1112,1162,0,224.0,4.48,3.049365922939956,17,418.0,0.14265084767571612,17,418.0
1690.0,51,15,15,1112,1163,0,176.0,3.450980392156863,3.035347254976678,15,418.0,0.1095753819855109,15,418.0
1695.0,55,13,17,1116,1171,0,145.0,2.6363636363636362,4.060267968495544,17,388.0,0.19971310703356926,17,388.0
1700.0,53,17,16,1118,1171,0,108.0,2.0377358490566038,4.298545914202528,16,376.0,0.21231080594453935,16,376.0
1705.0,54,14,24,1122,1176,0,211.0,3.9074074074074074,3.6321420527920987,24,428.0,0.1029660008405333,24,428.0
1710.0,52,17,30,1125,1177,0,242.0,4.653846153846154,2.838555158547742,30,506.0,0.06745190351896244,30,506.0
1715.0,49,15,26,1130,1179,0,212.0,4.326530612244898,2.686391007337335,26,533.0,0.061555074798713576,26,533.0
1720.0,49,19,23,1132,1181,0,232.0,4.73469387755102,4.585462791735703,23,522.0,0.14635317526441224,23,522.0
1725.0,47,19,15,1134,1181,0,223.0,4.74468085106383,6.2062028357531815,15,533.0,0.24106933134685174,15,533.0
1730.0,48,23,5,1141,1189,0,89.0,1.8541666666666667,7.043449178890442,5,466.0,0.4074048588763959,5,466.0
1735.0,46,20,7,1146,1192,0,46.0,1.0,6.949895019518976,7,397.0,0.4086630610101787,7,397.0
1740.0,46,20,10,1150,1196,0,58.0,1.2608695652173914,4.554779885815149,10,399.0,0.24203515524065194,10,399.0
1745.0,50,15,13,1153,1203,0,75.0,1.5,4.194854232957536,13,364.0,0.19521978306424817,13,364.0
1750.0,51,15,15,1156,1207,0,131.0,2.5686274509803924,3.1809951130602774,15,404.0,0.11430702430483712,15,404.0
1755.0,50,14,20,1160,1210,0,217.0,4.34,2.538232611658738,20,491.0,0.10597875986615285,20,491.0
1760.0,48,17,21,1163,1211,0,278.0,5.791666666666667,2.1624982905314085,21,547.0,0.11197276978958476,21,547.0
1765.0,53,16,17,1165,1218,0,323.0,6.09433962264151,3.489249547590725,17,541.0,0.18062655022256444,17,541.0
1770.0,57,12,16,1165,1222,0,229.0,4.017543859649122,3.988442362940587,16,516.0,0.1872227288924595,16,516.0
1775.0,54,14,20,1170,1224,0,304.0,5.62962962962963,3.170653509167884,20,534.0,0.136039992985975,20,534.0
1780.0,54,14,22,1172,1226,0,220.0,4.074074074074074,2.932188663717361,22,543.0,0.12507483790405585,22,543.0
1785.0,54,14,25,1176,1230,0,204.0,3.7777777777777777,2.68982219835275,25,506.0,0.09746701277866579,25,506.0
1790.0,56,13,26,1177,1233,0,229.0,4.089285714285714,2.938242508726607,26,516.0,0.09500170189726677,26,516.0
1795.0,55,15,26,1180,1235,0,217.0,3.9454545454545453,3.3558094501973565,26,509.0,0.08580327661853272,26,509.0
1800.0,51,15,25,1184,1235,0,231.0,4.529411764705882,4.280428927741362,25,526.0,0.08384758945521316,25,526.0
1805.0,53,19,17,1190,1243,0,231.0,4.3584905660377355,6.514609434580498,17,560.0,0.3311822687205907,17,560.0
1810.0,48,19,8,1195,1243,0,125.0,2.6041666666666665,6.367074670878627,8,529.0,0.35188129342908836,8,529.0
1815.0,48,20,19,1200,1248,0,197.0,4.104166666666667,4.964508674923331,19,546.0,0.24503015876060538,19,546.0
1820.0,51,14,20,1203,1254,0,172.0,3.372549019607843,3.754122544606771,20,559.0,0.17541171548029555,20,559.0
1825.0,54,14,23,1206,1260,0,194.0,3.5925925925925926,3.731513899061232,23,545.0,0.14300407511284732,23,545.0
1830.0,54,11,26,1209,1263,0,225.0,4.166666666666667,2.826708122234087,26,611.0,0.0950567895362599,26,611.0
1835.0,52,13,25,1213,1265,0,213.0,4.096153846153846,2.781266698621912,25,586.0,0.06195277690619199,25,586.0
1840.0,56,13,26,1215,1271,0,254.0,4.535714285714286,5.198762749161516,26,581.0,0.2266257381548747,26,581.0
1845.0,51,17,17,1220,1271,0,266.0,5.215686274509804,6.106144027177564,17,548.0,0.28342147161432324,17,548.0
1850.0,48,17,14,1225,1273,0,218.0,4.541666666666667,5.088606076320895,14,546.0,0.25658858979353694,14,546.0
1855.0,48,17,23,1229,1277,0,316.0,6.583333333333333,3.997840280958085,23,644.0,0.19450584221830655,23,644.0
1860.0,48,13,24,1233,1281,0,290.0,6.041666666666667,2.2300707253839898,24,672.0,0.11367519659338571,24,672.0
1865.0,53,12,27,1235,1288,0,314.0,5.9245283018867925,2.9474892266371295,27,659.0,0.1406105342328322,27,659.0
1870.0,56,9,27,1235,1291,0,348.0,6.214285714285714,2.9255101952156792,27,681.0,0.08038577436760357,27,681.0
1875.0,62,11,29,1239,1301,0,344.0,5.548387096774194,4.289285521366175,29,707.0,0.2020697713955822,29,707.0
1880.0,58,11,25,1243,1301,0,377.0,6.5,5.3524085522713,25,691.0,0.23832945838817782,25,691.0
1885.0,55,15,15,1248,1303,0,138.0,2.5090909090909093,4.068394914631528,15,659.0,0.21497296991501594,15,659.0
1890.0,51,15,17,1252,1303,0,147.0,2.8823529411764706,4.3058981149366335,17,597.0,0.2093407327120221,17,597.0
1895.0,52,15,17,1255,1307,0,197.0,3.7884615384615383,3.284858172538577,17,626.0,0.11490737815786987,17,626.0
1900.0,53,12,19,1259,1312,0,254.0,4.7924528301886795,3.7763739762727293,19,584.0,0.1421741981991931,19,584.0
1905.0,53,13,14,1262,1315,0,168.0,3.169811320754717,3.3841063039188937,14,575.0,0.13282754085656487,14,575.0
1910.0,57,11,15,1266,1323,0,124.0,2.175438596491228,4.2452172711106435,15,510.0,0.21176449490951763,15,510.0
1915.0,54,15,14,1269,1323,0,149.0,2.759259259259259,4.409949883213366,14,485.0,0.22304251569913722,14,485.0
1920.0,54,12,13,1272,1326,0,165.0,3.0555555555555554,3.9486765509550334,13,459.0,0.1473961242211514,13,459.0
1925.0,53,14,17,1277,1330,0,149.0,2.811320754716981,3.304508195107128,17,445.0,0.12416354022999347,17,445.0
1930.0,50,12,24,1282,1332,0,241.0,4.82,1.9787180333498358,24,549.0,0.07525515865756556,24,549.0
1935.0,50,16,23,1284,1334,0,314.0,6.28,2.324860875788435,23,620.0,0.12825708844876968,23,620.0
1940.0,52,12,19,1286,1338,0,364.0,7.0,2.8609011588994653,19,598.0,0.11691398382095329,19,598.0
1945.0,59,13,15,1286,1345,0,219.0,3.711864406779661,3.948972962503404,15,585.0,0.20474976521045452,15,585.0
1950.0,60,13,19,1289,1349,0,269.0,4.483333333333333,4.359470489354337,19,557.0,0.21414855794016563,19,557.0
1955.0,56,13,21,1293,1349,0,191.0,3.4107142857142856,3.6990208608479898,21,555.0,0.18125454061213342,21,555.0
1960.0,58,13,25,1297,1355,0,179.0,3.086206896551724,3.1926403003574917,25,521.0,0.12378245545974575,25,521.0
1965.0,57,12,30,1299,1356,0,226.0,3.9649122807017543,2.645517329408546,30,552.0,0.07108939631264304,30,552.0
1970.0,57,14,30,1303,1360,0,229.0,4.017543859649122,2.8328541559693505,30,564.0,0.08823226071873945,30,564.0
1975.0,54,14,28,1306,1360,0,277.0,5.12962962962963,4.101376744704637,28,584.0,0.13404591071104335,28,584.0
1980.0,50,18,19,1310,1360,0,289.0,5.78,5.194183828642797,19,625.0,0.20199921029485565,19,625.0
1985.0,50,18,14,1316,1366,0,271.0,5.42,5.707479941448263,14,623.0,0.32189055788898113,14,623.0
1990.0,49,18,19,1321,1370,0,356.0,7.26530612244898,3.950603884451963,19,708.0,0.22704750995661777,19,708.0
1995.0,52,14,25,1324,1376,0,296.0,5.6923076923076925,2.644095327645505,25,730.0,0.1540268223065065,25,730.0
2000.0,54,14,30,1326,1380,0,428.0,7.925925925925926,2.6578150623740417,30,763.0,0.11716129660005392,30,763.0
2005.0,60,10,33,1326,1386,0,382.0,6.366666666666666,2.4642259145915384,33,814.0,0.07097024125422338,33,814.0
2010.0,58,12,36,1330,1388,0,415.0,7.155172413793103,2.689982839442968,36,813.0,0.07905319688721282,36,813.0
2015.0,55,12,36,1333,1388,0,444.0,8.072727272727272,2.2692471548812203,36,901.0,0.04901913045951301,36,901.0
2020.0,60,16,31,1336,1396,0,378.0,6.3,3.999110752059676,31,902.0,0.18335810166912136,31,902.0
2025.0,56,16,24,1340,1396,0,341.0,6.089285714285714,5.271323528429574,24,822.0,0.24028738183804776,24,822.0
2030.0,53,20,18,1345,1398,0,255.0,4.811320754716981,5.408482590965449,18,788.0,0.2504447135548191,18,788.0
2035.0,48,20,12,1350,1398,0,137.0,2.8541666666666665,5.260210695605436,12,714.0,0.2638759290764102,12,714.0
2040.0,48,20,16,1354,1402,0,148.0,3.0833333333333335,4.890144260790859,16,669.0,0.21557087937026934,16,669.0
2045.0,49,17,16,1358,1407,0,188.0,3.836734693877551,4.4924632182425315,16,638.0,0.1931146926048656,16,638.0
2050.0,50,16,15,1362,1412,0,220.0,4.4,4.4507245590060105,15,580.0,0.1656736401594761,15,580.0
2055.0,56,12,11,1366,1422,0,115.0,2.0535714285714284,4.707972986231552,11,547.0,0.2266309358537987,11,547.0
2060.0,54,14,14,1370,1424,0,148.0,2.740740740740741,4.438945247089193,14,493.0,0.2008358306042629,14,493.0
2065.0,52,14,21,1374,1426,0,176.0,3.3846153846153846,3.578554975443534,21,521.0,0.16830192091857696,21,521.0
2070.0,52,14,31,1378,1430,0,317.0,6.096153846153846,2.0768665067340866,31,662.0,0.08406209401754756,31,662.0
2075.0,52,12,34,1380,1432,0,385.0,7.403846153846154,1.199215446901356,34,740.0,0.030594005347387748,34,740.0
2080.0,54,14,32,1382,1436,0,400.0,7.407407407407407,2.3630037635587446,32,739.0,0.09005987590487825,32,739.0
2085.0,54,14,28,1382,1436,0,446.0,8.25925925925926,4.072646295591199,28,671.0,0.11204158612004267,28,671.0
2090.0,58,18,20,1386,1444,0,466.0,8.03448275862069,6.205930248208616,20,724.0,0.3138546045584295,20,724.0
2095.0,52,18,12,1392,1444,0,390.0,7.5,6.153135411353846,12,715.0,0.35393624514338784,12,715.0
2100.0,51,19,19,1396,1447,0,471.0,9.235294117647058,4.883005330555934,19,745.0,0.22365484813069075,19,745.0
2105.0,54,14,22,1400,1454,0,301.0,5.574074074074074,3.5706353033288933,22,728.0,0.1643177378551965,22,728.0
2110.0,54,14,25,1404,1458,0,190.0,3.5185185185185186,3.119620117249178,25,640.0,0.1088104079701479,25,640.0
2115.0,58,10,27,1406,1464,0,278.0,4.793103448275862,2.930612260730574,27,689.0,0.09398553683244294,27,689.0
2120.0,56,12,40,1410,1466,0,449.0,8.017857142857142,1.5678437605931796,40,861.0,0.030069637848076036,40,861.0
2125.0,57,14,44,1413,1470,0,509.0,8.929824561403509,1.897876559568376,44,1000.0,0.08854910305475412,44,1000.0
2130.0,57,12,35,1415,1472,0,467.0,8.192982456140351,3.2814235543423833,35,1040.0,0.15792395959000363,35,1040.0
2135.0,57,16,29,1415,1472,0,453.0,7.947368421052632,4.388979171462093,29,983.0,0.15046690648415906,29,983.0
2140.0,54,16,18,1420,1474,0,264.0,4.888888888888889,4.2319249602037505,18,948.0,0.18860510812199874,18,948.0
2145.0,49,20,12,1425,1474,0,127.0,2.5918367346938775,4.446667869016235,12,846.0,0.20201885875698705,12,846.0
2150.0,52,16,16,1428,1480,0,82.0,1.5769230769230769,3.97365368852469,16,799.0,0.18474579537567548,16,799.0
2155.0,52,17,24,1431,1483,0,188.0,3.6153846153846154,3.406329979110761,24,869.0,0.10587945136217639,24,869.0
2160.0,52,13,27,1435,1487,0,223.0,4.288461538461538,2.078005071587683,27,905.0,0.031830443738924775,27,905.0
2165.0,57,15,26,1440,1497,0,222.0,3.8947368421052633,3.958436754266768,26,850.0,0.20377432578707227,26,850.0
2170.0,56,15,23,1441,1497,0,257.0,4.589285714285714,5.239925375102247,23,750.0,0.22314694863282483,23,750.0
2175.0,54,19,21,1445,1499,0,276.0,5.111111111111111,5.227489690544017,21,696.0,0.204624822616772,21,696.0
2180.0,48,19,13,1451,1499,0,144.0,3.0,4.938979541202593,13,640.0,0.22988436725409495,13,640.0
2185.0,50,19,13,1455,1505,0,88.0,1.76,5.434555873380033,13,545.0,0.2608542624072203,13,545.0
2190.0,50,15,20,1459,1509,0,141.0,2.82,4.355851572146255,20,578.0,0.18197728297049073,20,578.0
2195.0,49,15,28,1464,1513,0,265.0,5.408163265306122,1.9327650422226201,28,702.0,0.0730209360909457,28,702.0
2200.0,57,11,34,1466,1523,0,326.0,5.719298245614035,2.294120500698783,34,769.0,0.1312421252493776,34,769.0
2205.0,57,13,30,1468,1525,0,337.0,5.912280701754386,2.880120408183281,30,740.0,0.13046946705889162,30,740.0
2210.0,59,13,30,1468,1527,0,393.0,6.661016949152542,4.160007220002604,30,714.0,0.12362145692290309,30,714.0
2215.0,55,17,21,1472,1527,0,279.0,5.072727272727272,4.157577222662003,21,766.0,0.16584695636082689,21,766.0
2220.0,48,17,19,1479,1527,0,299.0,6.229166666666667,3.5401251802873532,19,769.0,0.1586016294933683,19,769.0
2225.0,53,17,21,1480,1533,0,215.0,4.056603773584905,3.6526729625589636,21,757.0,0.14192766543883906,21,757.0
2230.0,52,13,21,1485,1537,0,169.0,3.25,3.112851445933704,21,686.0,0.1030953666288105,21,686.0
2235.0,60,15,25,1487,1547,0,187.0,3.1166666666666667,3.8478137196567586,25,708.0,0.18344289695020735,25,708.0
2240.0,58,13,25,1491,1549,0,170.0,2.9310344827586206,4.0722043970441995,25,682.0,0.18434672886609768,25,682.0
2245.0,57,17,25,1494,1551,0,201.0,3.526315789473684,4.415676836812035,25,646.0,0.15722065550368136,25,646.0
2250.0,54,17,23,1497,1551,0,224.0,4.148148148148148,5.090668154671558,23,667.0,0.19310049018267636,23,667.0
2255.0,46,21,13,1505,1551,0,187.0,4.065217391304348,4.159650778038227,13,690.0,0.20687317234426866,13,690.0
2260.0,47,19,21,1508,1555,0,281.0,5.9787234042553195,4.195559389923425,21,765.0,0.20728567028769482,21,765.0
2265.0,51,17,21,1510,1561,0,233.0,4.568627450980392,3.5380240401566816,21,769.0,0.1573055381960873,21,769.0
2270.0,56,13,22,1515,1571,0,212.0,3.7857142857142856,3.809378586552328,22,714.0,0.19548718941754506,22,714.0
2275.0,58,14,25,1516,1574,0,231.0,3.9827586206896552,3.3512691689427196,25,758.0,0.1554010216578945,25,758.0
2280.0,56,12,27,1520,1576,0,220.0,3.9285714285714284,3.013168586061561,27,732.0,0.11714325472121163,27,732.0
2285.0,56,16,28,1522,1578,0,252.0,4.5,4.030174614161971,28,680.0,0.13351323736689089,28,680.0
2290.0,52,16,21,1526,1578,0,289.0,5.5576923076923075,5.09568759760406,21,678.0,0.18218392988013424,21,678.0
2295.0,49,20,18,1531,1580,0,233.0,4.755102040816326,5.215590699405409,18,653.0,0.25146504389093033,18,653.0
2300.0,49,16,22,1535,1584,0,334.0,6.816326530612245,3.85663810324289,22,754.0,0.17938153550416172,22,754.0
2305.0,54,14,24,1540,1594,0,286.0,5.296296296296297,3.6109663420052156,24,757.0,0.22746100788704798,24,757.0
2310.0,59,11,23,1542,1601,0,263.0,4.4576271186440675,4.066636529452191,23,700.0,0.22830205687476632,23,700.0
2315.0,62,8,27,1542,1604,0,281.0,4.532258064516129,2.7762971483884806,27,744.0,0.11667623961113248,27,744.0
2320.0,63,10,35,1545,1608,0,306.0,4.857142857142857,2.793907746372149,35,777.0,0.09283129634287911,35,777.0
2325.0,60,10,34,1548,1608,0,390.0,6.5,3.714416370872682,34,811.0,0.09739296686293177,34,811.0
2330.0,57,14,23,1553,1610,0,239.0,4.192982456140351,3.6407016905932976,23,864.0,0.16455889366977863,23,864.0
2335.0,54,14,21,1556,1610,0,268.0,4.962962962962963,4.1969501370730535,21,839.0,0.167698252033424,21,839.0
2340.0,54,14,23,1560,1614,0,240.0,4.444444444444445,3.2491085621583604,23,828.0,0.09934416903092057,23,828.0
2345.0,59,10,25,1565,1624,0,236.0,4.0,4.2213703725409335,25,775.0,0.20211773567188687,25,775.0
2350.0,58,12,24,1568,1626,0,246.0,4.241379310344827,3.4739692772738615,24,758.0,0.1358300298507306,24,758.0
2355.0,58,10,26,1572,1630,0,236.0,4.068965517241379,3.209982003743172,26,685.0,0.08537294574207421,26,685.0
2360.0,55,14,27,1575,1630,0,251.0,4.5636363636363635,4.400692747858789,27,689.0,0.12535612635182553,27,689.0
2365.0,51,14,20,1581,1632,0,274.0,5.372549019607843,5.4453820977752585,20,679.0,0.22448873016362178,20,679.0
2370.0,45,18,16,1587,1632,0,208.0,4.622222222222222,5.147687443099839,16,641.0,0.2651116231069628,16,641.0
2375.0,44,14,22,1592,1636,0,301.0,6.840909090909091,3.1408329877488437,22,734.0,0.16650536585420178,22,734.0
2380.0,53,15,24,1594,1647,0,276.0,5.2075471698113205,3.8953140583219237,24,758.0,0.24257843250548805,24,758.0
2385.0,55,11,25,1596,1651,0,299.0,5.4363636363636365,3.891546725326998,25,731.0,0.20126849540173739,25,731.0
2390.0,62,10,28,1596,1658,0,313.0,5.048387096774194,2.928994069808106,28,732.0,0.10163214194750517,28,732.0
2395.0,60,9,32,1599,1659,0,333.0,5.55,3.191029556389287,32,724.0,0.09446645483394285,32,724.0
2400.0,56,12,29,1604,1660,0,372.0,6.642857142857143,3.6662852589675916,29,698.0,0.08820291656408966,29,698.0
2405.0,56,12,20,1606,1662,0,190.0,3.392857142857143,4.255092171299837,20,724.0,0.16588300665674144,20,724.0
2410.0,49,16,19,1613,1662,0,196.0,4.0,4.219062113453571,19,681.0,0.18102564737215227,19,681.0
2415.0,56,12,26,1616,1672,0,264.0,4.714285714285714,4.040909446416987,26,735.0,0.1896130631377516,26,735.0
2420.0,54,12,31,1622,1676,0,406.0,7.518518518518518,2.5452581542076937,31,877.0,0.13909178591245253,31,877.0
2425.0,56,11,35,1623,1679,0,469.0,8.375,1.646775803298333,35,961.0,0.07076458154102952,35,961.0
2430.0,57,12,33,1625,1682,0,481.0,8.43859649122807,2.334263619214777,33,924.0,0.07682098176983564,33,924.0
2435.0,57,12,32,1625,1682,0,553.0,9.701754385964913,3.720580190490252,32,950.0,0.09339022531741921,32,950.0
2440.0,54,16,21,1630,1684,0,340.0,6.296296296296297,3.7758575613600196,21,952.0,0.1679649749665018,21,952.0
2445.0,48,16,13,1636,1684,0,135.0,2.8125,3.9384946268800944,13,822.0,0.18748344854555077,13,822.0
2450.0,59,16,18,1637,1696,0,201.0,3.406779661016949,5.602632172675043,18,737.0,0.2649715674310154,18,737.0
2455.0,59,12,18,1641,1700,0,227.0,3.847457627118644,4.706711307744967,18,757.0,0.2322723595037052,18,757.0
2460.0,56,14,18,1646,1702,0,228.0,4.071428571428571,3.154198094163545,18,678.0,0.09696936643679015,18,678.0
2465.0,57,12,23,1649,1706,0,86.0,1.5087719298245614,3.241456353190723,23,684.0,0.1114075794592207,23,684.0
2470.0,51,16,20,1655,1706,0,127.0,2.4901960784313726,2.865799143058889,20,677.0,0.10090072491962694,20,677.0
2475.0,52,16,19,1656,1708,0,158.0,3.0384615384615383,3.2607894146407292,19,696.0,0.1276224415819283,19,696.0
2480.0,51,17,17,1660,1711,0,205.0,4.019607843137255,3.5706990513293047,17,604.0,0.13194301714738052,17,604.0
2485.0,55,17,16,1662,1717,0,224.0,4.072727272727272,4.002287470018519,16,622.0,0.16791454213347157,16,622.0
2490.0,55,13,20,1666,1721,0,308.0,5.6,3.5694603198061965,20,715.0,0.17854485594534047,20,715.0
2495.0,51,17,20,1670,1721,0,240.0,4.705882352941177,2.6078493987471565,20,721.0,0.1484362522500284,20,721.0
2500.0,55,13,24,1672,1727,0,237.0,4.3090909090909095,2.6329555649691025,24,697.0,0.11734324813707685,24,697.0
2505.0,57,15,28,1672,1729,0,278.0,4.87719298245614,2.3617060929493094,28,752.0,0.06291499775188879,28,752.0
2510.0,58,13,29,1675,1733,0,287.0,4.948275862068965,3.082858004385208,29,742.0,0.09604079108670054,29,742.0
2515.0,55,17,25,1678,1733,0,175.0,3.1818181818181817,3.3016865017646184,25,764.0,0.1113535722242261,25,764.0
2520.0,50,17,23,1683,1733,0,170.0,3.4,3.005255678867502,23,771.0,0.0771479270157149,23,771.0
2525.0,56,21,19,1685,1741,0,148.0,2.642857142857143,4.484658444212449,19,799.0,0.22394400645528867,19,799.0
2530.0,56,17,21,1689,1745,0,189.0,3.375,4.231337455987441,21,788.0,0.18901401692589234,21,788.0
2535.0,56,20,28,1692,1748,0,208.0,3.7142857142857144,2.8647457675869146,28,807.0,0.08169060649610012,28,807.0
2540.0,54,18,29,1696,1750,0,198.0,3.6666666666666665,3.3600782750683202,29,737.0,0.08405479242169266,29,737.0
2545.0,53,22,27,1699,1752,0,233.0,4.39622641509434,4.527117731709975,27,701.0,0.15367487229669463,27,701.0
2550.0,49,22,18,1703,1752,0,226.0,4.612244897959184,5.846928007069193,18,653.0,0.2404640590518748,18,653.0
2555.0,41,26,12,1711,1752,0,200.0,4.878048780487805,4.974758197131327,12,655.0,0.2613057976030926,12,655.0
2560.0,46,23,20,1715,1761,0,283.0,6.1521739130434785,4.471933954075715,20,738.0,0.26459092934433043,20,738.0
2565.0,50,22,20,1716,1766,0,280.0,5.6,3.573774881979403,20,763.0,0.2128292632886761,20,763.0
2570.0,54,17,25,1719,1773,0,305.0,5.648148148148148,2.825610421318517,25,781.0,0.12875690463448075,25,781.0
2575.0,57,18,29,1719,1776,0,348.0,6.105263157894737,2.6167994241349812,29,842.0,0.0910173481291699,29,842.0
2580.0,56,16,30,1722,1778,0,351.0,6.267857142857143,2.7156700673816316,30,830.0,0.06476158733011285,30,830.0
2585.0,54,20,24,1726,1780,0,167.0,3.0925925925925926,3.4421682435262486,24,794.0,0.12625949507083126,24,794.0
2590.0,49,20,20,1731,1780,0,150.0,3.061224489795918,3.558532789866173,20,772.0,0.13033878516453481,20,772.0
2595.0,55,24,18,1733,1788,0,150.0,2.727272727272727,4.696326191804743,18,774.0,0.2522211705998897,18,774.0
2600.0,54,21,14,1737,1791,0,187.0,3.462962962962963,4.750371386679455,14,697.0,0.2562750572881641,14,697.0
2605.0,57,22,12,1739,1796,0,121.0,2.1228070175438596,3.501524104498972,12,643.0,0.15553731103414867,12,643.0
2610.0,55,20,15,1743,1798,0,91.0,1.6545454545454545,3.4002813388065527,15,600.0,0.12493955931099157,15,600.0
2615.0,52,24,19,1746,1798,0,129.0,2.480769230769231,3.2037386130472467,19,614.0,0.12769740785012573,19,614.0
2620.0,54,20,17,1750,1804,0,164.0,3.037037037037037,3.440156390391329,17,567.0,0.1421980787627666,17,567.0
2625.0,53,23,12,1752,1805,0,91.0,1.7169811320754718,3.865039686769167,12,512.0,0.15084727898704595,12,512.0
2630.0,56,21,21,1757,1813,0,169.0,3.017857142857143,4.171723014361136,21,535.0,0.19257449405021915,21,535.0
2635.0,53,25,17,1760,1813,0,216.0,4.0754716981132075,4.13330701065476,17,577.0,0.2139051871789583,17,577.0
2640.0,52,21,14,1765,1817,0,250.0,4.8076923076923075,3.3698573608369142,14,555.0,0.1495780242759254,14,555.0
2645.0,55,23,13,1766,1821,0,188.0,3.418181818181818,3.474023538158236,13,520.0,0.13880030055259657,13,520.0
2650.0,52,21,14,1771,1823,0,146.0,2.8076923076923075,3.243944107773972,14,465.0,0.12628233890642881,14,465.0
2655.0,52,25,16,1773,1825,0,177.0,3.4038461538461537,3.494727735545135,16,444.0,0.16228472778511388,16,444.0
2660.0,53,21,14,1776,1829,0,202.0,3.811320754716981,3.6959180015909903,14,418.0,0.14362698604206228,14,418.0
2665.0,57,21,16,1780,1837,0,178.0,3.1228070175438596,4.07475715366507,16,430.0,0.20846111990233376,16,430.0
2670.0,55,22,19,1785,1840,0,256.0,4.654545454545454,4.024267938603683,19,482.0,0.21219432958587664,19,482.0
2675.0,53,22,23,1787,1840,0,229.0,4.320754716981132,3.11547993664609,23,456.0,0.1578795175309584,23,456.0
2680.0,55,22,34,1791,1846,0,375.0,6.818181818181818,1.8451607543450923,34,602.0,0.07547749311861461,34,602.0
2685.0,56,21,37,1791,1847,0,451.0,8.053571428571429,1.6614624037748695,37,718.0,0.044138616145539086,37,718.0
2690.0,57,23,35,1794,1851,0,474.0,8.31578947368421,2.6397426573193483,35,765.0,0.09048879791513176,35,765.0
2695.0,56,23,30,1795,1851,0,527.0,9.410714285714286,4.085119474970234,30,820.0,0.1282127310682037,30,820.0
2700.0,52,27,23,1799,1851,0,542.0,10.423076923076923,4.870074380259764,23,853.0,0.16989926297979074,23,853.0
2705.0,51,27,13,1806,1857,0,312.0,6.117647058823529,5.569489987904856,13,791.0,0.3291207034750266,13,791.0
2710.0,52,27,11,1809,1861,0,160.0,3.076923076923077,5.061440123851963,11,643.0,0.267616977444414,11,643.0
2715.0,52,25,16,1813,1865,0,82.0,1.5769230769230769,3.7563335674354184,16,645.0,0.17136812580911456,16,645.0
2720.0,54,23,28,1817,1871,0,199.0,3.685185185185185,3.4088947223686947,28,697.0,0.12776699808058425,28,697.0
2725.0,58,19,31,1819,1877,0,248.0,4.275862068965517,2.7117971115610633,31,783.0,0.08491054649675014,31,783.0
2730.0,56,21,30,1823,1879,0,264.0,4.714285714285714,3.1609616431035676,30,784.0,0.08845140529395766,30,784.0
2735.0,53,21,27,1826,1879,0,305.0,5.754716981132075,4.200303930038497,27,789.0,0.1188816599307557,27,789.0
2740.0,56,25,20,1831,1887,0,326.0,5.821428571428571,6.415401349381882,20,779.0,0.3375217165147519,20,779.0
2745.0,51,25,12,1836,1887,0,181.0,3.549019607843137,6.112541933299209,12,697.0,0.35891040405806035,12,697.0
2750.0,52,25,15,1841,1893,0,79.0,1.5192307692307692,4.838941507356074,15,547.0,0.2718080052088752,15,547.0
2755.0,53,21,17,1844,1897,0,92.0,1.7358490566037736,3.6452157587979532,17,538.0,0.1585227554736778,17,538.0
2760.0,54,21,18,1847,1901,0,135.0,2.5,3.7033018305289427,18,551.0,0.13248146445640968,18,551.0
2765.0,56,17,17,1851,1907,0,113.0,2.017857142857143,3.1001339949040037,17,589.0,0.12890166359986646,17,589.0
2770.0,54,19,20,1855,1909,0,204.0,3.7777777777777777,2.400705324364951,20,644.0,0.0652454443809832,20,644.0
2775.0,58,19,23,1857,1915,0,217.0,3.7413793103448274,3.332946233387951,23,656.0,0.16834805748665288,23,656.0
2780.0,58,19,24,1861,1919,0,252.0,4.344827586206897,3.2913370824116344,24,571.0,0.13964508689489408,24,571.0
2785.0,59,19,26,1862,1921,0,257.0,4.3559322033898304,3.3295988760149733,26,625.0,0.14498591695698618,26,625.0
2790.0,59,21,28,1864,1923,0,244.0,4.135593220338983,3.5462736548719827,28,600.0,0.10091135797989051,28,600.0
2795.0,53,21,27,1870,1923,0,283.0,5.339622641509434,4.1598800117958366,27,601.0,0.12667093368649132,27,601.0
2800.0,50,25,19,1875,1925,0,278.0,5.56,5.444309884188289,19,612.0,0.23925651081376592,19,612.0
2805.0,45,25,13,1880,1925,0,246.0,5.466666666666667,5.24324396221718,13,636.0,0.27058218063793893,13,636.0
2810.0,53,25,19,1884,1937,0,331.0,6.245283018867925,5.314071268553572,19,692.0,0.30469285470171903,19,692.0
2815.0,53,21,24,1888,1941,0,321.0,6.056603773584905,4.087503255841002,24,682.0,0.24136725091977146,24,682.0
2820.0,53,21,30,1892,1945,0,459.0,8.660377358490566,2.1095548267348585,30,820.0,0.11400469884912645,30,820.0
2825.0,59,17,36,1892,1951,0,534.0,9.05084745762712,1.7535477610754955,36,936.0,0.06346681146153214,36,936.0
2830.0,59,19,33,1894,1953,0,561.0,9.508474576271187,2.292709258320725,33,986.0,0.06351881833615307,33,986.0
2835.0,59,19,32,1896,1955,0,626.0,10.610169491525424,3.995589997561988,32,988.0,0.12458644782132604,32,988.0
2840.0,54,23,21,1901,1955,0,399.0,7.388888888888889,3.485922055139139,21,976.0,0.1474806291398167,21,976.0
2845.0,53,25,14,1906,1959,0,171.0,3.2264150943396226,4.8169975189128715,14,764.0,0.25729519500647546,14,764.0
2850.0,57,19,18,1908,1965,0,200.0,3.508771929824561,5.095613804346363,18,705.0,0.24936762495686482,18,705.0
2855.0,58,19,20,1911,1969,0,221.0,3.810344827586207,4.029719732333453,20,683.0,0.1768559848921823,20,683.0
2860.0,58,17,21,1915,1973,0,225.0,3.8793103448275863,3.6561429321086454,21,643.0,0.1174193977853711,21,643.0
2865.0,54,19,19,1921,1975,0,95.0,1.7592592592592593,3.4125619646307936,19,603.0,0.12115935290551398,19,603.0
2870.0,52,19,19,1925,1977,0,117.0,2.25,4.029371279798912,19,603.0,0.14048976109611222,19,603.0
2875.0,48,23,16,1929,1977,0,135.0,2.8125,3.6707618202242647,16,633.0,0.14093236180633603,16,633.0
2880.0,48,19,13,1933,1981,0,167.0,3.4791666666666665,3.944093672515971,13,595.0,0.14738354064129855,13,595.0
2885.0,54,21,7,1937,1991,0,88.0,1.6296296296296295,5.1193222674497445,7,510.0,0.26964358964869606,7,510.0
2890.0,52,19,8,1941,1993,0,39.0,0.75,4.843400232241973,8,432.0,0.24295828926189264,8,432.0
2895.0,51,23,13,1944,1995,0,58.0,1.1372549019607843,3.711768248690987,13,396.0,0.15877087791034233,13,396.0
2900.0,52,19,15,1947,1999,0,91.0,1.75,4.064786469869633,15,361.0,0.1637171899942701,15,361.0
2905.0,52,21,15,1951,2003,0,126.0,2.423076923076923,3.5677346179596627,15,397.0,0.12662133515381999,15,397.0
2910.0,48,19,21,1957,2005,0,211.0,4.395833333333333,2.399797293540542,21,486.0,0.11255852493862561,21,486.0
2915.0,47,23,20,1958,2005,0,272.0,5.787234042553192,1.8788612269230902,20,526.0,0.08083620525861596,20,526.0
2920.0,55,19,17,1960,2015,0,320.0,5.818181818181818,3.961442133076607,17,517.0,0.19479455839766371,17,517.0
2925.0,56,22,14,1960,2016,0,212.0,3.7857142857142856,4.1928820028806335,14,487.0,0.17790276965219198,14,487.0
2930.0,55,20,21,1965,2020,0,284.0,5.163636363636364,3.941350222753489,21,481.0,0.14244856611637724,21,481.0
2935.0,52,24,18,1968,2020,0,177.0,3.4038461538461537,3.845018899916707,18,477.0,0.13078592686322052,18,477.0
2940.0,49,21,20,1974,2023,0,163.0,3.326530612244898,3.3110440556991327,20,419.0,0.1177147387823312,20,419.0
2945.0,52,22,23,1976,2028,0,176.0,3.3846153846153846,2.702125656292506,23,469.0,0.088387514153856,23,469.0
2950.0,51,20,24,1979,2030,0,157.0,3.0784313725490198,3.2193773269138366,24,445.0,0.0781928211388285,24,445.0
2955.0,56,24,21,1982,2038,0,161.0,2.875,5.758839014743052,21,475.0,0.26389029913439066,21,475.0
2960.0,52,24,15,1986,2038,0,187.0,3.5961538461538463,6.864298483191102,15,477.0,0.326887378411466,15,477.0
2965.0,48,28,8,1992,2040,0,84.0,1.75,5.163371063112504,8,444.0,0.26917968491110844,8,444.0
2970.0,47,25,15,1996,2043,0,93.0,1.9787234042553192,5.05076617390074,15,387.0,0.24165270230426095,15,387.0
2975.0,49,24,20,1999,2048,0,163.0,3.326530612244898,4.0221795859755005,20,429.0,0.15406736529790616,20,429.0
2980.0,52,19,29,2003,2055,0,287.0,5.519230769230769,2.8210052452824135,29,554.0,0.10730167044281212,29,554.0
2985.0,50,21,30,2007,2057,0,337.0,6.74,1.5345266716514951,30,645.0,0.05753589253746196,30,645.0
2990.0,56,19,29,2009,2065,0,348.0,6.214285714285714,3.213652793021845,29,673.0,0.16273791884028366,29,673.0
2995.0,56,23,23,2009,2065,0,197.0,3.517857142857143,3.9957049071920077,23,696.0,0.19054490211605984,23,696.0
3000.0,52,23,20,2013,2065,0,216.0,4.153846153846154,3.845353472121864,20,723.0,0.1258697151166972,20,723.0
3005.0,51,27,18,2016,2067,0,203.0,3.980392156862745,3.5309447492255406,18,745.0,0.1309103641695564,18,745.0
3010.0,50,23,16,2021,2071,0,246.0,4.92,3.353191712531628,16,666.0,0.11656643076512539,16,666.0
3015.0,51,26,13,2023,2074,0,116.0,2.2745098039215685,3.610916383452327,13,651.0,0.1400096963261055,13,651.0
3020.0,47,24,11,2029,2076,0,70.0,1.4893617021276595,3.363361944044511,11,575.0,0.14949337833941506,11,575.0
3025.0,53,26,12,2029,2082,0,78.0,1.471698113207547,4.462867153762213,12,557.0,0.23151233684717704,12,557.0
3030.0,54,25,13,2033,2087,0,90.0,1.6666666666666667,5.023052167123775,13,478.0,0.267045521315033,13,478.0
3035.0,53,23,7,2036,2089,0,79.0,1.490566037735849,4.539868925556535,7,416.0,0.21072726695481475,7,416.0
3040.0,52,25,12,2041,2093,0,106.0,2.0384615384615383,3.71756392826097,12,399.0,0.15114516191799135,12,399.0
3045.0,49,25,17,2044,2093,0,147.0,3.0,3.3601826169762363,17,421.0,0.13659095668842172,17,421.0
3050.0,52,25,17,2047,2099,0,193.0,3.7115384615384617,3.759302034027148,17,385.0,0.15856194031442525,17,385.0
3055.0,51,23,14,2050,2101,0,223.0,4.372549019607843,3.500897040131672,14,425.0,0.1308923711054915,14,425.0
3060.0,48,25,23,2055,2103,0,311.0,6.479166666666667,2.0539657948564893,23,518.0,0.07837619487058158,23,518.0
3065.0,52,25,23,2057,2109,0,374.0,7.1923076923076925,3.0430327551601626,23,576.0,0.190551267387013,23,576.0
3070.0,54,25,20,2059,2113,0,419.0,7.7592592592592595,3.0272298794522325,20,577.0,0.15923507464367465,20,577.0
3075.0,57,24,17,2059,2116,0,205.0,3.5964912280701755,2.7180550910357906,17,534.0,0.11168829980881395,17,534.0
3080.0,56,26,20,2062,2118,0,271.0,4.839285714285714,3.350193985450015,20,481.0,0.13835242928808963,20,481.0
3085.0,55,26,23,2065,2120,0,321.0,5.836363636363636,3.3009064818948706,23,523.0,0.1172298171010647,23,523.0
3090.0,54,26,20,2070,2124,0,366.0,6.777777777777778,3.3787208621536653,20,531.0,0.12183217419458645,20,531.0
3095.0,53,25,15,2072,2125,0,181.0,3.4150943396226414,3.371377636566581,15,501.0,0.10379036613861407,15,501.0
3100.0,57,28,13,2077,2134,0,76.0,1.3333333333333333,4.897054898213398,13,407.0,0.2640895710199826,13,407.0
3105.0,54,28,11,2080,2134,0,92.0,1.7037037037037037,4.5663546719368755,11,415.0,0.25046150087141267,11,415.0
3110.0,55,29,13,2084,2139,0,116.0,2.109090909090909,3.8007325220948887,13,408.0,0.15873378889262826,13,408.0
3115.0,55,26,16,2087,2142,0,140.0,2.5454545454545454,3.3525245886629023,16,410.0,0.1269848538911864,16,410.0
3120.0,53,28,17,2091,2144,0,196.0,3.69811320754717,3.1103541135920625,17,409.0,0.09488447319509166,17,409.0
3125.0,52,28,17,2094,2146,0,241.0,4.634615384615385,3.2265909527991576,17,452.0,0.13059057925949832,17,452.0
3130.0,52,28,18,2098,2150,0,283.0,5.4423076923076925,3.4223559713459366,18,460.0,0.13038591073257397,18,460.0
3135.0,57,27,18,2100,2157,0,305.0,5.350877192982456,3.5893297728721296,18,504.0,0.16954818678211223,18,504.0
3140.0,53,30,24,2105,2158,0,410.0,7.735849056603773,2.8419410209587537,24,613.0,0.15884113272959283,24,613.0
3145.0,55,29,27,2106,2161,0,267.0,4.8545454545454545,1.986051394980906,27,621.0,0.10206090528389518,27,621.0
3150.0,57,29,31,2108,2165,0,369.0,6.473684210526316,2.432908260006137,31,609.0,0.10149248935780306,31,609.0
3155.0,58,28,35,2108,2166,0,414.0,7.137931034482759,2.311322604779795,35,659.0,0.041222486316802955,35,659.0
3160.0,58,31,33,2111,2169,0,411.0,7.086206896551724,3.3181919284262733,33,700.0,0.09973377975557869,33,700.0
3165.0,53,31,26,2116,2169,0,428.0,8.075471698113208,4.197215254790942,26,694.0,0.12580952613966392,26,694.0
3170.0,56,35,16,2121,2177,0,233.0,4.160714285714286,5.033761175621799,16,698.0,0.2767298366134211,16,698.0
3175.0,52,35,11,2125,2177,0,91.0,1.75,5.7675696056707375,11,622.0,0.3232385315685529,11,622.0
3180.0,53,35,11,2128,2181,0,106.0,2.0,4.287981879887875,11,579.0,0.19324036727570934,11,579.0
3185.0,55,31,17,2132,2187,0,132.0,2.4,3.742062875304098,17,550.0,0.15333304437687847,17,550.0
3190.0,54,33,17,2135,2189,0,188.0,3.4814814814814814,3.4291051375561232,17,603.0,0.12488029578457391,17,603.0
3195.0,53,31,23,2140,2193,0,285.0,5.377358490566038,2.513803542907356,23,704.0,0.10244135352639057,23,704.0
3200.0,50,35,24,2143,2193,0,358.0,7.16,2.1195878073662366,24,767.0,0.10448927004500998,24,767.0
3205.0,56,33,24,2145,2201,0,417.0,7.446428571428571,3.2714495328940916,24,774.0,0.16639282244270248,24,774.0
3210.0,59,30,16,2145,2204,0,249.0,4.220338983050848,4.113054041081799,16,717.0,0.19185033440987007,16,717.0
3215.0,55,32,19,2151,2206,0,282.0,5.127272727272727,3.471658240372999,19,669.0,0.15152392447650553,19,669.0
3220.0,55,32,21,2153,2208,0,195.0,3.5454545454545454,3.1767104134129247,21,658.0,0.13209657200571456,21,658.0
3225.0,55,32,24,2157,2212,0,180.0,3.272727272727273,3.183711989320998,24,614.0,0.125918105328606,24,614.0
3230.0,57,30,26,2159,2216,0,212.0,3.719298245614035,3.1183562681606203,26,622.0,0.10096877861588273,26,622.0
3235.0,56,32,26,2162,2218,0,201.0,3.5892857142857144,3.439453403016018,26,600.0,0.09174099724329693,26,600.0
3240.0,51,32,26,2167,2218,0,234.0,4.588235294117647,4.172169546608621,26,585.0,0.11502325119436559,26,585.0
3245.0,54,36,15,2172,2226,0,190.0,3.5185185185185186,5.252906338680729,15,595.0,0.28963502294110083,15,595.0
3250.0,49,36,13,2177,2226,0,177.0,3.6122448979591835,4.8495268935946205,13,584.0,0.27285268689260966,13,584.0
3255.0,53,36,18,2179,2232,0,213.0,4.018867924528302,3.1507208040297363,18,612.0,0.1526286237717855,18,612.0
3260.0,53,33,20,2182,2235,0,273.0,5.150943396226415,3.4731293965957617,20,606.0,0.13999896241039855,20,606.0
3265.0,56,34,15,2184,2240,0,113.0,2.017857142857143,3.251814770444053,15,581.0,0.1285779396981041,15,581.0
3270.0,54,32,17,2188,2242,0,142.0,2.6296296296296298,3.622953192768106,17,514.0,0.1428471545774261,17,514.0
3275.0,51,36,20,2191,2242,0,195.0,3.823529411764706,2.744109616863467,20,551.0,0.0935439214767091,20,551.0
3280.0,56,32,17,2196,2252,0,241.0,4.303571428571429,4.032816287583585,17,545.0,0.21264504044268304,17,545.0
3285.0,56,35,13,2197,2253,0,168.0,3.0,4.018568676640522,13,528.0,0.19208563161419762,13,528.0
3290.0,55,33,15,2202,2257,0,163.0,2.963636363636364,3.2672574248410506,15,501.0,0.1292781071404368,15,501.0
3295.0,53,37,19,2204,2257,0,203.0,3.830188679245283,3.3151537386284953,19,532.0,0.13061936018441944,19,532.0
3300.0,54,33,16,2207,2261,0,242.0,4.481481481481482,3.2622454635991573,16,511.0,0.09435373972905796,16,511.0
3305.0,53,36,14,2211,2264,0,170.0,3.207547169811321,3.030400895153148,14,509.0,0.11677356564861671,14,509.0
3310.0,50,34,20,2216,2266,0,225.0,4.5,2.823838231889988,20,506.0,0.10056937478211987,20,506.0
3315.0,57,38,20,2217,2274,0,271.0,4.754385964912281,4.091792223335296,20,545.0,0.2089354617137611,20,545.0
3320.0,56,35,17,2221,2277,0,297.0,5.303571428571429,4.420192383485843,17,526.0,0.22976762683077942,17,526.0
3325.0,57,38,16,2223,2280,0,213.0,3.736842105263158,3.7149839829692577,16,457.0,0.16672592960872903,16,457.0
3330.0,54,36,23,2228,2282,0,292.0,5.407407407407407,2.6668826929498857,23,558.0,0.09509296099717475,23,558.0
3335.0,52,40,22,2230,2282,0,231.0,4.4423076923076925,2.1110117948147913,22,582.0,0.07670901245367548,22,582.0
3340.0,52,38,24,2234,2286,0,227.0,4.365384615384615,2.7550202043782344,24,563.0,0.1131431876663899,24,563.0
3345.0,55,39,27,2234,2289,0,255.0,4.636363636363637,2.877344280372936,27,591.0,0.08218471117624214,27,591.0
3350.0,60,37,26,2237,2297,0,247.0,4.116666666666666,3.9554403690288114,26,606.0,0.16289282324597465,26,606.0
3355.0,55,41,22,2242,2297,0,130.0,2.3636363636363638,4.1834872942668895,22,626.0,0.19341483334103113,22,626.0
3360.0,50,41,18,2247,2297,0,148.0,2.96,3.2877437974561534,18,656.0,0.1372538329060918,18,656.0
3365.0,50,45,17,2249,2299,0,141.0,2.82,3.108353284705575,17,680.0,0.13064958467780646,17,680.0
3370.0,51,42,15,2251,2302,0,175.0,3.4313725490196076,3.5633723311039254,15,648.0,0.11511044930404712,15,648.0
3375.0,51,44,13,2255,2306,0,108.0,2.1176470588235294,3.623858365212706,13,616.0,0.1405981500932143,13,616.0
3380.0,49,42,13,2259,2308,0,78.0,1.5918367346938775,3.9202332788848935,13,538.0,0.13475641174119074,13,538.0
3385.0,51,45,12,2262,2313,0,94.0,1.8431372549019607,4.586027231151159,12,532.0,0.2159175325881032,12,532.0
3390.0,52,44,11,2266,2318,0,107.0,2.0576923076923075,5.384733890342966,11,480.0,0.27923970727235947,11,480.0
3395.0,52,41,9,2269,2321,0,48.0,0.9230769230769231,4.458847214767902,9,450.0,0.199656908769243,9,450.0
3400.0,51,43,17,2274,2325,0,107.0,2.0980392156862746,3.5132303038916644,17,486.0,0.13067843613438257,17,486.0
3405.0,49,43,17,2276,2325,0,150.0,3.061224489795918,3.4585200575475032,17,508.0,0.126140872755875,17,508.0
3410.0,49,43,16,2282,2331,0,183.0,3.7346938775510203,3.215935087155947,16,473.0,0.1413185742262923,16,473.0
3415.0,49,42,11,2283,2332,0,94.0,1.9183673469387754,3.3281844390712916,11,456.0,0.13057750637831989,11,456.0
3420.0,47,44,13,2287,2334,0,82.0,1.7446808510638299,3.5026701672267846,13,419.0,0.12589764567077544,13,419.0
3425.0,51,44,16,2289,2340,0,97.0,1.9019607843137254,4.596389053642582,16,416.0,0.2118512832492087,16,416.0
3430.0,51,44,26,2293,2344,0,203.0,3.980392156862745,3.070523987912457,26,523.0,0.1343400759895308,26,523.0
3435.0,49,44,28,2297,2346,0,227.0,4.63265306122449,1.6534918269768144,28,567.0,0.06881912231415964,28,567.0
3440.0,49,46,28,2299,2348,0,216.0,4.408163265306122,2.9093504059172592,28,480.0,0.08674293678983964,28,480.0
3445.0,51,46,25,2299,2350,0,239.0,4.686274509803922,4.7578426987975,25,501.0,0.16330166044626315,25,501.0
3450.0,48,50,15,2302,2350,0,216.0,4.5,6.432669491968319,15,473.0,0.2519715259860678,15,473.0
3455.0,40,50,9,2310,2350,0,154.0,3.85,5.768398735819257,9,489.0,0.3000124669699749,9,489.0
3460.0,47,50,17,2315,2362,0,223.0,4.74468085106383,5.631311220202407,17,523.0,0.32589582703098396,17,523.0
3465.0,49,46,17,2317,2366,0,267.0,5.448979591836735,4.732034629645531,17,561.0,0.27057168116778474,17,561.0
3470.0,51,46,17,2321,2372,0,297.0,5.823529411764706,3.498202582297142,17,533.0,0.15700796633027295,17,533.0
3475.0,54,43,13,2321,2375,0,142.0,2.6296296296296298,3.9484152605334364,13,485.0,0.16157337924583492,13,485.0
3480.0,52,45,13,2325,2377,0,86.0,1.6538461538461537,3.95172708606836,13,399.0,0.14549121024174888,13,399.0
3485.0,51,44,17,2329,2380,0,124.0,2.4313725490196076,3.5672874258010565,17,418.0,0.1443550781198912,17,418.0
3490.0,51,44,15,2333,2384,0,157.0,3.0784313725490198,3.4531396434576043,15,399.0,0.12767579280290736,15,399.0
3495.0,56,42,17,2336,2392,0,173.0,3.0892857142857144,3.5213444756270755,17,434.0,0.1647825913963997,17,434.0
3500.0,54,44,22,2340,2394,0,264.0,4.888888888888889,3.0596356903231965,22,531.0,0.15944744740871566,22,531.0
3505.0,53,45,24,2342,2395,0,249.0,4.69811320754717,2.0683061911050253,24,582.0,0.10842639733444602,24,582.0
3510.0,56,44,33,2344,2400,0,397.0,7.089285714285714,2.3802665792702444,33,667.0,0.09140365706946317,33,667.0
3515.0,57,43,35,2344,2401,0,463.0,8.12280701754386,2.2541419520923762,35,765.0,0.04139133296421233,35,765.0
3520.0,56,46,32,2348,2404,0,471.0,8.410714285714286,3.2148430687749823,32,768.0,0.08912730847731155,32,768.0
3525.0,53,46,27,2351,2404,0,506.0,9.547169811320755,4.006762973652864,27,812.0,0.1002844112060196,27,812.0
3530.0,56,50,20,2356,2412,0,503.0,8.982142857142858,6.305866707745728,20,822.0,0.29948350018899667,20,822.0
3535.0,50,50,10,2362,2412,0,246.0,4.92,6.13570099687211,10,750.0,0.3552389966601508,10,750.0
3540.0,47,51,10,2368,2415,0,70.0,1.4893617021276595,5.112250729817217,10,563.0,0.2929964467226468,10,563.0
3545.0,54,45,13,2369,2423,0,68.0,1.2592592592592593,4.03343510756385,13,576.0,0.20963756567338435,13,576.0
3550.0,54,45,15,2373,2427,0,110.0,2.037037037037037,3.6000672273387,15,565.0,0.15021683740455544,15,565.0
3555.0,57,42,17,2375,2432,0,166.0,2.912280701754386,3.2757016498244154,17,605.0,0.1165530464716198,17,605.0
3560.0,53,44,26,2381,2434,0,275.0,5.188679245283019,2.0598815470168192,26,714.0,0.0928820037757212,26,714.0
3565.0,55,46,26,2383,2438,0,353.0,6.418181818181818,2.6509716234356513,26,789.0,0.15341023038027965,26,789.0
3570.0,59,40,22,2385,2444,0,426.0,7.220338983050848,3.5927046842335,22,813.0,0.18971478707790865,22,813.0
3575.0,61,42,21,2385,2446,0,332.0,5.442622950819672,3.1432175999036875,21,813.0,0.12707073838491734,21,813.0
3580.0,60,41,27,2389,2449,0,431.0,7.183333333333334,3.3037535506890614,27,838.0,0.11550985237738255,27,838.0
3585.0,57,45,26,2392,2449,0,338.0,5.9298245614035086,3.023364510665264,26,826.0,0.0887812342375819,26,826.0
3590.0,59,41,27,2396,2455,0,256.0,4.338983050847458,3.4241488192918457,27,720.0,0.1203544624823056,27,720.0
3595.0,57,43,25,2400,2457,0,219.0,3.8421052631578947,2.6319913047072716,25,697.0,0.08165483277252535,25,697.0
3600.0,55,42,26,2403,2458,0,188.0,3.418181818181818,3.0414600154537808,26,685.0,0.08421019190101309,26,685.0
