method,seed,requested_seconds,recorded_steps,final_sim_time,total_reward,mean_system_total_waiting_time,max_system_total_waiting_time,mean_system_mean_waiting_time,max_system_mean_waiting_time,mean_system_total_stopped,max_system_total_stopped,mean_system_mean_speed,max_system_mean_speed,final_system_total_departed,final_system_total_arrived,final_system_total_teleported,throughput_veh_per_hour,episode,network,experiment_tag,epsilon,coordination,q_states,guided_actions,random_actions,greedy_actions,pressure_overrides
cooperative,501,1800,360,1800.0,-6416.0,214.04722222222222,677.0,4.946579324695384,16.86111111111111,17.822222222222223,52.0,4.8500640738550125,13.960149932202429,762.0,714.0,0.0,1428.0,1,2x2,compact_v2,0.35,0.5,329,415,154,871,105
cooperative,502,1800,360,1800.0,-6050.0,237.39444444444445,953.0,6.345301486564899,20.27659574468085,16.805555555555557,37.0,4.589768823235603,13.289268116848364,675.0,628.0,0.0,1256.0,2,2x2,compact_v2,0.322,0.5,387,316,141,983,137
cooperative,503,1800,360,1800.0,-8000.0,295.2944444444444,738.0,6.2481402734561815,15.61111111111111,22.22222222222222,41.0,3.9743305268975218,14.695501593598712,749.0,685.0,0.0,1370.0,3,2x2,compact_v2,0.29624,0.5,427,303,120,1017,238
cooperative,504,1800,360,1800.0,-7543.0,279.125,710.0,6.275793403224492,15.434782608695652,20.95277777777778,40.0,4.1309550549555185,15.649076697579979,699.0,656.0,0.0,1312.0,4,2x2,compact_v2,0.2725408,0.5,444,285,119,1036,254
cooperative,505,1800,360,1800.0,-10037.0,381.40555555555557,1491.0,6.859187629858168,21.926470588235293,27.880555555555556,50.0,3.405874635133738,12.659540412851452,746.0,680.0,0.0,1360.0,5,2x2,compact_v2,0.25073753600000004,0.5,479,275,109,1056,338
cooperative,506,1800,360,1800.0,-9945.0,381.4138888888889,1065.0,6.726663914772634,16.666666666666668,27.625,51.0,3.593713885915024,13.6842741341352,742.0,677.0,0.0,1354.0,6,2x2,compact_v2,0.23067853312000006,0.5,538,230,96,1114,339
cooperative,507,1800,360,1800.0,-10225.0,421.1333333333333,1098.0,7.5994844330081905,21.115384615384617,28.40277777777778,57.0,3.4370849543014503,14.149368170118683,740.0,673.0,0.0,1346.0,7,2x2,compact_v2,0.21222425047040006,0.5,550,209,107,1124,385
cooperative,508,1800,360,1800.0,-10174.0,413.40555555555557,1177.0,7.626432271215705,18.574468085106382,28.261111111111113,55.0,3.356731203547008,11.548278995632595,707.0,641.0,0.0,1282.0,8,2x2,compact_v2,0.19524631043276805,0.5,566,209,87,1144,400
cooperative,509,1800,360,1800.0,-10100.0,381.4861111111111,1071.0,6.879144099049911,19.833333333333332,28.055555555555557,54.0,3.483803890498586,13.892634780046667,728.0,678.0,0.0,1356.0,9,2x2,compact_v2,0.1796266055981466,0.5,574,181,93,1166,387
cooperative,510,1800,360,1800.0,-10701.0,415.84444444444443,1052.0,7.202913287758018,15.523809523809524,29.725,58.0,3.3300381805045762,13.503437113334224,722.0,653.0,0.0,1306.0,10,2x2,compact_v2,0.1652564771502949,0.5,585,159,84,1197,400
cooperative,511,1800,360,1800.0,-10558.0,458.0833333333333,1177.0,8.164782814217524,20.98148148148148,29.32777777777778,50.0,3.2713193289590623,12.832036115163259,718.0,658.0,0.0,1316.0,11,2x2,compact_v2,0.15203595897827132,0.5,589,156,68,1216,399
cooperative,512,1800,360,1800.0,-10036.0,386.5888888888889,944.0,7.051313922621919,17.26923076923077,27.877777777777776,55.0,3.467614330132163,12.45444062070574,720.0,665.0,0.0,1330.0,12,2x2,compact_v2,0.13987308226000963,0.5,593,144,69,1227,430
cooperative,513,1800,360,1800.0,-8964.0,348.05833333333334,913.0,6.999945419429276,17.352941176470587,24.9,49.0,3.7020150231227054,13.001209803502713,714.0,659.0,0.0,1318.0,13,2x2,compact_v2,0.12868323567920886,0.5,596,131,67,1242,405
cooperative,514,1800,360,1800.0,-10451.0,393.675,1470.0,6.933417225414791,22.272727272727273,29.030555555555555,60.0,3.3729848254014376,12.590097133263942,716.0,666.0,0.0,1332.0,14,2x2,compact_v2,0.11838857682487215,0.5,601,107,43,1290,483
cooperative,515,1800,360,1800.0,-12445.0,473.0444444444444,1708.0,7.339406772792515,27.360655737704917,34.56944444444444,60.0,2.901540487567841,14.275795696234715,733.0,656.0,0.0,1312.0,15,2x2,compact_v2,0.10891749067888239,0.5,618,96,47,1297,448
cooperative,516,1800,360,1800.0,-10774.0,428.19166666666666,1100.0,7.607828423500521,20.71875,29.927777777777777,63.0,3.203704761984914,14.751033862458582,721.0,662.0,0.0,1324.0,16,2x2,compact_v2,0.1002040914245718,0.5,621,94,34,1312,455
cooperative,517,1800,360,1800.0,-10635.0,445.61944444444447,1313.0,8.14591107508579,24.22222222222222,29.541666666666668,52.0,3.122091625696771,13.88735888671017,681.0,611.0,0.0,1222.0,17,2x2,compact_v2,0.09218776411060606,0.5,623,68,37,1335,436
cooperative,518,1800,360,1800.0,-12782.0,473.81944444444446,1229.0,7.12828896337727,18.073529411764707,35.50555555555555,68.0,2.877800695378598,12.470379620892693,753.0,683.0,0.0,1366.0,18,2x2,compact_v2,0.08481274298175757,0.5,627,92,36,1312,491
cooperative,519,1800,360,1800.0,-10480.0,390.9111111111111,956.0,7.066288624990916,17.9,29.11111111111111,53.0,3.343975991820266,14.660414041428448,718.0,659.0,0.0,1318.0,19,2x2,compact_v2,0.07802772354321698,0.5,631,82,30,1328,455
cooperative,520,1800,360,1800.0,-10531.0,412.93888888888887,1033.0,7.3480033439376475,17.220338983050848,29.252777777777776,51.0,3.1938541824430535,11.665041940559094,705.0,640.0,0.0,1280.0,20,2x2,compact_v2,0.07178550565975962,0.5,635,71,33,1336,429
cooperative,521,1800,360,1800.0,-10801.0,406.5111111111111,1162.0,7.077207147955691,17.6875,30.002777777777776,56.0,3.236043668796789,14.38105545927423,736.0,667.0,0.0,1334.0,21,2x2,compact_v2,0.06604266520697885,0.5,645,72,30,1338,455
cooperative,522,1800,360,1800.0,-12322.0,512.8138888888889,1471.0,8.182039298691281,21.955223880597014,34.227777777777774,58.0,2.8796752645831867,12.1731630401159,722.0,646.0,0.0,1292.0,22,2x2,compact_v2,0.060759251990420544,0.5,656,78,32,1330,482
cooperative,523,1800,360,1800.0,-12159.0,500.15833333333336,1251.0,8.113503945858689,19.5625,33.775,55.0,2.934465752670799,12.345445872118134,721.0,662.0,0.0,1324.0,23,2x2,compact_v2,0.0558985118311869,0.5,674,53,26,1361,486
cooperative,524,1800,360,1800.0,-13090.0,498.7027777777778,1263.0,7.513942128003309,16.4025974025974,36.361111111111114,62.0,2.8644378575509815,14.295599868658467,737.0,662.0,0.0,1324.0,24,2x2,compact_v2,0.05142663088469195,0.5,676,35,26,1379,555
cooperative,525,1800,360,1800.0,-11857.0,481.39166666666665,1194.0,8.05233756964054,22.513513513513512,32.93611111111111,52.0,3.016437198308954,12.382678390841066,723.0,657.0,0.0,1314.0,25,2x2,compact_v2,0.047312500413916596,0.5,678,52,14,1374,524
cooperative,526,1800,360,1800.0,-11083.0,470.80833333333334,1664.0,8.255749614463669,24.115942028985508,30.78611111111111,62.0,3.123076712922028,12.620051751797474,692.0,620.0,0.0,1240.0,26,2x2,compact_v2,0.04352750038080327,0.5,679,40,17,1383,499
cooperative,527,1800,360,1800.0,-11739.0,514.7611111111111,1594.0,8.472907638834187,27.428571428571427,32.608333333333334,58.0,3.007399104278365,13.696564194848186,718.0,632.0,0.0,1264.0,27,2x2,compact_v2,0.04004530035033901,0.5,682,41,17,1382,580
cooperative,528,1800,360,1800.0,-9633.0,375.3722222222222,995.0,7.307518717262571,23.05263157894737,26.758333333333333,49.0,3.4064743025995807,12.505155436158125,708.0,643.0,0.0,1286.0,28,2x2,compact_v2,0.03684167632231189,0.5,683,37,14,1389,516
cooperative,529,1800,360,1800.0,-12062.0,477.1972222222222,1621.0,7.880295732563593,33.770833333333336,33.50555555555555,56.0,2.9514590909557756,12.56816782916837,741.0,658.0,0.0,1316.0,29,2x2,compact_v2,0.033894342216526936,0.5,685,30,16,1394,553
cooperative,530,1800,360,1800.0,-11516.0,515.9333333333333,1397.0,9.05289103084168,25.72222222222222,31.988888888888887,65.0,3.032216960338388,13.723770233741933,669.0,601.0,0.0,1202.0,30,2x2,compact_v2,0.031182794839204782,0.5,687,22,8,1410,519
independent,501,1800,360,1800.0,-5400.0,160.9388888888889,550.0,3.8247108486604513,11.033333333333331,15.0,40.0,5.3015399758414645,13.960149932202429,762.0,723.0,0.0,1446.0,1,2x2,compact_v2,0.35,0.0,301,415,154,871,76
independent,502,1800,360,1800.0,-5097.0,192.20555555555555,624.0,5.534159750698855,16.157894736842106,14.158333333333331,32.0,5.050803886951078,13.289268116848364,675.0,632.0,0.0,1264.0,2,2x2,compact_v2,0.322,0.0,354,316,141,983,137
independent,503,1800,360,1800.0,-5311.0,169.0861111111111,555.0,4.457240065379751,13.214285714285714,14.752777777777778,37.0,4.978561776866679,14.695501593598712,749.0,699.0,0.0,1398.0,3,2x2,compact_v2,0.29624,0.0,395,303,120,1017,123
independent,504,1800,360,1800.0,-5516.0,179.74444444444444,657.0,4.578384263205422,13.615384615384617,15.322222222222225,39.0,4.939026041237341,15.64907669757998,699.0,656.0,0.0,1312.0,4,2x2,compact_v2,0.2725408,0.0,415,285,119,1036,175
independent,505,1800,360,1800.0,-7556.0,283.85277777777776,906.0,6.19641841776749,19.695652173913043,20.988888888888887,37.0,4.1485348580420816,12.659540412851452,746.0,692.0,0.0,1384.0,5,2x2,compact_v2,0.250737536,0.0,440,275,109,1056,233
independent,506,1800,360,1800.0,-6734.0,241.3111111111111,668.0,5.674776471350787,16.794117647058822,18.70555555555556,41.0,4.451425569299411,13.6842741341352,741.0,687.0,0.0,1374.0,6,2x2,compact_v2,0.23067853312,0.0,448,230,96,1114,255
independent,507,1800,360,1800.0,-6744.0,236.2277777777778,706.0,5.412998648195361,18.03448275862069,18.73333333333333,42.0,4.521620751998691,14.149368170118684,740.0,690.0,0.0,1380.0,7,2x2,compact_v2,0.2122242504704,0.0,459,209,107,1124,224
independent,508,1800,360,1800.0,-6307.0,244.1,1319.0,6.065984005924573,25.862745098039216,17.519444444444446,46.0,4.49040669007804,11.046131371207734,707.0,652.0,0.0,1304.0,8,2x2,compact_v2,0.195246310432768,0.0,464,209,87,1144,196
independent,509,1800,360,1800.0,-6914.0,257.0444444444444,910.0,5.851023924356445,19.4,19.20555555555556,39.0,4.347140639320052,13.892634780046668,728.0,688.0,0.0,1376.0,9,2x2,compact_v2,0.1796266055981466,0.0,506,181,93,1166,231
independent,510,1800,360,1800.0,-8230.0,304.6222222222222,896.0,6.335046393575898,21.33333333333333,22.86111111111111,43.0,3.9052571377380128,13.503437113334224,722.0,667.0,0.0,1334.0,10,2x2,compact_v2,0.1652564771502949,0.0,540,159,84,1197,270
independent,511,1800,360,1800.0,-7490.0,266.71944444444443,654.0,5.9885219174408135,13.833333333333334,20.80555555555556,40.0,4.041787707800932,12.83203611516326,718.0,672.0,0.0,1344.0,11,2x2,compact_v2,0.1520359589782713,0.0,543,156,68,1216,295
independent,512,1800,360,1800.0,-6985.0,248.90277777777777,759.0,5.562503202938948,14.882352941176473,19.40277777777778,39.0,4.347031212153374,12.45444062070574,720.0,680.0,0.0,1360.0,12,2x2,compact_v2,0.1398730822600096,0.0,563,144,69,1227,299
independent,513,1800,360,1800.0,-6095.0,207.3388888888889,672.0,5.173774598878167,13.714285714285714,16.930555555555557,38.0,4.684130232722644,13.001209803502713,714.0,677.0,0.0,1354.0,13,2x2,compact_v2,0.1286832356792088,0.0,567,131,67,1242,239
independent,514,1800,360,1800.0,-5782.0,225.29722222222225,880.0,5.933487550499027,17.6,16.06111111111111,39.0,4.805460329799407,12.590097133263942,716.0,687.0,0.0,1374.0,14,2x2,compact_v2,0.1183885768248721,0.0,567,107,43,1290,204
independent,515,1800,360,1800.0,-8457.0,299.1333333333333,734.0,6.094766925492817,14.979591836734691,23.491666666666667,45.0,3.849892953452969,14.400294686905758,735.0,691.0,0.0,1382.0,15,2x2,compact_v2,0.1089174906788823,0.0,587,96,47,1297,303
independent,516,1800,360,1800.0,-8008.0,294.89444444444445,908.0,6.400239616440442,20.06451612903226,22.244444444444444,43.0,3.8682631665770537,14.751033862458582,721.0,670.0,0.0,1340.0,16,2x2,compact_v2,0.1002040914245718,0.0,597,94,34,1312,307
independent,517,1800,360,1800.0,-7691.0,296.05555555555554,944.0,6.584238438086534,20.08510638297872,21.363888888888887,45.0,3.8681688848838833,13.88735888671017,681.0,622.0,0.0,1244.0,17,2x2,compact_v2,0.092187764110606,0.0,613,68,37,1335,337
independent,518,1800,360,1800.0,-9138.0,305.1611111111111,919.0,5.747382397976725,16.596153846153847,25.383333333333333,50.0,3.6451272712841023,12.470379620892691,764.0,706.0,0.0,1412.0,18,2x2,compact_v2,0.0848127429817575,0.0,621,92,36,1312,403
independent,519,1800,360,1800.0,-7476.0,253.76944444444445,671.0,5.621753241102902,17.87878787878788,20.766666666666666,47.0,4.209641644990801,14.660414041428448,718.0,675.0,0.0,1350.0,19,2x2,compact_v2,0.0780277235432169,0.0,624,82,30,1328,356
independent,520,1800,360,1800.0,-6943.0,259.1638888888889,935.0,6.12751605065945,25.27027027027027,19.28611111111111,40.0,4.151080986933418,11.665041940559094,705.0,647.0,0.0,1294.0,20,2x2,compact_v2,0.0717855056597596,0.0,632,71,33,1336,258
independent,521,1800,360,1800.0,-7718.0,266.4055555555556,846.0,5.731541456207335,17.65,21.43888888888889,42.0,4.080262024656093,14.38105545927423,736.0,693.0,0.0,1386.0,21,2x2,compact_v2,0.0660426652069788,0.0,639,72,30,1338,358
independent,522,1800,360,1800.0,-6261.0,224.62222222222223,923.0,5.498209759789973,18.29268292682927,17.391666666666666,41.0,4.620449338118879,12.1731630401159,723.0,668.0,0.0,1336.0,22,2x2,compact_v2,0.0607592519904205,0.0,647,78,32,1330,290
independent,523,1800,360,1800.0,-6166.0,208.4055555555556,816.0,5.254014351165621,21.45833333333333,17.127777777777776,38.0,4.5965575143573565,12.345445872118134,721.0,686.0,0.0,1372.0,23,2x2,compact_v2,0.0558985118311869,0.0,671,53,26,1361,232
independent,524,1800,360,1800.0,-7125.0,243.44444444444449,805.0,5.44833350191251,15.911111111111111,19.791666666666668,44.0,4.330836431203996,14.295599868658469,752.0,696.0,0.0,1392.0,24,2x2,compact_v2,0.0514266308846919,0.0,688,35,26,1379,341
independent,525,1800,360,1800.0,-7703.0,295.95,830.0,6.48844564166708,17.659574468085108,21.397222222222226,45.0,4.086229446357903,11.79083405250954,723.0,674.0,0.0,1348.0,25,2x2,compact_v2,0.0473125004139165,0.0,690,52,14,1374,351
independent,526,1800,360,1800.0,-7019.0,276.24444444444447,909.0,6.437654780939037,17.132075471698112,19.497222222222224,40.0,4.2239226145690045,12.620051751797474,692.0,644.0,0.0,1288.0,26,2x2,compact_v2,0.0435275003808032,0.0,691,40,17,1383,359
independent,527,1800,360,1800.0,-6413.0,221.18055555555557,554.0,5.4474855891525245,14.205128205128204,17.81388888888889,32.0,4.436764281847848,13.696564194848186,722.0,661.0,0.0,1322.0,27,2x2,compact_v2,0.040045300350339,0.0,693,41,17,1382,363
independent,528,1800,360,1800.0,-5749.0,194.3805555555556,695.0,5.099028107856963,12.636363636363637,15.969444444444443,41.0,4.698979090821969,12.505155436158123,708.0,661.0,0.0,1322.0,28,2x2,compact_v2,0.0368416763223118,0.0,695,37,14,1389,306
independent,529,1800,360,1800.0,-6986.0,240.26944444444445,771.0,5.529150968243603,20.83783783783784,19.405555555555555,45.0,4.235147276594099,12.56816782916837,741.0,685.0,0.0,1370.0,29,2x2,compact_v2,0.0338943422165269,0.0,701,30,16,1394,338
independent,530,1800,360,1800.0,-6378.0,233.95833333333331,727.0,6.056539801983059,22.03030303030303,17.716666666666665,42.0,4.430985914765829,13.723770233741933,669.0,629.0,0.0,1258.0,30,2x2,compact_v2,0.0311827948392047,0.0,703,22,8,1410,315
