step,reward,agent_decisions,shield_interventions,shield_rate,expert_agreements,expert_agreement_rate,system_total_running,system_total_backlogged,system_total_stopped,system_total_arrived,system_total_departed,system_total_teleported,system_total_waiting_time,system_mean_waiting_time,system_mean_speed,1_stopped,1_accumulated_waiting_time,1_average_speed,2_stopped,2_accumulated_waiting_time,2_average_speed,5_stopped,5_accumulated_waiting_time,5_average_speed,6_stopped,6_accumulated_waiting_time,6_average_speed,agents_total_stopped,agents_total_accumulated_waiting_time
5.0,0.0,4,0,0.0,4,1.0,3,0,0,0,3,0,0.0,0.0,11.475453972242244,0,0.0,0.8245297919964742,0,0.0,1.0,0,0.0,1.0,0,0.0,1.0,0,0.0
10.0,0.0,8,0,0.0,8,1.0,6,0,0,0,6,0,0.0,0.0,12.514590320810584,0,0.0,0.9032695673285623,0,0.0,0.9811283315951417,0,0.0,1.0,0,0.0,1.0,0,0.0
15.0,0.0,12,0,0.0,12,1.0,7,0,0,0,7,0,0.0,0.0,10.620279958193565,0,0.0,0.7303825215738341,0,0.0,0.9740012439284026,0,0.0,0.9470894928254223,0,0.0,1.0,0,0.0
20.0,-0.5,16,0,0.0,16,1.0,13,0,2,0,13,0,5.0,0.38461538461538464,10.010484206554736,2,5.0,0.5525481920384362,0,0.0,0.9635336613850739,0,0.0,0.8083163314673127,0,0.0,0.9876032808037896,2,5.0
25.0,0.0,20,0,0.0,20,1.0,14,0,0,0,14,0,0.0,0.0,9.121338107168645,0,6.0,0.5808820823160492,0,0.0,0.9379877602539934,0,0.0,0.6708812649767435,0,0.0,0.921127985250457,0,6.0
30.0,-0.25,24,0,0.0,24,1.0,17,0,1,0,17,0,3.0,0.17647058823529413,10.476235099729806,0,0.0,0.8050669248325396,0,2.0,0.9406263587767993,1,3.0,0.4980855272740893,0,0.0,0.9341394017310388,1,5.0
35.0,-0.25,28,0,0.0,28,1.0,17,0,1,0,17,0,2.0,0.11764705882352941,9.220358176185979,0,0.0,0.7105346922437795,0,2.0,0.8676419752462566,1,3.0,0.11634805145138671,0,0.0,0.9424575153232919,1,5.0
40.0,-0.75,32,0,0.0,32,1.0,20,0,3,0,20,0,13.0,0.65,8.602008512990837,1,5.0,0.3843447788595221,1,3.0,0.6218597577577711,1,7.0,0.0,0,2.0,0.9307329580317593,3,17.0
45.0,-1.0,36,0,0.0,36,1.0,20,0,4,2,22,0,18.0,0.9,6.738124661939262,4,18.0,0.14513731577573652,0,1.0,0.4949420645314555,0,0.0,1.0,0,2.0,0.8723543671959368,4,21.0
50.0,-0.75,40,0,0.0,40,1.0,21,0,3,2,23,0,12.0,0.5714285714285714,7.668850622201856,2,23.0,0.09398513143457689,1,1.0,0.5800734468555903,0,0.0,1.0,0,2.0,0.44712461672050097,3,26.0
55.0,-1.25,44,0,0.0,44,1.0,21,0,5,3,24,0,23.0,1.0952380952380953,7.325874746452262,1,16.0,0.48915134006064537,1,2.0,0.20457021607044,0,2.0,0.8640433741732569,3,11.0,0.0014771521011896318,5,31.0
60.0,-0.25,48,0,0.0,47,0.9791666666666666,21,0,1,7,28,0,6.0,0.2857142857142857,9.539692531806256,0,0.0,0.9589918199639564,1,6.0,0.47636261903556665,0,2.0,0.8671518394317435,0,13.0,0.5823251452666458,1,21.0
65.0,0.0,52,0,0.0,51,0.9807692307692307,22,0,0,9,31,0,0.0,0.0,10.297291569314778,0,0.0,0.9361910077107836,0,2.0,0.7621342911770899,0,2.0,0.5614281354576932,0,2.0,0.8649282744184109,0,6.0
70.0,-1.25,56,0,0.0,55,0.9821428571428571,22,0,5,9,31,0,14.0,0.6363636363636364,8.075947946163843,0,0.0,0.5692377489246362,1,6.0,0.7789419524495866,3,9.0,0.2591693602881176,1,5.0,0.4153782484197401,5,20.0
75.0,-1.0,60,0,0.0,59,0.9833333333333333,24,0,4,10,34,0,13.0,0.5416666666666666,5.288536164277691,1,3.0,0.6325297034382977,1,6.0,0.25895280830701983,2,18.0,0.23093481625412204,0,4.0,0.15147745473987706,4,31.0
80.0,-1.5,64,0,0.0,63,0.984375,22,0,6,13,35,0,34.0,1.5454545454545454,8.542148020746502,1,8.0,0.6383105802531097,3,15.0,0.15798093425337478,2,18.0,0.4967556548180971,0,2.0,0.9073478721892835,6,43.0
85.0,-0.5,68,0,0.0,67,0.9852941176470589,24,0,2,13,37,0,15.0,0.625,8.450343223942694,2,15.0,0.05716230703122007,0,13.0,0.3849837102561142,0,8.0,0.5213234807939338,0,2.0,0.872946075719978,2,38.0
90.0,-0.25,72,0,0.0,71,0.9861111111111112,21,0,1,16,37,0,7.0,0.3333333333333333,10.654674602991818,1,10.0,0.12619987807897498,0,0.0,0.9159779688363322,0,0.0,0.766802042899025,0,2.0,0.875845113793141,1,12.0
95.0,-0.25,76,0,0.0,75,0.9868421052631579,18,0,1,21,39,0,12.0,0.6666666666666666,11.499170472553969,1,12.0,0.5,0,0.0,0.02584612887997995,0,2.0,0.9729399837079651,0,2.0,0.9154619824664338,1,16.0
100.0,-0.5,80,0,0.0,79,0.9875,18,0,2,24,42,0,6.0,0.3333333333333333,9.958658130319753,0,0.0,0.9749379279778413,1,5.0,0.47224909790746583,0,2.0,0.9425212649543478,1,3.0,0.43394908330313875,2,10.0
105.0,-0.5,84,0,0.0,83,0.9880952380952381,17,0,2,27,44,0,3.0,0.17647058823529413,8.124783283323133,0,0.0,0.9664655080805076,0,2.0,0.9197850599868711,1,4.0,0.31261171774795116,1,5.0,0.1176560446980014,2,11.0
110.0,-1.0,88,0,0.0,87,0.9886363636363636,19,0,4,28,47,0,16.0,0.8421052631578947,8.48142014974234,1,2.0,0.5729589393412144,0,2.0,0.9565752466270143,3,16.0,0.23143178273141235,0,3.0,0.6879938030964812,4,23.0
115.0,-1.0,92,0,0.0,91,0.9891304347826086,21,0,4,28,49,0,22.0,1.0476190476190477,8.121892261691661,3,15.0,0.3848399057627647,0,2.0,0.49774529090342884,1,15.0,0.5431979540651197,0,2.0,0.8764321617297046,4,34.0
120.0,-1.0,96,0,0.0,95,0.9895833333333334,22,0,4,30,52,0,28.0,1.2727272727272727,7.311442616722366,2,21.0,0.4745933218994944,1,7.0,0.0,1,12.0,0.5698459599562111,0,2.0,0.03297513704067376,4,42.0
125.0,-1.25,100,0,0.0,99,0.99,22,0,5,33,55,0,30.0,1.3636363636363635,7.924713587525113,3,22.0,0.4919739113116191,0,0.0,0.9360352061653434,0,3.0,0.7078546503722644,2,10.0,0.31445852914644845,5,35.0
130.0,-0.25,104,0,0.0,103,0.9903846153846154,22,0,1,35,57,0,3.0,0.13636363636363635,9.333873078594545,1,18.0,0.42270400230675803,0,0.0,0.9543153193202242,0,2.0,0.8780930040360365,0,8.0,0.7718115080303319,1,28.0
135.0,-0.75,108,0,0.0,107,0.9907407407407407,23,0,3,35,58,0,12.0,0.5217391304347826,8.925587688925583,2,10.0,0.238255699377768,1,4.0,0.7197461581168008,0,2.0,0.4946757537162201,0,2.0,0.8950135575284875,3,18.0
140.0,-0.75,112,0,0.0,111,0.9910714285714286,23,0,3,36,59,0,11.0,0.4782608695652174,6.931136668740408,0,5.0,0.41152336131229306,0,3.0,0.6417800655615664,3,13.0,0.3475307466601002,0,2.0,0.3238115473273642,3,23.0
145.0,-1.25,116,0,0.0,115,0.9913793103448276,23,0,5,38,61,0,14.0,0.6086956521739131,6.071610427530048,1,5.0,0.6322142904143746,1,4.0,0.47842009697779836,1,16.0,0.3906359078155674,2,10.0,0.32122060398981145,5,35.0
150.0,-1.0,120,0,0.0,118,0.9833333333333333,24,0,4,39,63,0,15.0,0.625,7.3754957973062965,0,0.0,0.6715776220234022,1,4.0,0.3030198572179878,2,12.0,0.5833682548296162,1,15.0,0.5177294587539744,4,31.0
155.0,-0.5,124,0,0.0,122,0.9838709677419355,25,0,2,39,64,0,6.0,0.24,9.511923031011817,1,5.0,0.5185680108428676,0,3.0,0.8398613518099429,0,7.0,0.5993806576930272,1,7.0,0.3691885682197684,2,22.0
160.0,-0.75,128,0,0.0,126,0.984375,27,0,3,41,68,0,5.0,0.18518518518518517,9.791961468723574,0,2.0,0.7518653530792165,1,4.0,0.7146473483445871,1,1.0,0.6536737200077484,1,10.0,0.39781186003026237,3,17.0
165.0,-1.0,132,0,0.0,130,0.9848484848484849,24,0,4,47,71,0,18.0,0.75,9.64535456451326,1,2.0,0.618597495845785,2,11.0,0.4780187218095562,0,2.0,0.9392826115861709,1,13.0,0.6522903731805559,4,28.0
170.0,-1.0,136,0,0.0,134,0.9852941176470589,22,0,4,50,72,0,16.0,0.7272727272727273,7.014289136137297,2,8.0,0.024318450138828898,2,10.0,0.4736818438029997,0,2.0,0.7059883550583832,0,2.0,0.4339322081355112,4,22.0
175.0,-1.5,140,0,0.0,138,0.9857142857142858,23,0,6,51,74,0,45.0,1.9565217391304348,7.956866946314929,3,22.0,0.25000640862198587,2,20.0,0.4787318914683369,1,5.0,0.36641702671282017,0,2.0,0.7404811434491964,6,49.0
180.0,-0.25,144,0,0.0,142,0.9861111111111112,20,0,1,54,74,0,1.0,0.05,7.56772119360012,0,17.0,0.44579409166789025,1,10.0,0.14916717062834345,0,2.0,0.29481751659543237,0,2.0,0.9798007800906499,1,31.0
185.0,-1.0,148,0,0.0,146,0.9864864864864865,19,0,4,56,75,0,15.0,0.7894736842105263,9.141712497265921,0,0.0,0.7931404778327151,4,17.0,0.31713752989513244,0,0.0,1.0,0,4.0,0.7011917712826325,4,21.0
190.0,-0.5,152,0,0.0,150,0.9868421052631579,15,0,2,60,75,0,12.0,0.8,8.454030523324306,0,0.0,0.9231848996770916,1,23.0,0.5031757442943534,0,0.0,1.0,1,9.0,0.49786877718951683,2,32.0
195.0,-0.5,156,0,0.0,154,0.9871794871794872,15,0,2,62,77,0,5.0,0.3333333333333333,7.517014744501557,0,0.0,0.49853324846536046,2,14.0,0.3785587019273486,0,0.0,1.0,0,5.0,0.6434730638495677,2,19.0
200.0,-1.0,160,0,0.0,158,0.9875,16,0,4,62,78,0,9.0,0.5625,7.9450995462004155,1,3.0,0.6442899468676765,2,15.0,0.25488276793318615,0,0.0,1.0,1,5.0,0.7017648368246383,4,23.0
205.0,-1.0,164,0,0.0,162,0.9878048780487805,18,0,4,63,81,0,18.0,1.0,7.3944476854026835,2,10.0,0.47615844667994023,1,15.0,0.423649944715931,0,0.0,0.9953929264113168,1,3.0,0.10510549019416286,4,28.0
210.0,-1.0,168,0,0.0,166,0.9880952380952381,19,0,4,64,83,0,16.0,0.8421052631578947,7.839007602186761,0,5.0,0.6352974924641666,1,7.0,0.3804576425105432,0,0.0,0.9323761903183518,3,14.0,0.00028804653642566303,4,26.0
215.0,-0.25,172,0,0.0,170,0.9883720930232558,16,0,1,67,83,0,9.0,0.5625,8.785311189799202,0,0.0,0.8520999315754384,1,10.0,0.0,0,2.0,0.64123602780839,0,15.0,0.4957368482878983,1,27.0
220.0,-0.25,176,0,0.0,174,0.9886363636363636,16,0,1,69,85,0,5.0,0.3125,9.859649480578456,0,0.0,0.5687356528282227,0,0.0,1.0,1,7.0,0.700641418982298,0,2.0,0.9468844266612275,1,9.0
225.0,-0.75,180,0,0.0,178,0.9888888888888889,17,0,3,69,86,0,9.0,0.5294117647058824,9.34713659075966,2,8.0,0.5818701725533447,0,0.0,1.0,1,3.0,0.42896012131193917,0,0.0,0.8556974240377789,3,11.0
230.0,-0.75,184,0,0.0,182,0.9891304347826086,20,0,3,71,91,0,10.0,0.5,8.935345235189214,0,6.0,0.6120563332948347,0,0.0,0.9761498408459265,3,12.0,0.19523678565148764,0,2.0,0.9893643665788461,3,20.0
235.0,-0.25,188,0,0.0,186,0.9893617021276596,19,0,1,74,93,0,4.0,0.21052631578947367,9.651484780300864,0,0.0,0.734474845552419,0,2.0,0.904469310952746,1,15.0,0.36174081768282323,0,2.0,0.9922397168209324,1,19.0
240.0,-1.0,192,0,0.0,190,0.9895833333333334,20,0,4,76,96,0,9.0,0.45,7.8022599659247645,2,6.0,0.37178142201594383,0,2.0,0.7594646135932203,1,6.0,0.5187570465677938,1,3.0,0.005760079668280873,4,17.0
245.0,-2.0,196,0,0.0,194,0.9897959183673469,22,0,8,76,98,0,39.0,1.7727272727272727,7.214140058650508,4,22.0,0.27494281892531763,2,7.0,0.4587093315239582,2,10.0,0.441709414899717,0,0.0,1.0,8,39.0
250.0,-1.25,200,0,0.0,198,0.99,23,0,5,77,100,0,40.0,1.7391304347826086,6.848410307610022,2,32.0,0.3750473961853177,0,6.0,0.13984234503342707,3,21.0,0.23153901006852828,0,0.0,1.0,5,59.0
255.0,-0.75,204,0,0.0,202,0.9901960784313726,19,0,3,82,101,0,31.0,1.631578947368421,7.677232037472941,3,31.0,0.3082973471693275,0,2.0,0.8912874111420499,0,16.0,0.33843029391983387,0,2.0,0.8672613731158975,3,51.0
260.0,-0.25,208,0,0.0,206,0.9903846153846154,18,0,1,84,102,0,1.0,0.05555555555555555,9.177130591205236,1,19.0,0.25955589914242466,0,2.0,0.906308996476883,0,0.0,0.7430084201405529,0,4.0,0.9001655686069622,1,25.0
265.0,-1.25,212,0,0.0,210,0.9905660377358491,19,0,5,84,103,0,14.0,0.7368421052631579,7.896180636215821,3,12.0,0.37174996100985647,1,3.0,0.2965334610843831,0,2.0,0.8516775356869365,1,3.0,0.5361748476884827,5,20.0
270.0,-0.75,216,0,0.0,214,0.9907407407407407,22,0,3,84,106,0,9.0,0.4090909090909091,7.3545669414813,0,13.0,0.6257408592720183,3,11.0,0.0022207582488977004,0,2.0,0.9337114913135285,0,4.0,0.3865222290688209,3,30.0
275.0,-1.75,220,0,0.0,218,0.990909090909091,24,0,7,85,109,0,37.0,1.5416666666666667,6.039725129683966,1,4.0,0.5654401625503586,3,28.0,0.3273514489639492,0,2.0,0.41112852124888377,3,9.0,0.0205626425253649,7,43.0
280.0,-1.5,224,0,0.0,222,0.9910714285714286,25,0,6,85,110,0,27.0,1.08,6.929290697241481,2,14.0,0.6189569851476265,0,22.0,0.5592411686841295,3,11.0,0.14840644498656097,1,15.0,0.13854564822486054,6,62.0
285.0,-2.0,228,0,0.0,226,0.9912280701754386,25,0,8,87,112,0,53.0,2.12,6.523671478069236,4,27.0,0.31055534554348774,0,2.0,0.5500893133309006,4,28.0,9.856387603565316e-05,0,0.0,1.0,8,57.0
290.0,-2.25,232,0,0.0,230,0.9913793103448276,26,0,9,88,114,0,64.0,2.4615384615384617,6.673315397721434,8,57.0,0.08977464849807472,0,0.0,0.9310205781468222,1,28.0,0.3199385006663005,0,0.0,1.0,9,85.0
295.0,-2.0,236,0,0.0,234,0.9915254237288136,23,0,8,91,114,0,60.0,2.608695652173913,6.70963100845181,7,76.0,0.03216110116388212,0,0.0,0.9586316485938663,1,12.0,0.48169332000428333,0,0.0,1.0,8,88.0
300.0,-0.75,240,0,0.0,238,0.9916666666666667,19,0,3,96,115,0,35.0,1.8421052631578947,7.821691726948381,3,70.0,0.1583948918044391,0,0.0,0.3091636443493393,0,2.0,0.9286714972614254,0,0.0,1.0,3,72.0
305.0,-0.75,244,0,0.0,242,0.9918032786885246,17,0,3,100,117,0,10.0,0.5882352941176471,7.56564054454396,2,66.0,0.2033062799808272,1,4.0,0.5000091612254165,0,2.0,0.9559390612092196,0,2.0,0.9472782643565301,3,74.0
310.0,-1.25,248,0,0.0,246,0.9919354838709677,17,0,5,101,118,0,25.0,1.4705882352941178,7.800190165697601,4,59.0,0.31021283193939736,0,2.0,0.9117539366482083,1,3.0,0.36058366341400044,0,2.0,0.967106466546074,5,66.0
315.0,-0.25,252,0,0.0,250,0.9920634920634921,17,0,1,101,118,0,8.0,0.47058823529411764,7.850474643667612,1,52.0,0.1428762449543664,0,2.0,0.9121229128606508,0,1.0,0.19094530159037415,0,2.0,0.9461805809545316,1,57.0
320.0,-0.25,256,0,0.0,254,0.9921875,17,0,1,101,118,0,2.0,0.11764705882352941,9.013691625853594,0,16.0,0.2964350856167784,1,4.0,0.11692604067117003,0,2.0,0.868291518746147,0,2.0,0.8934768540399135,1,24.0
325.0,-0.75,260,0,0.0,258,0.9923076923076923,18,0,3,102,120,0,4.0,0.2222222222222222,7.883633408667077,2,19.0,0.35699292295121493,0,4.0,0.15605871396022977,0,2.0,0.9165067037248996,1,3.0,0.08476964036163001,3,28.0
330.0,-0.75,264,0,0.0,262,0.9924242424242424,19,0,3,105,124,0,17.0,0.8947368421052632,10.17095987059145,3,33.0,0.5583595849831345,0,0.0,0.9087508718470839,0,0.0,0.885847272185631,0,2.0,0.2018434603261561,3,35.0
335.0,0.0,268,0,0.0,266,0.9925373134328358,17,0,0,107,124,0,0.0,0.0,10.386658081200993,0,17.0,0.39438150221231294,0,0.0,0.9484797720221045,0,0.0,0.9508189724279266,0,0.0,1.0,0,17.0
340.0,-0.5,272,0,0.0,270,0.9926470588235294,14,0,2,111,125,0,2.0,0.14285714285714285,9.366890648816561,1,1.0,0.3813927725175741,1,1.0,0.003271781094605817,0,2.0,0.7730524631332211,0,0.0,1.0,2,4.0
345.0,-0.5,276,0,0.0,274,0.9927536231884058,13,0,2,115,128,0,6.0,0.46153846153846156,9.369308865196796,1,1.0,0.35159260264146686,0,0.0,0.987854291840627,1,7.0,0.7899125125913347,0,0.0,1.0,2,8.0
350.0,-0.5,280,0,0.0,278,0.9928571428571429,15,0,2,115,130,0,7.0,0.4666666666666667,8.820970848177012,1,6.0,0.6226029012970735,0,2.0,0.9436535153496299,1,3.0,0.41529667372161516,0,2.0,0.9303093328803552,2,13.0
355.0,-0.75,284,0,0.0,282,0.9929577464788732,18,0,3,115,133,0,12.0,0.6666666666666666,9.764456477929313,0,0.0,0.7800010874804129,0,2.0,0.9338998366908717,3,14.0,0.32806779869026936,0,4.0,0.9461975639627505,3,20.0
360.0,-0.75,288,0,0.0,286,0.9930555555555556,20,0,3,115,135,0,7.0,0.35,9.107990448716464,0,0.0,0.9650836762158232,1,3.0,0.5346021992357256,2,21.0,0.4463867818820814,0,2.0,0.8961111016033412,3,26.0
365.0,-1.0,292,0,0.0,290,0.9931506849315068,23,0,4,115,138,0,10.0,0.43478260869565216,8.130009065564677,1,1.0,0.5547769859283136,0,1.0,0.7721959095144458,2,14.0,0.4839431737238196,1,4.0,0.11492124104344381,4,20.0
370.0,-1.0,296,0,0.0,294,0.9932432432432432,22,0,4,117,139,0,12.0,0.5454545454545454,6.592549934902187,2,9.0,0.4749203302323138,1,2.0,0.5308745568413606,1,12.0,0.09916771714543438,0,4.0,0.20468435911453436,4,27.0
375.0,-1.25,300,0,0.0,298,0.9933333333333333,22,0,5,119,141,0,18.0,0.8181818181818182,7.6158960210844695,1,7.0,0.49500625030414325,0,3.0,0.4388756705597439,4,24.0,0.00039899546101078393,0,2.0,0.8767060990881248,5,36.0
380.0,-0.5,304,0,0.0,302,0.993421052631579,21,0,2,122,143,0,13.0,0.6190476190476191,9.675845794018915,1,6.0,0.6707507184421609,0,0.0,0.7875290908061164,1,27.0,0.42939297529791426,0,4.0,0.9392470830529961,2,37.0
385.0,-0.5,308,0,0.0,306,0.9935064935064936,21,0,2,124,145,0,13.0,0.6190476190476191,10.209092925099455,2,13.0,0.39847879101799094,0,0.0,1.0,0,9.0,0.7319787395111333,0,2.0,0.944802997037558,2,24.0
390.0,-1.25,312,0,0.0,310,0.9935897435897436,23,0,5,125,148,0,30.0,1.3043478260869565,8.983562970538502,4,29.0,0.3632353266845301,0,0.0,1.0,0,0.0,0.8947063504266612,1,3.0,0.4234383077146767,5,32.0
395.0,-0.5,316,0,0.0,314,0.9936708860759493,21,0,2,128,149,0,11.0,0.5238095238095238,7.306562824350358,2,29.0,0.3475545382885494,0,0.0,1.0,0,0.0,0.6430819963887242,0,1.0,0.13667572425580773,2,30.0
400.0,-0.5,320,0,0.0,318,0.99375,18,0,2,132,150,0,7.0,0.3888888888888889,8.250229018805282,1,14.0,0.24010676670689363,0,2.0,0.8275804096864599,1,5.0,0.5613704756569156,0,0.0,0.6507163012091086,2,21.0
405.0,-0.5,324,0,0.0,322,0.9938271604938271,17,0,2,134,151,0,5.0,0.29411764705882354,7.56096296210935,2,20.0,0.2438964046383211,0,2.0,0.9248620917497598,0,0.0,0.34864459767507733,0,0.0,1.0,2,22.0
410.0,-0.75,328,0,0.0,326,0.9939024390243902,15,0,3,136,151,0,20.0,1.3333333333333333,7.927725121166604,3,32.0,0.24452949635673796,0,2.0,0.3265515723536215,0,2.0,0.7514299454443475,0,2.0,0.9511249736022805,3,38.0
415.0,-0.75,332,0,0.0,330,0.9939759036144579,15,0,3,138,153,0,9.0,0.6,6.905344322028379,0,23.0,0.4244536938877513,3,11.0,0.0017954315652470023,0,2.0,0.8119683008691042,0,2.0,0.8095298535802794,3,38.0
420.0,-0.5,336,0,0.0,334,0.9940476190476191,18,0,2,138,156,0,8.0,0.4444444444444444,7.381686418569992,1,4.0,0.7081965713683906,0,13.0,0.6142359090151408,0,2.0,0.41278328163766237,1,6.0,0.29930922043813596,2,25.0
425.0,-0.5,340,0,0.0,338,0.9941176470588236,21,0,2,138,159,0,7.0,0.3333333333333333,8.241124240800623,0,0.0,0.5045196644238198,0,2.0,0.9506421601039398,2,9.0,0.5544670616978885,0,4.0,0.1531509325904131,2,15.0
430.0,-1.0,344,0,0.0,342,0.9941860465116279,23,0,4,138,161,0,24.0,1.0434782608695652,10.099804388016308,2,7.0,0.3336426892004305,0,0.0,0.9678852491608421,2,21.0,0.5910862788877717,0,0.0,0.5620120633073721,4,28.0
435.0,-0.75,348,0,0.0,346,0.9942528735632183,21,0,3,140,161,0,18.0,0.8571428571428571,8.091087179132042,2,17.0,0.3196362691163524,0,0.0,0.48792372209806756,1,13.0,0.3849071439023183,0,0.0,1.0,3,30.0
440.0,-1.5,352,0,0.0,350,0.9943181818181818,21,0,6,143,164,0,45.0,2.142857142857143,7.673350320325219,2,27.0,0.4351202509560005,1,5.0,0.32743837230346545,3,13.0,0.3192987497303587,0,0.0,1.0,6,45.0
445.0,-0.5,356,0,0.0,354,0.9943820224719101,19,0,2,147,166,0,6.0,0.3157894736842105,7.631109855499729,0,19.0,0.6368931135220908,0,1.0,0.21547407174435088,2,20.0,0.35405985828770103,0,0.0,1.0,2,40.0
450.0,-0.75,360,0,0.0,358,0.9944444444444445,19,0,3,149,168,0,17.0,0.8947368421052632,9.570252095498947,1,1.0,0.3470083120226171,0,2.0,0.8957258190104072,2,16.0,0.4939968920972584,0,4.0,0.876955236168959,3,23.0
455.0,-1.0,364,0,0.0,362,0.9945054945054945,19,0,4,151,170,0,13.0,0.6842105263157895,8.305299453969937,3,11.0,0.25156522161023853,0,2.0,0.8898258761714969,1,12.0,0.4132907006440589,0,4.0,0.8821965734373665,4,29.0
460.0,-1.25,368,0,0.0,366,0.9945652173913043,21,0,5,151,172,0,37.0,1.7619047619047619,6.6644230169531555,3,26.0,0.3788031310642707,0,2.0,0.44927639991331025,2,11.0,0.2424103692165001,0,2.0,0.3302744950110881,5,41.0
465.0,-1.75,372,0,0.0,370,0.9946236559139785,23,0,7,151,174,0,30.0,1.3043478260869565,6.9212677255501145,1,23.0,0.6521836134220151,3,11.0,0.23901388696891052,1,12.0,0.09627470724314281,2,11.0,0.33195812699543253,7,57.0
470.0,-0.5,376,0,0.0,374,0.9946808510638298,24,0,2,153,177,0,18.0,0.75,8.530600978645401,2,18.0,0.5813680143769069,0,11.0,0.0886033819501097,0,3.0,0.7692100493646196,0,9.0,0.7866803240281729,2,41.0
475.0,-0.5,380,0,0.0,378,0.9947368421052631,25,0,2,156,181,0,5.0,0.2,10.592301218830343,1,9.0,0.6629698113446658,1,4.0,0.47439788266718846,0,2.0,0.9655912697583531,0,2.0,0.861349113847617,2,17.0
480.0,-0.75,384,0,0.0,382,0.9947916666666666,25,0,3,156,181,0,6.0,0.24,7.425168644854644,1,4.0,0.46750886030665817,0,2.0,0.7665823986100682,1,3.0,0.017811201428669973,1,4.0,0.23996744052955488,3,13.0
485.0,-0.75,388,0,0.0,386,0.9948453608247423,23,0,3,160,183,0,6.0,0.2608695652173913,6.306448700963552,2,10.0,0.2069942920803252,0,2.0,0.8034708880390882,0,2.0,0.2531115846645689,1,7.0,0.40735583101123396,3,21.0
490.0,-1.0,392,0,0.0,390,0.9948979591836735,23,0,4,162,185,0,21.0,0.9130434782608695,8.876561279719699,3,22.0,0.3004383739863289,1,3.0,0.5446345156973619,0,2.0,0.8192268194195804,0,3.0,0.7330361823238492,4,30.0
495.0,-0.5,396,0,0.0,394,0.9949494949494949,23,0,2,162,185,0,3.0,0.13043478260869565,7.745065559220845,1,20.0,0.11348201924491323,0,3.0,0.33589155889676936,0,2.0,0.8508927729675474,1,4.0,0.01944224790382945,2,29.0
500.0,-1.0,400,0,0.0,398,0.995,21,0,4,166,187,0,14.0,0.6666666666666666,8.629487091667066,2,10.0,0.3070474016592693,2,7.0,0.47511013140471825,0,0.0,0.7381863401950027,0,2.0,0.1947812864262096,4,19.0
505.0,-0.25,404,0,0.0,402,0.995049504950495,21,0,1,168,189,0,3.0,0.14285714285714285,10.293015091759239,0,6.0,0.7788480962966009,0,6.0,0.6887511598668801,1,3.0,0.4674782815495932,0,0.0,1.0,1,15.0
510.0,-0.5,408,0,0.0,406,0.9950980392156863,23,0,2,169,192,0,2.0,0.08695652173913043,10.274001113556919,1,1.0,0.7233694436133711,1,3.0,0.23738197707456518,0,2.0,0.8354152132403799,0,2.0,0.9055632638054794,2,8.0
515.0,-0.5,412,0,0.0,410,0.9951456310679612,16,0,2,176,192,0,7.0,0.4375,8.882600733220333,2,7.0,0.26683088505247793,0,2.0,0.19238457745020332,0,2.0,0.9194264014720508,0,4.0,0.9129677323409604,2,15.0
520.0,-0.75,416,0,0.0,414,0.9951923076923077,17,0,3,177,194,0,21.0,1.2352941176470589,8.117136345539059,3,21.0,0.18996130117528845,0,0.0,1.0,0,2.0,0.5164050175579551,0,2.0,0.9181341735791487,3,25.0
525.0,-1.0,420,0,0.0,418,0.9952380952380953,18,0,4,177,195,0,22.0,1.2222222222222223,7.63224440716613,1,21.0,0.30410217735035494,0,0.0,1.0,2,11.0,0.4899970263838299,1,4.0,0.4973977334235409,4,36.0
530.0,-0.25,424,0,0.0,422,0.9952830188679245,18,0,1,179,197,0,16.0,0.8888888888888888,8.35755055179838,1,16.0,0.6550070160740878,0,2.0,0.8461919876209973,0,7.0,0.4499988486683752,0,2.0,0.3984023134998454,1,27.0
535.0,-0.5,428,0,0.0,426,0.9953271028037384,15,0,2,182,197,0,5.0,0.3333333333333333,8.917469419562776,0,0.0,0.6585698960280233,0,2.0,0.8648275501763966,2,5.0,0.0014170768401000453,0,0.0,0.614707044979561,2,7.0
540.0,0.0,432,0,0.0,430,0.9953703703703703,18,0,0,182,200,0,0.0,0.0,11.53258614527575,0,0.0,0.9007166095479263,0,0.0,0.9263608692238123,0,7.0,0.7402482620658056,0,0.0,1.0,0,7.0
545.0,0.0,436,0,0.0,434,0.9954128440366973,15,0,0,187,202,0,0.0,0.0,11.892735255554673,0,0.0,0.9569063639533213,0,0.0,1.0,0,2.0,0.8434888922257352,0,2.0,0.8941364796022033,0,4.0
550.0,-0.25,440,0,0.0,438,0.9954545454545455,16,0,1,188,204,0,1.0,0.0625,11.618808090384128,0,0.0,0.9423644306724086,0,0.0,1.0,1,3.0,0.6909678536611674,0,2.0,0.9412443862447427,1,5.0
555.0,0.0,444,0,0.0,442,0.9954954954954955,14,0,0,191,205,0,0.0,0.0,9.13737341371303,0,0.0,0.7827440557613398,0,0.0,1.0,0,0.0,0.4001393372981868,0,0.0,0.9769565449361575,0,0.0
560.0,-0.5,448,0,0.0,446,0.9955357142857143,16,0,2,191,207,0,3.0,0.1875,8.168527996890424,2,3.0,0.2062406008114856,0,0.0,0.951468360496521,0,0.0,0.4143890796753409,0,0.0,1.0,2,3.0
565.0,-0.5,452,0,0.0,450,0.995575221238938,15,0,2,193,208,0,8.0,0.5333333333333333,8.137291445139052,2,12.0,0.23559635154201874,0,0.0,0.9386626376244007,0,0.0,1.0,0,0.0,1.0,2,12.0
570.0,-0.75,456,0,0.0,454,0.9956140350877193,16,0,3,194,210,0,22.0,1.375,7.901622304765599,3,22.0,0.3821073530345377,0,2.0,0.4837537794547948,0,0.0,1.0,0,0.0,1.0,3,24.0
575.0,-0.5,460,0,0.0,458,0.9956521739130435,15,0,2,197,212,0,8.0,0.5333333333333333,7.734265896724475,0,19.0,0.37706206183280255,2,10.0,0.5340415430051084,0,0.0,0.9772811474611999,0,0.0,1.0,2,29.0
580.0,-1.0,464,1,0.0021551724137931034,462,0.9956896551724138,13,0,4,200,213,0,24.0,1.8461538461538463,6.638999369518725,2,6.0,0.3195648652510832,2,20.0,0.3612564196096765,0,2.0,0.7391859433788022,0,0.0,1.0,4,28.0
585.0,-0.75,468,1,0.002136752136752137,466,0.9957264957264957,14,0,3,200,214,0,8.0,0.5714285714285714,5.690058194949347,0,4.0,0.16254838611032715,2,18.0,0.3612849175236507,1,5.0,0.6056366468025313,0,0.0,1.0,3,27.0
590.0,-0.75,472,1,0.00211864406779661,470,0.9957627118644068,18,0,3,200,218,0,20.0,1.1111111111111112,8.158510128746803,1,5.0,0.7251213065391034,2,19.0,0.497751031375744,0,2.0,0.4451987385694133,0,2.0,0.8355949304203482,3,28.0
595.0,-1.25,476,1,0.0021008403361344537,474,0.9957983193277311,21,0,5,200,221,0,19.0,0.9047619047619048,8.047932195992242,1,10.0,0.6687441199627392,1,13.0,0.4868139027887161,3,10.0,0.23180039735592425,0,4.0,0.8853330356812756,5,37.0
600.0,-1.0,480,1,0.0020833333333333333,477,0.99375,24,0,4,200,224,0,23.0,0.9583333333333334,6.585200143361763,2,16.0,0.43272402982797664,1,6.0,0.33109748781214676,1,12.0,0.30723997077276827,0,2.0,0.6117310736767371,4,36.0
605.0,-1.0,484,1,0.002066115702479339,481,0.993801652892562,25,0,4,200,225,0,15.0,0.6,8.228937521008369,2,11.0,0.4839095243410335,0,0.0,1.0,1,6.0,0.49481526061534076,1,3.0,0.003003080327239093,4,20.0
610.0,-0.75,488,1,0.0020491803278688526,485,0.9938524590163934,25,0,3,201,226,0,29.0,1.16,9.303155577457154,2,18.0,0.460841066158712,0,0.0,0.9583866281479505,1,13.0,0.7224948499471722,0,2.0,0.9191901789962478,3,33.0
615.0,-0.75,492,1,0.0020325203252032522,489,0.9939024390243902,21,0,3,208,229,0,18.0,0.8571428571428571,8.464319312905845,1,11.0,0.26513587089248447,0,0.0,0.9177290980031981,2,19.0,0.6887740822354249,0,2.0,0.9236284227902968,3,32.0
620.0,-1.25,496,1,0.0020161290322580645,493,0.9939516129032258,18,0,5,211,229,0,13.0,0.7222222222222222,7.086227068399943,3,11.0,0.0010286556713677375,0,2.0,0.8964393685085276,1,7.0,0.6044741013446239,1,3.0,0.0024761271317935343,5,23.0
625.0,-0.75,500,1,0.002,497,0.994,19,0,3,212,231,0,10.0,0.5263157894736842,7.312657013681349,0,12.0,0.41629645078238914,0,2.0,0.8738875112509874,3,12.0,0.13049663078863893,0,2.0,0.8699016067182554,3,28.0
630.0,-0.75,504,1,0.001984126984126984,501,0.9940476190476191,22,0,3,212,234,0,10.0,0.45454545454545453,8.788480601109045,0,0.0,0.9465152533941238,2,8.0,0.5213898993967431,1,17.0,0.5217472321696514,0,2.0,0.8797139061145604,3,27.0
635.0,-0.5,508,1,0.001968503937007874,505,0.9940944881889764,24,0,2,212,236,0,10.0,0.4166666666666667,8.04459318488275,0,0.0,0.7128063972246993,2,12.0,0.22424584135879452,0,6.0,0.8151466752409513,0,2.0,0.492114578284963,2,20.0
640.0,-2.0,512,1,0.001953125,509,0.994140625,26,0,8,213,239,0,42.0,1.6153846153846154,7.72361307644798,2,7.0,0.6616558146797463,3,27.0,0.22879417589800793,0,0.0,0.8948707096347148,3,14.0,0.29577927708019136,8,48.0
645.0,-1.25,516,1,0.001937984496124031,513,0.9941860465116279,26,0,5,214,240,0,26.0,1.0,6.564177519976979,3,19.0,0.3863242130476476,0,20.0,0.43187914271142147,1,2.0,0.0015033529813907615,1,19.0,0.517181360095739,5,60.0
650.0,-1.5,520,1,0.0019230769230769232,517,0.9942307692307693,25,0,6,217,242,0,31.0,1.24,6.9806138760298415,4,28.0,0.3797073207535239,0,0.0,0.042107820821390966,1,7.0,0.0,1,8.0,0.4179573662796407,6,43.0
655.0,-1.25,524,1,0.0019083969465648854,521,0.9942748091603053,24,0,5,220,244,0,48.0,2.0,8.197466283243799,4,43.0,0.4582168221640829,1,5.0,0.00012347378763552654,0,2.0,0.9004846715256735,0,1.0,0.148870729069292,5,51.0
660.0,-0.5,528,1,0.001893939393939394,525,0.9943181818181818,24,0,2,223,247,0,21.0,0.875,9.378017597958708,1,35.0,0.3781854814970854,1,10.0,0.5,0,2.0,0.9137590462344837,0,0.0,1.0,2,47.0
665.0,-0.5,532,1,0.0018796992481203006,529,0.9943609022556391,23,0,2,227,250,0,8.0,0.34782608695652173,10.158572554350844,2,19.0,0.45981423740821487,0,2.0,0.9188811653195603,0,0.0,0.8363457828867756,0,0.0,1.0,2,21.0
670.0,-0.5,536,1,0.0018656716417910447,533,0.9944029850746269,24,0,2,230,254,0,3.0,0.125,9.243421245628653,1,18.0,0.46943430261232993,0,2.0,0.8969992427760846,1,2.0,0.00947005122788267,0,2.0,0.9197033606081262,2,24.0
675.0,-0.75,540,1,0.001851851851851852,537,0.9944444444444445,22,0,3,232,254,0,13.0,0.5909090909090909,8.504809470570875,3,24.0,0.38284280650738456,0,2.0,0.5966508966769348,0,5.0,0.6412028353965837,0,2.0,0.9558276208771468,3,33.0
680.0,-0.75,544,1,0.001838235294117647,541,0.9944852941176471,22,0,3,233,255,0,10.0,0.45454545454545453,8.217148953170083,1,18.0,0.2973114670977151,2,8.0,0.0026021070424591254,0,2.0,0.9165394278426814,0,2.0,0.8895287050700056,3,30.0
685.0,-1.0,548,1,0.0018248175182481751,545,0.9945255474452555,26,0,4,235,261,0,17.0,0.6538461538461539,9.116212350112475,3,15.0,0.5234984397015509,0,10.0,0.6356205553128641,1,4.0,0.518026622079272,0,2.0,0.9165757428213486,4,31.0
690.0,0.0,552,1,0.0018115942028985507,549,0.9945652173913043,25,0,0,237,262,0,0.0,0.0,9.006479962252069,0,13.0,0.5572449059161397,0,2.0,0.9079811830819373,0,3.0,0.5466735515950358,0,2.0,0.4957046155416835,0,20.0
695.0,-0.75,556,1,0.0017985611510791368,553,0.9946043165467626,29,0,3,237,266,0,9.0,0.3103448275862069,9.858794551895835,0,0.0,0.5496546135415391,0,0.0,0.8857522753756241,1,3.0,0.6543056883303483,2,10.0,0.0003509963104578744,3,13.0
700.0,-1.5,560,1,0.0017857142857142857,557,0.9946428571428572,30,0,6,239,269,0,18.0,0.6,9.612499990921577,2,6.0,0.5722711263740442,2,3.0,0.5537201065638495,2,11.0,0.6077148465505327,0,6.0,0.26501712864952437,6,26.0
705.0,-0.75,564,1,0.0017730496453900709,561,0.9946808510638298,25,0,3,246,271,0,22.0,0.88,7.729522199003526,0,5.0,0.7548482128826972,0,4.0,0.37653315115487684,3,24.0,0.3586086501752042,0,0.0,1.0,3,33.0
710.0,-1.25,568,1,0.0017605633802816902,565,0.9947183098591549,23,0,5,249,272,0,19.0,0.8260869565217391,6.3280278305898445,1,2.0,0.4997544584986313,0,2.0,0.7582427278132314,4,34.0,0.07502821803152233,0,2.0,0.8814664820813669,5,40.0
715.0,-2.25,572,1,0.0017482517482517483,569,0.9947552447552448,24,0,9,251,275,0,57.0,2.375,7.316227516387227,3,12.0,0.4162558379778753,0,2.0,0.9327725803520632,6,47.0,6.919891206516106e-05,0,4.0,0.8959338281710948,9,65.0
720.0,-2.0,576,1,0.001736111111111111,573,0.9947916666666666,29,0,8,251,280,0,63.0,2.1724137931034484,6.218880285817467,4,32.0,0.38402072638730755,0,2.0,0.3811371686979707,3,54.0,0.37468680247318625,1,6.0,0.5884070315964345,8,94.0
725.0,-2.5,580,1,0.0017241379310344827,577,0.9948275862068966,32,0,10,251,283,0,67.0,2.09375,4.859114781964266,6,59.0,0.2670717961667845,3,9.0,0.2512150568792355,0,32.0,0.6493961297388092,1,7.0,0.11971163357482469,10,107.0
730.0,-3.25,584,1,0.0017123287671232876,581,0.9948630136986302,34,0,13,251,285,0,78.0,2.2941176470588234,5.758520837963727,6,76.0,0.1944220008624778,3,24.0,0.4726896258799766,1,1.0,0.2602497047095595,3,15.0,0.19140097760954228,13,116.0
735.0,-2.75,588,1,0.0017006802721088435,585,0.9948979591836735,34,0,11,252,286,0,89.0,2.6176470588235294,6.640725446090618,6,71.0,0.18651782697358785,1,21.0,0.6816688990229287,3,12.0,0.41689289008414704,1,15.0,0.08173256670478891,11,119.0
740.0,-2.0,592,1,0.0016891891891891893,589,0.9949324324324325,32,0,8,257,289,0,82.0,2.5625,6.988653240458153,3,69.0,0.28049784157344543,1,16.0,0.3980495992068229,3,27.0,0.5356945645353826,1,7.0,0.0,8,119.0
745.0,-0.75,596,1,0.0016778523489932886,593,0.9949664429530202,30,0,3,261,291,0,8.0,0.26666666666666666,7.389352378772353,1,42.0,0.5342474500911178,1,11.0,0.46221122153821537,1,24.0,0.34102019799992406,0,0.0,1.0,3,77.0
750.0,-1.0,600,1,0.0016666666666666668,597,0.995,30,0,4,265,295,0,14.0,0.4666666666666667,7.755363313335567,2,42.0,0.5161459694889796,0,6.0,0.6537996778720128,2,12.0,0.1883321844761326,0,4.0,0.9157400988671884,4,64.0
755.0,-1.75,604,1,0.0016556291390728477,601,0.9950331125827815,29,0,7,266,295,0,29.0,1.0,7.793624911995667,4,58.0,0.352024143776168,1,3.0,0.5832999024932914,2,21.0,0.35610819377068875,0,4.0,0.9270937555835557,7,86.0
760.0,-1.0,608,1,0.001644736842105263,605,0.9950657894736842,29,0,4,267,296,0,20.0,0.6896551724137931,6.946702876183511,3,52.0,0.2751309035510266,0,0.0,0.23396620654953015,1,15.0,0.612223945065564,0,2.0,0.6319116195390672,4,69.0
765.0,-1.25,612,1,0.0016339869281045752,609,0.9950980392156863,32,0,5,267,299,0,18.0,0.5625,8.470397047735784,1,18.0,0.38596574155883595,1,5.0,0.7270797525286782,0,2.0,0.39467461643486224,3,14.0,0.35901139973923024,5,39.0
770.0,-1.5,616,1,0.0016233766233766235,613,0.9951298701298701,32,0,6,270,302,0,14.0,0.4375,7.9243783735919,2,20.0,0.3569526457281476,0,2.0,0.9277460218310001,2,7.0,0.23384610140508494,2,20.0,0.24144954421254994,6,49.0
775.0,-1.75,620,1,0.0016129032258064516,617,0.9951612903225806,30,0,7,274,304,0,39.0,1.3,7.890729313600784,4,37.0,0.4169726278654627,1,5.0,0.3249391367960157,0,10.0,0.5730990154943953,2,18.0,0.5556976854487732,7,70.0
780.0,-1.5,624,1,0.0016025641025641025,621,0.9951923076923077,28,0,6,278,306,0,27.0,0.9642857142857143,7.426660136496673,2,35.0,0.5180049415934653,3,19.0,0.020116982133355086,0,2.0,0.7741391920797097,1,14.0,0.568613280844254,6,70.0
785.0,-1.5,628,1,0.0015923566878980893,625,0.9952229299363057,29,0,6,279,308,0,45.0,1.5517241379310345,7.629988627075755,0,10.0,0.5819142762014163,4,40.0,0.3819611394802072,1,5.0,0.4010652604753579,1,8.0,0.39614264158533735,6,63.0
790.0,-2.0,632,1,0.0015822784810126582,629,0.995253164556962,28,0,8,282,310,0,31.0,1.1071428571428572,6.531510295235226,3,8.0,0.29469763018251344,1,37.0,0.4810830851844138,3,18.0,0.38757734758416146,1,1.0,0.0007233939434801042,8,64.0
795.0,-2.25,636,1,0.0015723270440251573,633,0.9952830188679245,26,0,9,285,311,0,62.0,2.3846153846153846,6.305526922517371,6,32.0,0.13753917122075732,1,14.0,0.35246633467401856,1,19.0,0.43138894609130574,1,6.0,0.0,9,71.0
800.0,-1.5,640,1,0.0015625,637,0.9953125,25,0,6,288,313,0,50.0,2.0,6.480228983173781,3,46.0,0.06908295166964971,1,1.0,0.28649196804912436,2,22.0,0.39150029892337035,0,0.0,1.0,6,69.0
805.0,-1.5,644,1,0.0015527950310559005,641,0.9953416149068323,22,0,6,291,313,0,45.0,2.0454545454545454,7.120297441495494,2,41.0,0.25804717660347676,3,14.0,0.23664252842010366,1,13.0,0.4822779241661307,0,2.0,0.9401904879557801,6,70.0
810.0,-0.75,648,1,0.0015432098765432098,645,0.9953703703703703,21,0,3,295,316,0,41.0,1.9523809523809523,8.51855771864297,3,45.0,0.3824381990858346,0,15.0,0.28708906784537863,0,3.0,0.776910502811442,0,4.0,0.9391008129382009,3,67.0
815.0,-1.25,652,1,0.0015337423312883436,649,0.995398773006135,23,0,5,296,319,0,60.0,2.608695652173913,8.81943513061735,3,60.0,0.5588856110730156,1,3.0,0.46071393954369205,1,3.0,0.39805951813464485,0,2.0,0.9343281437184385,5,68.0
820.0,-0.5,656,1,0.001524390243902439,653,0.9954268292682927,25,0,2,296,321,0,13.0,0.52,7.619649209949056,1,39.0,0.5740472519239274,0,0.0,0.9351115028682039,0,2.0,0.336654246129452,1,4.0,0.4600685869383134,2,45.0
825.0,-1.0,660,1,0.0015151515151515152,657,0.9954545454545455,27,0,4,299,326,0,26.0,0.9629629629629629,7.966108050395196,3,24.0,0.4837282890999671,0,2.0,0.8504861156240057,1,3.0,0.5039194947619596,0,3.0,0.26740189922571156,4,32.0
830.0,-0.5,664,1,0.0015060240963855422,661,0.9954819277108434,29,0,2,300,329,0,4.0,0.13793103448275862,9.736457274422639,2,18.0,0.5720346120392512,0,2.0,0.9503328211533966,0,0.0,0.3879197431624352,0,2.0,0.6597582530892597,2,22.0
835.0,-1.0,668,1,0.0014970059880239522,665,0.9955089820359282,28,0,4,302,330,0,11.0,0.39285714285714285,8.98453970626444,2,8.0,0.5178189842084213,1,3.0,0.33487966859503754,0,2.0,0.9024828016688495,1,6.0,0.6662394877538713,4,19.0
840.0,-1.25,672,1,0.001488095238095238,669,0.9955357142857143,25,0,5,306,331,0,13.0,0.52,6.576954710695247,1,6.0,0.19892780593840964,4,14.0,0.19773062555376208,0,2.0,0.8489351210505337,0,3.0,0.7487803593358378,5,25.0
845.0,-1.75,676,1,0.0014792899408284023,673,0.9955621301775148,23,0,7,308,331,0,44.0,1.9130434782608696,5.779302451441516,2,11.0,0.21981379096283188,4,36.0,0.36771102571472397,0,2.0,0.43082759914485036,1,3.0,0.3638160693026333,7,52.0
850.0,-2.0,680,1,0.0014705882352941176,677,0.9955882352941177,26,0,8,309,335,0,43.0,1.6538461538461537,5.0647913901844595,3,23.0,0.1802112908288195,2,36.0,0.5225167339232262,3,10.0,0.18711991569029443,0,2.0,0.13485302073613428,8,71.0
855.0,-3.0,684,1,0.0014619883040935672,681,0.9956140350877193,25,0,12,311,336,0,101.0,4.04,5.667969213495396,5,47.0,0.15905266256663753,2,24.0,0.5036731112834895,4,29.0,0.18849701379507527,1,5.0,4.082665027251784e-05,12,105.0
860.0,-2.0,688,1,0.0014534883720930232,685,0.9956395348837209,29,0,8,311,340,0,84.0,2.896551724137931,6.460950765506456,5,72.0,0.3498603541226845,1,11.0,0.3808777498494847,2,30.0,0.07274168887705497,0,0.0,1.0,8,113.0
865.0,-1.5,692,1,0.001445086705202312,689,0.9956647398843931,27,0,6,315,342,0,71.0,2.6296296296296298,7.159648038961713,3,79.0,0.37369603761071346,2,12.0,0.35171804161193504,1,15.0,0.22323736022951138,0,2.0,0.8916193881467039,6,108.0
870.0,-1.75,696,1,0.0014367816091954023,693,0.9956896551724138,27,0,7,317,344,0,82.0,3.037037037037037,7.023272963938168,5,74.0,0.34767901592560346,1,14.0,0.41966016217864377,1,13.0,0.5001022007046179,0,2.0,0.8511357802949332,7,103.0
875.0,-1.75,700,1,0.0014285714285714286,697,0.9957142857142857,27,0,7,319,346,0,46.0,1.7037037037037037,7.778621317983708,3,63.0,0.3820314845705562,3,20.0,0.5173331031717187,1,18.0,0.47997446423623585,0,2.0,0.8811981609973252,7,103.0
880.0,-0.25,704,1,0.0014204545454545455,701,0.9957386363636364,27,0,1,321,348,0,5.0,0.18518518518518517,7.820109111327851,1,27.0,0.3537788141473028,0,18.0,0.30181778478048965,0,2.0,0.7871447986386256,0,2.0,0.9065159744613862,1,49.0
885.0,-1.75,708,1,0.0014124293785310734,705,0.9957627118644068,26,0,7,322,348,0,16.0,0.6153846153846154,6.489665991628333,2,29.0,0.07878445946140179,3,11.0,0.005328973604575384,1,4.0,0.7171104211898477,1,5.0,0.6312373190135334,7,49.0
890.0,-2.0,712,1,0.0014044943820224719,709,0.9957865168539326,23,0,8,326,349,0,33.0,1.434782608695652,5.213729726321163,4,41.0,0.200108130020019,1,17.0,0.4060545513655405,3,12.0,0.08794718354644838,0,2.0,0.8591820550844361,8,72.0
895.0,-1.75,716,1,0.0013966480446927375,713,0.9958100558659218,24,0,7,327,351,0,43.0,1.7916666666666667,6.110595520169323,1,36.0,0.3166456699967881,0,6.0,0.7732958316241312,6,38.0,0.1308662841664732,0,2.0,0.24796883716524273,7,82.0
900.0,-1.5,720,1,0.001388888888888889,717,0.9958333333333333,26,0,6,327,353,0,50.0,1.9230769230769231,8.465499062064382,0,7.0,0.5966375372287696,0,0.0,0.8725847062867406,3,54.0,0.5041140550443034,3,13.0,4.9992150613465816e-05,6,74.0
905.0,-1.0,724,1,0.0013812154696132596,721,0.9958563535911602,25,0,4,329,354,0,57.0,2.28,7.6187547088859695,1,3.0,0.49350448379919565,0,0.0,0.23290792918782668,3,56.0,0.44560854965822944,0,13.0,0.14429685273706835,4,72.0
910.0,-1.25,728,1,0.0013736263736263737,725,0.9958791208791209,23,0,5,332,355,0,21.0,0.9130434782608695,7.476282039762967,0,0.0,0.9380717224027718,3,13.0,0.23169925007261225,2,47.0,0.25716261325222634,0,0.0,1.0,5,60.0
915.0,-0.75,732,1,0.001366120218579235,729,0.9959016393442623,20,0,3,336,356,0,17.0,0.85,7.7673436558525335,0,0.0,0.021320696408657736,1,18.0,0.5819881084318157,2,16.0,0.15324681339934712,0,2.0,0.8707026596859831,3,36.0
920.0,-1.0,736,1,0.001358695652173913,733,0.9959239130434783,19,0,4,339,358,0,23.0,1.2105263157894737,8.352029467081088,1,4.0,0.6614179410659341,1,17.0,0.499031420055776,2,22.0,0.07859934746433744,0,4.0,0.8804827537958998,4,47.0
925.0,-0.75,740,1,0.0013513513513513514,737,0.995945945945946,18,0,3,341,359,0,23.0,1.2777777777777777,7.817250926567029,1,9.0,0.6787425524922287,0,2.0,0.23529137831800043,2,23.0,8.640851024978783e-06,0,4.0,0.5850690195375539,3,38.0
930.0,-1.0,744,1,0.0013440860215053765,741,0.9959677419354839,20,0,4,341,361,0,11.0,0.55,8.464968209821993,1,2.0,0.536026106630755,0,0.0,0.9361835543765273,0,13.0,0.15934368540314367,3,12.0,0.20089164967481749,4,27.0
935.0,-0.25,748,1,0.001336898395721925,745,0.9959893048128342,19,0,1,343,362,0,6.0,0.3157894736842105,10.260671284774668,1,6.0,0.6336111877143004,0,0.0,0.927810521279089,0,2.0,0.9514374007983593,0,14.0,0.4196810736190317,1,22.0
940.0,-0.25,752,1,0.0013297872340425532,749,0.9960106382978723,17,0,1,348,365,0,5.0,0.29411764705882354,11.278026436258727,0,0.0,0.8532813435138606,0,0.0,0.7478037913330029,0,2.0,0.9443220553653416,1,7.0,0.5854183280804895,1,9.0
945.0,-1.0,756,1,0.0013227513227513227,753,0.996031746031746,17,0,4,349,366,0,8.0,0.47058823529411764,7.734855933302095,1,3.0,0.6404897849459364,1,5.0,0.7359987673128667,1,3.0,0.12287659620643689,1,3.0,0.009086006636528941,4,14.0
950.0,-0.75,760,1,0.0013157894736842105,757,0.9960526315789474,15,0,3,351,366,0,18.0,1.2,6.223610469794734,0,0.0,0.359195153528148,1,10.0,0.5560340989289877,0,5.0,0.1286482592117253,2,12.0,8.094373404129862e-06,3,27.0
955.0,-0.25,764,1,0.0013089005235602095,761,0.9960732984293194,19,0,1,352,371,0,4.0,0.21052631578947367,7.801468624646241,1,4.0,0.5791587876137688,0,7.0,0.3567971032609956,0,2.0,0.8681158088335644,0,7.0,0.21526771867589534,1,20.0
960.0,-0.5,768,1,0.0013020833333333333,765,0.99609375,19,0,2,353,372,0,8.0,0.42105263157894735,10.581651317425912,0,0.0,0.8958251514702437,2,10.0,0.4555157415588425,0,2.0,0.9344927694097488,0,2.0,0.9314759844414237,2,14.0
965.0,-0.25,772,1,0.0012953367875647669,769,0.9961139896373057,18,0,1,355,373,0,2.0,0.1111111111111111,10.411177287232485,0,0.0,0.9384236426432517,1,10.0,0.5274712713352993,0,0.0,0.6751492591670876,0,2.0,0.9437653051153475,1,12.0
970.0,-1.0,776,1,0.001288659793814433,773,0.9961340206185567,16,0,4,358,374,0,14.0,0.875,7.493151472040777,0,0.0,0.9705475345448228,2,11.0,0.5701533666440122,1,4.0,0.3885262899741391,1,3.0,0.18043817834209908,4,18.0
975.0,-0.25,780,1,0.001282051282051282,777,0.9961538461538462,18,0,1,358,376,0,1.0,0.05555555555555555,8.228588554241641,0,0.0,0.9028803613554512,1,8.0,0.5017664786448465,0,2.0,0.5855446380957274,0,0.0,0.2138657015810211,1,10.0
980.0,-0.75,784,1,0.0012755102040816326,781,0.9961734693877551,15,0,3,362,377,0,10.0,0.6666666666666666,10.008724531722219,0,0.0,0.9285435746748216,3,12.0,0.3706182861294906,0,0.0,1.0,0,4.0,0.9614105691562013,3,16.0
985.0,-0.25,788,1,0.0012690355329949238,785,0.9961928934010152,18,0,1,362,380,0,1.0,0.05555555555555555,9.410841804258963,0,0.0,0.5729027297570635,1,12.0,0.42533566799207917,0,0.0,0.9218627198829171,0,4.0,0.9244413774881522,1,16.0
990.0,-0.5,792,1,0.0012626262626262627,789,0.9962121212121212,20,0,2,364,384,0,6.0,0.3,8.705924897810664,2,6.0,0.48319829840786344,0,1.0,0.5569167376983362,0,0.0,0.9622112019440104,0,2.0,0.3964227105646102,2,9.0
995.0,-1.0,796,1,0.001256281407035176,793,0.9962311557788944,19,0,4,365,384,0,16.0,0.8421052631578947,7.465194895086637,0,5.0,0.18846310761555826,1,5.0,0.5220233331159178,0,0.0,0.9217691384985085,3,13.0,0.24415175698732977,4,23.0
1000.0,-0.25,800,1,0.00125,797,0.99625,19,0,1,368,387,0,5.0,0.2631578947368421,9.061189452216786,1,5.0,0.5000312467404826,0,0.0,0.5837144403949263,0,2.0,0.8654018363053055,0,13.0,0.410010311130959,1,20.0
1005.0,-0.25,804,1,0.0012437810945273632,801,0.996268656716418,21,0,1,370,391,0,2.0,0.09523809523809523,10.491660947664514,0,0.0,0.8593794324190416,0,0.0,0.8838282827379059,1,4.0,0.5059084044058136,0,2.0,0.7822566467932422,1,6.0
1010.0,-0.25,808,1,0.0012376237623762376,805,0.9962871287128713,23,0,1,371,394,0,2.0,0.08695652173913043,10.625711819307645,0,0.0,0.9547160320705321,0,2.0,0.9066881761407526,1,7.0,0.28136702132830116,0,2.0,0.8638631840961082,1,11.0
1015.0,-1.0,812,1,0.0012315270935960591,809,0.9963054187192119,23,0,4,373,396,0,13.0,0.5652173913043478,9.124138473724816,0,0.0,0.3339881110778749,0,2.0,0.9736229826894031,3,14.0,0.39203007729655387,1,5.0,0.691644329676816,4,21.0
1020.0,-0.5,816,1,0.0012254901960784314,813,0.9963235294117647,24,0,2,375,399,0,8.0,0.3333333333333333,7.147867820410608,2,8.0,0.46885526054641546,0,2.0,0.4341394811867407,0,12.0,0.5471578238664108,0,3.0,0.600493310030353,2,25.0
1025.0,-1.25,820,1,0.0012195121951219512,817,0.9963414634146341,26,0,5,375,401,0,13.0,0.5,6.686460515378522,0,8.0,0.6219265777425924,4,14.0,0.0016634695878867784,1,1.0,0.6421139261490376,0,2.0,0.309944026268299,5,25.0
1030.0,-1.25,824,1,0.0012135922330097086,821,0.9963592233009708,27,0,5,375,402,0,24.0,0.8888888888888888,8.724639483705518,0,0.0,0.6872690556314449,2,24.0,0.506885333824633,0,0.0,0.7771261323684966,3,10.0,0.2402128906585427,5,34.0
1035.0,-1.25,828,1,0.0012077294685990338,825,0.9963768115942029,25,0,5,378,403,0,32.0,1.28,8.640441509208555,2,5.0,0.023922613809796312,2,30.0,0.5596833199973018,0,0.0,0.934550534929597,1,15.0,0.5742651951374468,5,50.0
1040.0,-1.25,832,1,0.001201923076923077,829,0.9963942307692307,25,0,5,382,407,0,25.0,1.0,8.140266921508386,3,18.0,0.34138711556753787,1,18.0,0.13376114666507896,0,0.0,0.9878232080856428,1,10.0,0.7443366402527195,5,46.0
1045.0,-0.5,836,1,0.0011961722488038277,833,0.9964114832535885,25,0,2,384,409,0,5.0,0.2,8.22116127656431,0,16.0,0.6614281991822186,1,5.0,0.3657701485110059,0,0.0,0.9069428396732573,1,6.0,0.3269922858947503,2,27.0
1050.0,-1.25,840,1,0.0011904761904761906,837,0.9964285714285714,27,0,5,385,412,0,17.0,0.6296296296296297,9.47142071996051,0,0.0,0.824261705070049,1,3.0,0.7439728659573176,1,3.0,0.4605653210345823,3,15.0,0.004156713511096041,5,21.0
1055.0,-1.25,844,1,0.001184834123222749,841,0.9964454976303317,25,0,5,389,414,0,22.0,0.88,9.067777766491444,1,1.0,0.6295962191555383,1,8.0,0.7885411645181613,2,10.0,0.00034017139545547854,1,21.0,0.29338287445360317,5,40.0
1060.0,-0.75,848,1,0.0011792452830188679,845,0.9964622641509434,20,0,3,394,414,0,11.0,0.55,5.933109328705553,3,11.0,0.20926518586608736,0,3.0,0.3741151188391087,0,5.0,0.27884952011258024,0,7.0,0.5250807972353685,3,26.0
1065.0,-1.25,852,1,0.0011737089201877935,849,0.9964788732394366,23,0,5,394,417,0,23.0,1.0,7.612945344363737,3,26.0,0.30056648910977574,1,4.0,0.2861137421478863,0,0.0,0.9428662421658414,1,6.0,0.6431927225346443,5,36.0
1070.0,-0.5,856,1,0.0011682242990654205,853,0.9964953271028038,24,0,2,396,420,0,25.0,1.0416666666666667,9.658750920650721,2,27.0,0.5498417509564967,0,2.0,0.4024004066730477,0,2.0,0.9107834183261874,0,2.0,0.8120499178210645,2,33.0
1075.0,-0.75,860,1,0.0011627906976744186,857,0.9965116279069768,23,0,3,400,423,0,10.0,0.43478260869565216,9.27108873139197,1,17.0,0.4544295280282218,1,5.0,0.6381137560563013,0,2.0,0.9287399210048571,1,7.0,0.5436682201863368,3,31.0
1080.0,-0.5,864,1,0.0011574074074074073,861,0.9965277777777778,23,0,2,402,425,0,10.0,0.43478260869565216,8.286402961468022,2,12.0,0.4761987246165147,0,2.0,0.8800027586370113,0,2.0,0.3058333731397023,0,4.0,0.7383524494111388,2,20.0
1085.0,-1.75,868,1,0.001152073732718894,865,0.9965437788018433,24,0,7,403,427,0,23.0,0.9583333333333334,7.096951333596432,1,9.0,0.4793414528950794,1,4.0,0.7598261351221712,4,18.0,0.13030379808627449,1,4.0,0.2593404014452796,7,35.0
1090.0,-1.25,872,1,0.0011467889908256881,869,0.9965596330275229,25,0,5,403,428,0,25.0,1.0,6.736238295398209,3,13.0,0.3176762731047103,0,0.0,0.6691475362241625,2,27.0,0.3691869605900658,0,3.0,0.0967858187456051,5,43.0
1095.0,-1.5,876,1,0.001141552511415525,873,0.9965753424657534,25,0,6,405,430,0,34.0,1.36,8.04828447145923,2,18.0,0.258489065306439,2,6.0,0.36614028717907204,2,24.0,0.44044082934325246,0,2.0,0.9266749546943875,6,50.0
1100.0,-0.5,880,1,0.0011363636363636363,877,0.9965909090909091,26,0,2,408,434,0,8.0,0.3076923076923077,9.714174893369462,1,11.0,0.6008342046270505,0,6.0,0.759758011059923,1,14.0,0.1960343085643406,0,2.0,0.9559353741411318,2,33.0
1105.0,-0.75,884,1,0.0011312217194570137,881,0.996606334841629,23,0,3,412,435,0,14.0,0.6086956521739131,10.56180401282237,1,10.0,0.6695201666321798,0,2.0,0.868768453370073,2,13.0,0.33003165233114556,0,2.0,0.9519503766690693,3,27.0
1110.0,-0.75,888,1,0.0011261261261261261,885,0.9966216216216216,23,0,3,414,437,0,10.0,0.43478260869565216,8.845624050649274,2,14.0,0.22564507932471156,1,1.0,0.4694203754424957,0,9.0,0.6899570237433206,0,2.0,0.9715863864523613,3,26.0
1115.0,-0.5,892,1,0.0011210762331838565,889,0.9966367713004485,21,0,2,417,438,0,4.0,0.19047619047619047,8.517938553211236,1,8.0,0.325236076254038,0,2.0,0.7038270444984577,1,4.0,0.7065568658951593,0,2.0,0.15678760129010666,2,16.0
1120.0,-0.5,896,1,0.0011160714285714285,893,0.9966517857142857,19,0,2,420,439,0,8.0,0.42105263157894735,8.648613447572512,0,2.0,0.5845704309331496,0,2.0,0.8994549295355733,0,2.0,0.3685838203008952,2,12.0,0.5314679749060132,2,18.0
1125.0,-0.75,900,1,0.0011111111111111111,897,0.9966666666666667,19,0,3,422,441,0,9.0,0.47368421052631576,9.600474924303697,0,0.0,1.0,0,2.0,0.8644634528368257,3,11.0,0.23570622526782187,0,10.0,0.8142987409682866,3,23.0
1130.0,-0.5,904,1,0.0011061946902654867,901,0.9966814159292036,20,0,2,423,443,0,3.0,0.15,8.040348228291247,0,0.0,0.9806408186326674,1,4.0,0.5344558827280008,0,11.0,0.504062264022136,1,5.0,0.5013765778929713,2,20.0
1135.0,-1.5,908,1,0.0011013215859030838,905,0.9966960352422908,24,0,6,423,447,0,18.0,0.75,6.758007731913622,0,0.0,0.9224745441848309,5,18.0,0.22282105391646015,1,2.0,0.6766174252755721,0,3.0,0.09972021025336732,6,23.0
1140.0,-1.75,912,1,0.0010964912280701754,909,0.9967105263157895,22,0,7,425,447,0,50.0,2.272727272727273,6.681087911342235,0,0.0,0.0557136083339944,7,52.0,0.21178343364947755,0,0.0,0.634287325689363,0,0.0,0.47978799371795755,7,52.0
1145.0,-1.5,916,1,0.001091703056768559,913,0.9967248908296943,24,0,6,428,452,0,47.0,1.9583333333333333,7.702991896076871,1,4.0,0.5748645118228428,5,67.0,0.2853636953784014,0,0.0,0.6678367883260741,0,2.0,0.8575716720005325,6,73.0
1150.0,-1.25,920,1,0.0010869565217391304,917,0.9967391304347826,21,0,5,431,452,0,50.0,2.380952380952381,8.562811195143345,1,9.0,0.6817877210057577,4,62.0,0.26086581040727025,0,0.0,1.0,0,2.0,0.8804618965387345,5,73.0
1155.0,-1.0,924,1,0.0010822510822510823,921,0.9967532467532467,21,0,4,433,454,0,13.0,0.6190476190476191,5.693312248930745,1,1.0,0.3060852722581626,3,51.0,0.05007034041136415,0,0.0,1.0,0,2.0,0.32035648706733727,4,54.0
1160.0,-1.5,928,1,0.0010775862068965517,925,0.9967672413793104,19,0,6,435,454,0,27.0,1.4210526315789473,6.071780597700305,3,15.0,0.239912800622002,1,32.0,0.39388878982005915,0,0.0,0.9318161815268222,2,11.0,0.28797987913881173,6,58.0
1165.0,-0.5,932,1,0.001072961373390558,929,0.9967811158798283,20,0,2,437,457,0,6.0,0.3,6.03822331383025,0,16.0,0.47788431573533635,1,19.0,0.20194648270579213,0,0.0,0.2886951343293577,1,16.0,0.5392283577001913,2,51.0
1170.0,-1.5,936,1,0.0010683760683760685,933,0.9967948717948718,21,0,6,437,458,0,24.0,1.1428571428571428,7.439285871978275,1,5.0,0.6575687654640167,3,31.0,0.22536735547097284,1,4.0,0.597922112224626,1,3.0,0.11871543404660527,6,43.0
1175.0,-0.25,940,1,0.0010638297872340426,937,0.9968085106382979,22,0,1,437,459,0,1.0,0.045454545454545456,8.250984877662964,1,1.0,0.27363789039253505,0,23.0,0.3698317686860552,0,2.0,0.9279352977308026,0,2.0,0.1760515669300576,1,28.0
1180.0,-0.75,944,1,0.001059322033898305,941,0.996822033898305,18,0,3,441,459,0,12.0,0.6666666666666666,9.02107376692523,2,10.0,0.0,0,2.0,0.9177219963859705,1,4.0,0.3350472533490324,0,4.0,0.8990926672136977,3,20.0
1185.0,0.0,948,1,0.0010548523206751054,945,0.9968354430379747,18,0,0,443,461,0,0.0,0.0,9.671490952332015,0,7.0,0.5739042302255187,0,2.0,0.9757853477512614,0,4.0,0.22388216708220843,0,4.0,0.8302859684101527,0,17.0
1190.0,-0.5,952,1,0.0010504201680672268,949,0.9968487394957983,17,0,2,445,462,0,5.0,0.29411764705882354,9.23855211387159,0,0.0,0.9721572215328631,1,3.0,0.35943129522689493,1,6.0,0.5252010173985004,0,2.0,0.5205065106559357,2,11.0
1195.0,-0.5,956,1,0.0010460251046025104,953,0.9968619246861925,16,0,2,446,462,0,6.0,0.375,9.025428323328262,1,1.0,0.4832322736677006,0,2.0,0.4337444205259202,0,2.0,0.8124792662553761,1,7.0,0.49337256420778,2,12.0
1200.0,-1.0,960,1,0.0010416666666666667,957,0.996875,15,0,4,449,464,0,11.0,0.7333333333333333,8.288350579404003,1,6.0,0.6458703041433067,1,2.0,0.47243129837207887,1,3.0,0.0868776152476404,1,4.0,0.4702404793000462,4,15.0
1205.0,-0.5,964,1,0.001037344398340249,961,0.9968879668049793,15,0,2,451,466,0,18.0,1.2,9.259095620611943,1,11.0,0.43564360354155895,0,0.0,0.9498863108316576,0,0.0,0.2151189166587358,1,9.0,0.49154986844248655,2,20.0
1210.0,-0.25,968,1,0.0010330578512396695,965,0.996900826446281,15,0,1,454,469,0,1.0,0.06666666666666667,10.242700183018375,0,3.0,0.56461010641678,0,0.0,0.9785070852296318,0,0.0,1.0,1,5.0,0.6154202171165936,1,8.0
1215.0,-0.25,972,1,0.00102880658436214,969,0.9969135802469136,18,0,1,455,473,0,6.0,0.3333333333333333,11.965049853199607,0,0.0,0.9220378790974874,0,0.0,0.9673057254965651,0,2.0,0.9491017951429231,1,10.0,0.6801323549086452,1,12.0
1220.0,-0.25,976,1,0.0010245901639344263,973,0.9969262295081968,19,0,1,457,476,0,1.0,0.05263157894736842,10.482980916062743,1,1.0,0.6393652750211084,0,0.0,0.9453441152474295,0,2.0,0.9285577996205664,0,0.0,0.41763869243947616,1,3.0
1225.0,-0.5,980,1,0.0010204081632653062,977,0.996938775510204,19,0,2,457,476,0,7.0,0.3684210526315789,8.990201730886568,0,0.0,0.8705510422847123,0,0.0,1.0,0,2.0,0.5875794467087545,2,7.0,0.5025366725696838,2,9.0
1230.0,-1.25,984,1,0.0010162601626016261,981,0.9969512195121951,19,0,5,459,478,0,11.0,0.5789473684210527,6.217570102590978,0,0.0,0.5209121686244271,0,2.0,0.9510110306819635,5,13.0,0.24522064187315823,0,7.0,0.4832620568591066,5,22.0
1235.0,-1.25,988,1,0.0010121457489878543,985,0.9969635627530364,19,0,5,460,479,0,22.0,1.1578947368421053,6.690278175042397,1,5.0,0.6296930647974355,0,2.0,0.9149803301943134,4,27.0,0.17952220589624998,0,0.0,0.378932088351025,5,34.0
1240.0,-1.0,992,1,0.0010080645161290322,989,0.9969758064516129,21,0,4,460,481,0,39.0,1.8571428571428572,8.550746985381974,1,10.0,0.6576930557169769,0,2.0,0.1183856677561169,3,32.0,0.2011966733776732,0,0.0,1.0,4,44.0
1245.0,-1.25,996,1,0.001004016064257028,993,0.9969879518072289,20,0,5,463,483,0,17.0,0.85,7.542059504995097,1,3.0,0.6605560439996048,2,10.0,0.00013677133095286773,2,33.0,0.07938675470980466,0,0.0,1.0,5,46.0
1250.0,-0.5,1000,1,0.001,997,0.997,24,0,2,466,490,0,16.0,0.6666666666666666,10.49341058678069,1,8.0,0.7629417545121114,0,6.0,0.6857863600700985,1,16.0,0.7573302410047702,0,2.0,0.8842065734123079,2,32.0
1255.0,-0.75,1004,1,0.00099601593625498,1001,0.9970119521912351,24,0,3,469,493,0,18.0,0.75,10.253067912866106,2,14.0,0.5281448460997752,0,0.0,0.9014150469336708,1,9.0,0.7742466474242335,0,2.0,0.9244027009482821,3,25.0
1260.0,-1.75,1008,1,0.000992063492063492,1005,0.9970238095238095,25,0,7,469,494,0,41.0,1.64,6.854115425505557,4,30.0,0.29481601691593223,0,0.0,0.5493997193392809,2,13.0,0.45854204727182357,1,3.0,0.34724459693761595,7,46.0
1265.0,-1.75,1012,1,0.0009881422924901185,1009,0.9970355731225297,24,0,7,471,495,0,19.0,0.7916666666666666,4.228327512535737,4,29.0,0.17909906509096624,2,7.0,0.2264878093881194,1,5.0,0.058959551171562596,0,0.0,0.1660145645222687,7,41.0
1270.0,-1.0,1016,1,0.000984251968503937,1013,0.9970472440944882,24,0,4,472,496,0,20.0,0.8333333333333334,7.740555733152533,2,22.0,0.36914057045973364,1,13.0,0.44495332413063265,1,6.0,0.21398751201183122,0,2.0,0.8665187498725824,4,43.0
1275.0,-0.75,1020,1,0.000980392156862745,1017,0.9970588235294118,23,0,3,475,498,0,6.0,0.2608695652173913,8.666676784501405,2,23.0,0.3790409798644537,0,3.0,0.7686461190684496,1,2.0,0.0021078373372359384,0,4.0,0.8823973689929113,3,32.0
1280.0,-1.0,1024,1,0.0009765625,1021,0.9970703125,21,0,4,477,498,0,22.0,1.0476190476190477,9.068256317671905,2,23.0,0.4579269548277335,1,3.0,0.29412842461593486,1,9.0,0.5881423070806632,0,2.0,0.8590192346398942,4,37.0
1285.0,-0.25,1028,1,0.0009727626459143969,1025,0.9970817120622568,21,0,1,478,499,0,3.0,0.14285714285714285,7.135830083983809,1,15.0,0.14289119263802236,0,0.0,0.20048635194764378,0,2.0,0.9265200288776019,0,2.0,0.2416704659564723,1,19.0
1290.0,-1.75,1032,1,0.0009689922480620155,1029,0.997093023255814,22,0,7,479,501,0,30.0,1.3636363636363635,6.7073953300786195,3,16.0,0.0002441956936242654,0,2.0,0.9847928310968193,0,2.0,0.4627584316435369,4,18.0,0.19360402759111145,7,38.0
1295.0,-1.0,1036,1,0.0009652509652509653,1033,0.997104247104247,24,0,4,481,505,0,16.0,0.6666666666666666,8.00257158239611,0,15.0,0.626915232529462,0,2.0,0.8585995743541602,3,12.0,0.34778599257163745,1,23.0,0.4489155163576005,4,52.0
1300.0,-0.5,1040,1,0.0009615384615384616,1037,0.9971153846153846,24,0,2,484,508,0,3.0,0.125,8.968016797065125,0,0.0,0.9607009430312361,1,4.0,0.6286096353003919,0,14.0,0.45073958250255003,1,9.0,0.3863879966957011,2,27.0
1305.0,-1.0,1044,1,0.0009578544061302681,1041,0.9971264367816092,28,0,4,485,513,0,10.0,0.35714285714285715,8.545714747364553,1,1.0,0.6073871922661443,0,0.0,0.6438748466130214,2,8.0,0.5651662599338432,1,10.0,0.10875026776803011,4,19.0
1310.0,-1.75,1048,1,0.0009541984732824427,1045,0.9971374045801527,28,0,7,487,515,0,31.0,1.1071428571428572,7.542783378445478,4,16.0,0.4042238458453349,1,5.0,0.49129020956827496,1,9.0,0.3335956953996134,1,14.0,0.0,7,44.0
1315.0,-1.75,1052,1,0.0009505703422053232,1049,0.997148288973384,27,0,7,490,517,0,38.0,1.4074074074074074,6.771489019280495,4,30.0,0.36798858301851883,0,3.0,0.1688428647594651,3,14.0,0.23491193737661706,0,2.0,0.872138771609293,7,49.0
1320.0,-1.5,1056,1,0.000946969696969697,1053,0.9971590909090909,24,0,6,494,518,0,51.0,2.125,7.386708337578973,6,51.0,0.32296431626450806,0,0.0,0.5547089834727514,0,14.0,0.4358332024178536,0,4.0,0.8667172455261336,6,69.0
1325.0,-1.25,1060,1,0.0009433962264150943,1057,0.9971698113207547,26,0,5,495,521,0,32.0,1.2307692307692308,7.673127102842893,3,57.0,0.22891304417064026,0,0.0,1.0,1,7.0,0.7371338934899897,1,5.0,0.6125488671933835,5,69.0
1330.0,-1.0,1064,1,0.0009398496240601503,1061,0.9971804511278195,27,0,4,496,523,0,19.0,0.7037037037037037,6.560485159735557,2,37.0,0.3030775343624828,0,2.0,0.9178422419878056,2,13.0,0.3258355901096047,0,4.0,0.2678515413365913,4,56.0
1335.0,-2.25,1068,1,0.0009363295880149813,1065,0.9971910112359551,26,0,9,498,524,0,38.0,1.4615384615384615,5.548141883892393,2,39.0,0.3205551085481882,0,2.0,0.9362000858239249,4,27.0,0.022152265121039048,3,11.0,0.0035539111882142444,9,79.0
1340.0,-2.25,1072,1,0.0009328358208955224,1069,0.9972014925373134,26,0,9,499,525,0,53.0,2.0384615384615383,4.620821474921869,4,49.0,0.2760873692974624,2,5.0,0.087178085196851,2,38.0,0.33826374210238613,1,16.0,0.1195728491857337,9,108.0
1345.0,-2.25,1076,1,0.0009293680297397769,1073,0.9972118959107806,26,0,9,501,527,0,70.0,2.6923076923076925,6.465620439621962,2,47.0,0.27447840837126886,5,26.0,0.16625182445306022,2,37.0,0.5463667720714757,0,0.0,1.0,9,110.0
1350.0,-1.0,1080,1,0.000925925925925926,1076,0.9962962962962963,27,0,4,501,528,0,31.0,1.1481481481481481,8.022879657038004,1,17.0,0.3202046730628559,3,40.0,0.5449415332366679,0,13.0,0.31678787423668464,0,0.0,1.0,4,70.0
1355.0,-1.5,1084,1,0.0009225092250922509,1080,0.996309963099631,25,0,6,505,530,0,57.0,2.28,7.981619496922914,2,17.0,0.10515602000912254,3,48.0,0.5801030002150908,1,4.0,0.005373642559051537,0,4.0,0.9275807281103055,6,73.0
1360.0,-1.5,1088,1,0.0009191176470588235,1084,0.9963235294117647,24,0,6,509,533,0,33.0,1.375,6.365776354810019,4,35.0,0.4107126713348806,2,42.0,0.31938412824623996,0,3.0,0.18800194719287078,0,4.0,0.9204205050284683,6,84.0
1365.0,-0.75,1092,1,0.0009157509157509158,1088,0.9963369963369964,25,0,3,509,534,0,22.0,0.88,7.417905859755783,1,34.0,0.5735534860596042,1,16.0,0.20012598498246267,0,0.0,1.0,1,3.0,0.362959097596222,3,53.0
1370.0,-1.0,1096,1,0.0009124087591240876,1092,0.9963503649635036,27,0,4,509,536,0,28.0,1.037037037037037,7.731144419570016,1,22.0,0.5382545163542096,2,25.0,0.3558952233878345,0,0.0,0.9865183794599941,1,2.0,0.10095433030848057,4,49.0
1375.0,-2.0,1100,1,0.0009090909090909091,1096,0.9963636363636363,25,0,8,514,539,0,60.0,2.4,7.427091804732979,3,33.0,0.1925110647991534,4,35.0,0.41711062556927664,0,0.0,0.8115103712537439,1,8.0,0.6318589472928411,8,76.0
1380.0,-2.0,1104,1,0.0009057971014492754,1100,0.9963768115942029,26,0,8,516,542,0,66.0,2.5384615384615383,6.056092101451434,4,52.0,0.18258793358615577,4,39.0,0.25759848130558216,0,0.0,0.6645106537591203,0,2.0,0.7888759951308266,8,93.0
1385.0,-1.5,1108,1,0.0009025270758122744,1104,0.9963898916967509,25,0,6,518,543,0,81.0,3.24,7.222823859307757,5,77.0,0.16276814398519104,0,26.0,0.4747081194743961,1,4.0,0.5332091772155481,0,0.0,0.6905658043032719,6,107.0
1390.0,-0.75,1112,1,0.0008992805755395684,1108,0.9964028776978417,26,0,3,518,544,0,26.0,1.0,7.647454008117811,2,57.0,0.08923420731553486,1,9.0,0.476667646094125,0,2.0,0.35699238521127963,0,0.0,1.0,3,68.0
1395.0,-0.5,1116,1,0.0008960573476702509,1112,0.996415770609319,25,0,2,522,547,0,23.0,0.92,8.8893548534903,2,33.0,0.5550366149720571,0,8.0,0.1319885843506827,0,2.0,0.8449491609335718,0,2.0,0.8569573999537338,2,45.0
1400.0,-0.5,1120,1,0.0008928571428571428,1116,0.9964285714285714,22,0,2,526,548,0,9.0,0.4090909090909091,9.997324377821789,0,7.0,0.6496087772806484,2,16.0,0.00016064137794839396,0,2.0,0.8611268907036195,0,4.0,0.844958919594761,2,29.0
1405.0,-0.75,1124,1,0.0008896797153024911,1120,0.99644128113879,22,0,3,528,550,0,6.0,0.2727272727272727,8.456236681616083,1,2.0,0.6290683589413861,0,12.0,0.7284192233071771,1,5.0,0.38880872883301615,1,5.0,0.6733487979142325,3,24.0
1410.0,-0.5,1128,1,0.0008865248226950354,1124,0.9964539007092199,25,0,2,528,553,0,3.0,0.12,6.8436457151574555,1,2.0,0.6738918227645512,0,2.0,0.8909079682049328,0,3.0,0.22492761668954114,1,5.0,0.13953594153944165,2,12.0
1415.0,-1.25,1132,1,0.0008833922261484099,1128,0.9964664310954063,27,0,5,528,555,0,23.0,0.8518518518518519,8.4292052306329,1,7.0,0.5650669129228038,0,2.0,0.3801030206656695,1,6.0,0.7338724211181463,3,14.0,0.10832225801916427,5,29.0
1420.0,-1.5,1136,1,0.0008802816901408451,1132,0.9964788732394366,29,0,6,530,559,0,18.0,0.6206896551724138,7.908518206421162,0,0.0,0.686140522663328,5,18.0,0.0015970607597525597,0,2.0,0.8188870552509572,1,15.0,0.13492483158843693,6,35.0
1425.0,-1.5,1140,1,0.0008771929824561404,1135,0.9956140350877193,27,0,6,533,560,0,37.0,1.3703703703703705,8.47455521879406,1,4.0,0.7058575341591349,3,33.0,0.34191280685903797,1,3.0,0.47899612315901574,1,9.0,0.5837796029636325,6,49.0
1430.0,-1.25,1144,1,0.0008741258741258741,1139,0.9956293706293706,23,0,5,538,561,0,51.0,2.217391304347826,7.101776816180672,2,11.0,0.33267276842571913,3,44.0,0.2612703629993304,0,3.0,0.22797262685052233,0,4.0,0.9085221803072173,5,62.0
1435.0,-1.75,1148,1,0.0008710801393728223,1143,0.9956445993031359,24,0,7,540,564,0,35.0,1.4583333333333333,7.360350658667616,5,31.0,0.3542140327104532,1,35.0,0.08318302123663301,1,3.0,0.4815930074932832,0,2.0,0.9251244699429249,7,71.0
1440.0,-0.5,1152,1,0.0008680555555555555,1147,0.9956597222222222,26,0,2,541,567,0,15.0,0.5769230769230769,9.052274234605633,2,34.0,0.4452362998121683,0,4.0,0.7368241668717281,0,0.0,0.7713025894833457,0,2.0,0.07650658657567377,2,40.0
1445.0,-1.0,1156,1,0.0008650519031141869,1151,0.995674740484429,23,0,4,545,568,0,25.0,1.0869565217391304,9.53960468587022,2,16.0,0.33842493249614264,0,0.0,0.9603345326720815,0,2.0,0.808602391037851,2,13.0,0.4275656924387372,4,31.0
1450.0,0.0,1160,1,0.0008620689655172414,1155,0.9956896551724138,19,0,0,549,568,0,0.0,0.0,8.223797620964763,0,7.0,0.07404659241411313,0,0.0,0.5584144305100996,0,2.0,0.8925791758741023,0,9.0,0.6754227295839117,0,18.0
1455.0,-1.5,1164,1,0.000859106529209622,1159,0.9957044673539519,19,0,6,552,571,0,17.0,0.8947368421052632,5.995983797677529,2,9.0,0.32092357576092284,2,8.0,0.4779169398068678,1,3.0,0.3822736736245731,1,3.0,0.015567240231312585,6,23.0
1460.0,-0.25,1168,1,0.0008561643835616438,1163,0.9957191780821918,20,0,1,552,572,0,1.0,0.05,7.60124195291578,0,7.0,0.5934610369232927,0,10.0,0.6813549107776321,1,3.0,0.2471222881339884,0,2.0,0.2299508752369713,1,22.0
1465.0,-0.25,1172,1,0.0008532423208191126,1167,0.9957337883959044,21,0,1,554,575,0,1.0,0.047619047619047616,9.41855067948372,0,0.0,0.6549464251485139,0,2.0,0.45117697492556097,1,4.0,0.5878331070964441,0,2.0,0.8910891494626975,1,8.0
1470.0,-1.25,1176,1,0.0008503401360544217,1171,0.9957482993197279,25,0,5,554,579,0,16.0,0.64,10.009017825234206,1,5.0,0.8004555536370108,3,11.0,0.3728869532347923,1,5.0,0.5886808349742635,0,2.0,0.9330132542421423,5,23.0
1475.0,-1.25,1180,1,0.000847457627118644,1175,0.9957627118644068,24,0,5,558,582,0,23.0,0.9583333333333334,6.750335982027913,1,10.0,0.5575456778741994,1,14.0,0.5142746000207145,2,11.0,0.04377315880382168,1,6.0,0.4849359035416594,5,41.0
1480.0,-1.0,1184,1,0.0008445945945945946,1179,0.995777027027027,26,0,4,559,585,0,31.0,1.1923076923076923,5.4023428460033465,3,23.0,0.3149994789920074,1,8.0,0.3196610306722247,0,9.0,0.40853887022969526,0,6.0,0.20950381609966068,4,46.0
1485.0,-1.25,1188,1,0.0008417508417508417,1183,0.9957912457912458,27,0,5,559,586,0,19.0,0.7037037037037037,7.372945745373964,4,29.0,0.2622656308378299,0,5.0,0.32628982352418556,0,0.0,0.8775946444439832,1,4.0,0.35762061769795067,5,38.0
1490.0,-1.0,1192,1,0.0008389261744966443,1187,0.9958053691275168,27,0,4,561,588,0,33.0,1.2222222222222223,8.904181625787098,3,32.0,0.3253776279468228,0,2.0,0.809816422344061,1,2.0,0.0029097251589724937,0,2.0,0.6380849247732434,4,38.0
1495.0,-1.0,1196,1,0.0008361204013377926,1191,0.995819397993311,26,0,4,565,591,0,21.0,0.8076923076923077,9.918732764697781,2,34.0,0.5106780243633596,0,2.0,0.9508930060999701,1,7.0,0.5,1,7.0,0.7225883536167595,4,50.0
1500.0,-0.25,1200,1,0.0008333333333333334,1195,0.9958333333333333,25,0,1,569,594,0,1.0,0.04,7.3464326586453,0,10.0,0.4391356489203588,1,3.0,0.41756781082686323,0,2.0,0.9483583382704773,0,3.0,0.2827020143244025,1,18.0
1505.0,-2.0,1204,1,0.0008305647840531562,1199,0.9958471760797342,26,0,8,570,596,0,25.0,0.9615384615384616,7.189182958176085,4,20.0,0.1917215943971953,4,17.0,0.39021819076498165,0,2.0,0.9075015427208463,0,2.0,0.5354281904448318,8,41.0
1510.0,-2.0,1208,1,0.0008278145695364238,1203,0.9958609271523179,28,0,8,570,598,0,45.0,1.6071428571428572,7.414331891602113,6,48.0,0.23960882668061945,1,21.0,0.514015572682394,1,3.0,0.24187926178476918,0,2.0,0.9130270788515485,8,74.0
1515.0,-1.25,1212,1,0.0008250825082508251,1207,0.9958745874587459,30,0,5,572,602,0,39.0,1.3,7.15578351219104,3,57.0,0.35718510064725445,1,9.0,0.3152266039762198,0,3.0,0.5862978552877237,1,4.0,0.596565229815952,5,73.0
1520.0,-0.75,1216,1,0.0008223684210526315,1211,0.9958881578947368,28,0,3,575,603,0,41.0,1.4642857142857142,8.30217811671125,3,49.0,0.4219099006671643,0,6.0,0.2991684551698187,0,2.0,0.9168993607940331,0,0.0,0.22711857325466847,3,57.0
1525.0,0.0,1220,1,0.000819672131147541,1215,0.9959016393442623,28,0,0,578,606,0,0.0,0.0,10.119575303337275,0,29.0,0.3976334816861933,0,0.0,0.7967493683696311,0,0.0,0.7068286145401713,0,2.0,0.8529624414686561,0,31.0
1530.0,-1.25,1224,1,0.0008169934640522876,1219,0.9959150326797386,26,0,5,582,608,0,14.0,0.5384615384615384,10.537337292788864,3,9.0,0.23914724638770513,0,2.0,0.9317643465794347,2,5.0,0.539759296221004,0,2.0,0.9524378952851802,5,18.0
1535.0,-0.75,1228,1,0.0008143322475570033,1223,0.995928338762215,24,0,3,586,610,0,4.0,0.16666666666666666,7.834544367373433,1,12.0,0.20344177486686088,0,2.0,0.9026546659782613,1,7.0,0.3028976180270324,1,4.0,0.4267297059639218,3,25.0
1540.0,-0.75,1232,1,0.0008116883116883117,1227,0.9959415584415584,23,0,3,588,611,0,14.0,0.6086956521739131,7.3330915375003904,1,6.0,1.5737314676551535e-05,1,4.0,0.4027393144970455,1,8.0,0.6348284612482639,0,7.0,0.5914959547387286,3,25.0
1545.0,-1.5,1236,1,0.0008090614886731392,1231,0.9959546925566343,25,0,6,589,614,0,30.0,1.2,7.203193618500002,1,11.0,0.4642824687022114,4,19.0,0.24949628370766436,1,4.0,0.5706355125811066,0,2.0,0.7004178544444385,6,36.0
1550.0,-1.5,1240,1,0.0008064516129032258,1235,0.9959677419354839,25,0,6,589,614,0,41.0,1.64,6.685283127894857,1,16.0,0.4915362667462959,3,28.0,0.10703050168176624,2,12.0,0.46273727275408066,0,2.0,0.27709665572748426,6,58.0
1555.0,-2.0,1244,1,0.0008038585209003215,1239,0.9959807073954984,23,0,8,591,614,0,41.0,1.7826086956521738,5.489500632623866,0,0.0,0.045177463732215165,4,31.0,3.87065760832813e-06,1,11.0,0.07574835479327255,3,11.0,0.00046091535740154293,8,53.0
1560.0,-1.0,1248,1,0.0008012820512820513,1243,0.9959935897435898,22,0,4,595,617,0,23.0,1.0454545454545454,8.244178948961295,1,5.0,0.6551472839678912,1,33.0,0.44070826298520716,2,10.0,8.147210663517318e-05,0,13.0,0.5593521817448546,4,61.0
1565.0,-0.25,1252,1,0.0007987220447284345,1247,0.9960063897763578,19,0,1,599,618,0,10.0,0.5263157894736842,10.499455390700247,1,10.0,0.44611033830591623,0,10.0,0.7504588125844261,0,7.0,0.2627010472537773,0,4.0,0.9333902837225917,1,31.0
1570.0,-0.75,1256,1,0.0007961783439490446,1251,0.9960191082802548,19,0,3,600,619,0,21.0,1.105263157894737,9.730424823479813,2,18.0,0.03443484802241991,1,5.0,0.476528858849274,0,0.0,1.0,0,2.0,0.8347719649397776,3,25.0
1575.0,-0.75,1260,1,0.0007936507936507937,1255,0.996031746031746,20,0,3,601,621,0,8.0,0.4,7.628424921816823,1,10.0,0.5093861354048922,0,0.0,0.0082501237318195,0,0.0,0.9284556489761606,2,6.0,0.32618989859096287,3,16.0
1580.0,-0.75,1264,1,0.0007911392405063291,1259,0.9960443037974683,18,0,3,604,622,0,15.0,0.8333333333333334,7.7652303824427475,1,9.0,0.6372811528538882,1,5.0,0.0,0,2.0,0.8337506948486513,1,7.0,0.070955983691001,3,23.0
1585.0,-0.25,1268,1,0.0007886435331230284,1263,0.9960567823343849,15,0,1,608,623,0,3.0,0.2,9.199746440127871,0,0.0,0.6982302497017501,0,0.0,1.0,1,5.0,0.6922678588301895,0,2.0,0.3577656849918519,1,7.0
1590.0,-0.5,1272,1,0.0007861635220125787,1267,0.9960691823899371,16,0,2,609,625,0,3.0,0.1875,10.137098040570686,1,2.0,0.6160338214325672,0,2.0,0.88357536922337,1,3.0,0.3301748778373386,0,2.0,0.9843861708899357,2,9.0
1595.0,-0.5,1276,1,0.0007836990595611285,1271,0.9960815047021944,16,0,2,611,627,0,9.0,0.5625,10.581801351337798,0,0.0,0.9452718350783171,0,2.0,0.8855893553927109,2,11.0,0.33100814991735544,0,4.0,0.9580860175627286,2,17.0
1600.0,0.0,1280,1,0.00078125,1275,0.99609375,14,0,0,614,628,0,0.0,0.0,8.843858954199577,0,0.0,0.68822778456401,0,2.0,0.4496323585212861,0,8.0,0.7558399872729656,0,2.0,0.9500347575286217,0,12.0
1605.0,-1.0,1284,1,0.000778816199376947,1279,0.9961059190031153,15,0,4,614,629,0,15.0,1.0,7.425059530112566,1,3.0,0.4871521797295223,3,14.0,0.23087169911123398,0,2.0,0.7067421346867856,0,2.0,0.4977770751098701,4,21.0
1610.0,-1.0,1288,1,0.0007763975155279503,1283,0.9961180124223602,15,0,4,615,630,0,17.0,1.1333333333333333,6.773072199104035,1,8.0,0.4478295940315223,0,14.0,0.36361157324409726,1,5.0,0.6452067911514406,2,8.0,0.3319223376113594,4,35.0
1615.0,-0.75,1292,1,0.0007739938080495357,1287,0.9961300309597523,13,0,3,617,630,0,23.0,1.7692307692307692,5.902251304982784,2,15.0,0.0003705865355194052,0,0.0,0.9391870756325851,1,8.0,0.021141754908144048,0,4.0,0.6026144127900592,3,27.0
1620.0,-1.0,1296,1,0.0007716049382716049,1291,0.996141975308642,14,0,4,617,631,0,40.0,2.857142857142857,6.6023660925149,1,18.0,0.4884719042137279,0,0.0,0.12463494727608494,3,22.0,7.946795837179384e-06,0,0.0,0.013124719322169423,4,40.0
1625.0,-1.0,1300,1,0.0007692307692307692,1295,0.9961538461538462,16,0,4,618,634,0,43.0,2.6875,8.10012723711376,1,23.0,0.6649805603659592,1,5.0,0.4859576264018769,1,19.0,0.5223987860102061,1,5.0,0.0,4,52.0
1630.0,-0.5,1304,1,0.0007668711656441718,1299,0.9961656441717791,13,0,2,622,635,0,43.0,3.3076923076923075,8.411408230526137,1,28.0,0.48288332271119205,0,0.0,0.9954378697526053,1,17.0,0.6438169116779199,0,2.0,0.8836827431133483,2,47.0
1635.0,-0.5,1308,1,0.0007645259938837921,1303,0.996177370030581,13,0,2,623,636,0,38.0,2.923076923076923,8.637836371977924,2,38.0,0.4668618740302741,0,0.0,1.0,0,2.0,0.4482783909490121,0,4.0,0.9349220650083746,2,44.0
1640.0,-0.5,1312,1,0.0007621951219512195,1307,0.9961890243902439,14,0,2,623,637,0,5.0,0.35714285714285715,7.334769505600773,0,10.0,0.3736801941372605,0,0.0,0.9196250430027343,1,3.0,0.0006671133112099991,1,6.0,0.488985880734473,2,19.0
1645.0,-0.25,1316,1,0.0007598784194528875,1311,0.9962006079027356,15,0,1,624,639,0,8.0,0.5333333333333333,8.890884458291533,0,0.0,0.7219717290951336,0,2.0,0.8859150279599113,1,8.0,0.0,0,3.0,0.40158544006825886,1,13.0
1650.0,-0.75,1320,1,0.0007575757575757576,1315,0.9962121212121212,16,0,3,625,641,0,18.0,1.125,9.833951925970133,0,0.0,0.9389974744497201,0,2.0,0.8903802661294699,1,13.0,0.0,2,7.0,0.3261750001102479,3,22.0
1655.0,0.0,1324,1,0.0007552870090634441,1319,0.9962235649546828,18,0,0,626,644,0,0.0,0.0,8.11332540385998,0,0.0,0.7046735753635499,0,2.0,0.5463861187637765,0,0.0,1.0,0,4.0,0.29866004157240467,0,6.0
1660.0,-1.25,1328,1,0.0007530120481927711,1323,0.9962349397590361,20,0,5,628,648,0,18.0,0.9,7.6848466837825935,2,6.0,0.6295628763968585,3,14.0,0.2928547358409123,0,0.0,0.8835636525556614,0,2.0,0.909225507014405,5,22.0
1665.0,-1.5,1332,1,0.0007507507507507507,1327,0.9962462462462462,23,0,6,628,651,0,28.0,1.2173913043478262,6.69162317605118,3,18.0,0.3681695699263665,3,24.0,0.3271174027070962,0,0.0,0.8965065473157131,0,2.0,0.9807144383906703,6,44.0
1670.0,-1.75,1336,1,0.0007485029940119761,1331,0.9962574850299402,24,0,7,629,653,0,50.0,2.0833333333333335,6.631836804839906,5,40.0,0.30291559567704973,2,18.0,0.3842288597203298,0,0.0,0.9000960941199367,0,2.0,0.48150511709045984,7,60.0
1675.0,-1.5,1340,1,0.0007462686567164179,1335,0.996268656716418,25,0,6,631,656,0,29.0,1.16,6.111422343465523,4,46.0,0.4158901656394679,1,17.0,0.09469310135764616,0,0.0,0.8912113996604771,1,7.0,0.6505274828250526,6,70.0
1680.0,-1.5,1344,1,0.000744047619047619,1339,0.9962797619047619,27,0,6,632,659,0,50.0,1.8518518518518519,7.608762322013031,3,35.0,0.5403605206872415,3,25.0,5.9430308303170555e-05,0,2.0,0.6540796255414667,0,2.0,0.7402286171084895,6,64.0
1685.0,-0.75,1348,1,0.000741839762611276,1342,0.9955489614243324,29,0,3,634,663,0,9.0,0.3103448275862069,7.986458405229792,2,31.0,0.40061679522753,0,19.0,0.4830945275732288,1,7.0,0.7282792078976226,0,2.0,0.9179456443354633,3,59.0
1690.0,-1.5,1352,1,0.0007396449704142012,1346,0.9955621301775148,29,0,6,634,663,0,24.0,0.8275862068965517,7.085012593672151,4,23.0,0.31439597379542294,0,2.0,0.9007263568560663,1,4.0,0.3110910088898211,1,3.0,0.21707539068127257,6,32.0
1695.0,-2.0,1356,1,0.0007374631268436578,1350,0.995575221238938,28,0,8,635,663,0,33.0,1.1785714285714286,6.010206260502801,4,34.0,0.14295594144693036,1,4.0,0.7736784567059332,3,16.0,0.00014096958496183536,0,7.0,0.5253475627608579,8,61.0
1700.0,-1.25,1360,1,0.0007352941176470588,1354,0.9955882352941177,25,0,5,639,664,0,24.0,0.96,6.2348670030089055,4,35.0,0.13436626148782652,1,9.0,0.3725302687768595,0,16.0,0.5240461149587154,0,2.0,0.7639407864005539,5,62.0
1705.0,-1.75,1364,1,0.0007331378299120235,1358,0.9956011730205279,25,0,7,640,665,0,23.0,0.92,6.436675417671165,4,46.0,0.05219845116243138,3,12.0,0.28497023592283705,0,2.0,0.9047062611386455,0,2.0,0.3840479394138153,7,62.0
1710.0,-2.25,1368,1,0.0007309941520467836,1362,0.9956140350877193,24,0,9,642,666,0,57.0,2.375,7.504061878385708,3,46.0,0.282009384714161,4,34.0,0.4063920934877254,0,0.0,0.7448747751786414,2,10.0,0.43542906993877045,9,90.0
1715.0,-1.25,1372,1,0.0007288629737609329,1366,0.9956268221574344,23,0,5,645,668,0,49.0,2.130434782608696,7.138385938264633,4,64.0,0.3151083250328403,1,34.0,0.44390076275282575,0,0.0,1.0,0,7.0,0.6841980593223257,5,105.0
1720.0,-1.5,1376,1,0.0007267441860465116,1370,0.9956395348837209,22,0,6,647,669,0,64.0,2.909090909090909,6.171942823359735,4,84.0,0.27612398471020055,1,16.0,0.38733131551798056,0,0.0,1.0,1,3.0,0.03140862915162994,6,103.0
1725.0,-1.25,1380,1,0.0007246376811594203,1374,0.9956521739130435,20,0,5,649,669,0,24.0,1.2,5.0013763053837454,3,76.0,0.21664500626057362,2,17.0,0.08720358568396087,0,0.0,1.0,0,1.0,0.12809545522378477,5,94.0
1730.0,-1.25,1384,1,0.000722543352601156,1378,0.9956647398843931,19,0,5,651,670,0,42.0,2.210526315789474,7.865685717773283,1,32.0,0.45827975331984394,4,36.0,0.00014416794979805027,0,2.0,0.8349079998035954,0,2.0,0.9509659646850636,5,72.0
1735.0,-0.5,1388,1,0.0007204610951008645,1382,0.9956772334293948,22,0,2,654,676,0,32.0,1.4545454545454546,9.249780649931925,1,32.0,0.4597685924305699,1,30.0,0.337184385331773,0,2.0,0.8753469350494569,0,2.0,0.9702765143453023,2,66.0
1740.0,-1.25,1392,1,0.0007183908045977011,1386,0.9956896551724138,21,0,5,656,677,0,39.0,1.8571428571428572,8.247989584248117,4,46.0,0.402385931186051,0,9.0,0.8385492399844321,1,4.0,0.5345824196582424,0,0.0,1.0,5,59.0
1745.0,-0.5,1396,1,0.0007163323782234957,1390,0.995702005730659,24,0,2,656,680,0,34.0,1.4166666666666667,6.492831388979904,1,51.0,0.34369605925464886,0,0.0,0.8500977502779843,1,5.0,0.11836912782679332,0,0.0,1.0,2,56.0
1750.0,-1.5,1400,1,0.0007142857142857143,1394,0.9957142857142857,23,0,6,659,682,0,51.0,2.217391304347826,8.206311189370842,2,47.0,0.4740644243004189,1,1.0,0.47520592073739387,3,13.0,0.5370274041138221,0,0.0,1.0,6,61.0
1755.0,0.0,1404,1,0.0007122507122507123,1398,0.9957264957264957,22,0,0,662,684,0,0.0,0.0,8.466791362483088,0,6.0,0.362045191176459,0,0.0,0.7487743454627424,0,14.0,0.6728428148379497,0,0.0,1.0,0,20.0
1760.0,-1.0,1408,1,0.0007102272727272727,1402,0.9957386363636364,22,0,4,664,686,0,9.0,0.4090909090909091,8.977564448722937,3,8.0,0.3706896849679883,0,2.0,0.8263077103352556,1,3.0,0.49770317469960385,0,4.0,0.9276242755852058,4,17.0
1765.0,-0.75,1412,1,0.000708215297450425,1406,0.9957507082152974,22,0,3,666,688,0,4.0,0.18181818181818182,7.954579516934962,1,11.0,0.4337872294869906,0,2.0,0.9001149701457434,2,5.0,0.2455738612201395,0,4.0,0.9366098576462978,3,22.0
1770.0,-1.25,1416,1,0.0007062146892655367,1410,0.9957627118644068,23,0,5,666,689,0,14.0,0.6086956521739131,7.080169954114884,0,1.0,0.5186838285197574,1,3.0,0.3398552386054668,3,14.0,0.4658351704415965,1,4.0,0.24573420539708354,5,22.0
1775.0,-0.5,1420,1,0.0007042253521126761,1414,0.995774647887324,25,0,2,666,691,0,4.0,0.16,7.257685419769029,1,2.0,0.026034255217321212,0,5.0,0.6085813323197062,1,17.0,0.550177679974759,0,4.0,0.17996382677752712,2,28.0
1780.0,-1.5,1424,1,0.0007022471910112359,1418,0.9957865168539326,23,0,6,669,692,0,26.0,1.1304347826086956,7.686524000634115,3,16.0,0.24199893019539045,1,1.0,0.6239254641151949,2,13.0,0.18179727995971065,0,2.0,0.837917288846194,6,32.0
1785.0,-0.5,1428,1,0.0007002801120448179,1422,0.9957983193277311,21,0,2,671,692,0,4.0,0.19047619047619047,7.941565052876384,0,16.0,0.45054661925814177,0,0.0,0.2592937381343176,2,13.0,0.09294891278813028,0,2.0,0.9203687066106863,2,31.0
1790.0,-0.25,1432,1,0.0006983240223463687,1426,0.9958100558659218,20,0,1,675,695,0,7.0,0.35,10.825172567197384,0,0.0,0.03132341681595731,0,0.0,0.6892644531643949,1,11.0,0.6610181257666994,0,2.0,0.9038211427994032,1,13.0
1795.0,-0.5,1436,1,0.0006963788300835655,1430,0.9958217270194986,19,0,2,677,696,0,6.0,0.3157894736842105,10.680806982148619,1,4.0,0.00018338700923974677,0,0.0,0.941844608721683,1,6.0,0.6624548606167565,0,2.0,0.9284066543238764,2,12.0
1800.0,-1.0,1440,1,0.0006944444444444445,1434,0.9958333333333333,18,0,4,680,698,0,21.0,1.1666666666666667,7.9995928835882655,1,9.0,0.0,0,0.0,0.9909733797683006,2,15.0,0.41038531448205817,1,5.0,0.45315848443537926,4,29.0
